Messstelle:                ;Baerental

Werte:
01.01.1958 07:00:00   ;     3,0000
02.01.1958 07:00:00   ;     3,0000
03.01.1958 07:00:00   ;     3,0000
04.01.1958 07:00:00   ;     3,0000
05.01.1958 07:00:00   ;     3,0000
06.01.1958 07:00:00   ;     5,0000
07.01.1958 07:00:00   ;     8,0000
08.01.1958 07:00:00   ;     6,0000
09.01.1958 07:00:00   ;     4,0000
10.01.1958 07:00:00   ;     4,0000
11.01.1958 07:00:00   ;     3,0000
12.01.1958 07:00:00   ;    75,0000
13.01.1958 07:00:00   ;    71,0000
14.01.1958 07:00:00   ;    66,0000
15.01.1958 07:00:00   ;    60,0000
16.01.1958 07:00:00   ;    53,0000
17.01.1958 07:00:00   ;    52,0000
18.01.1958 07:00:00   ;    49,0000
19.01.1958 07:00:00   ;    48,0000
20.01.1958 07:00:00   ;    34,0000
21.01.1958 07:00:00   ;    76,0000
22.01.1958 07:00:00   ;    92,0000
23.01.1958 07:00:00   ;    88,0000
24.01.1958 07:00:00   ;    85,0000
25.01.1958 07:00:00   ;    82,0000
26.01.1958 07:00:00   ;    81,0000
27.01.1958 07:00:00   ;    79,0000
28.01.1958 07:00:00   ;    76,0000
29.01.1958 07:00:00   ;    75,0000
30.01.1958 07:00:00   ;    73,0000
31.01.1958 07:00:00   ;    72,0000
01.02.1958 07:00:00   ;    72,0000
02.02.1958 07:00:00   ;    69,0000
03.02.1958 07:00:00   ;    68,0000
04.02.1958 07:00:00   ;    65,0000
05.02.1958 07:00:00   ;    61,0000
06.02.1958 07:00:00   ;    57,0000
07.02.1958 07:00:00   ;    48,0000
08.02.1958 07:00:00   ;    38,0000
09.02.1958 07:00:00   ;    29,0000
10.02.1958 07:00:00   ;    22,0000
11.02.1958 07:00:00   ;    15,0000
12.02.1958 07:00:00   ;    11,0000
13.02.1958 07:00:00   ;     8,0000
14.02.1958 07:00:00   ;     4,0000
15.02.1958 07:00:00   ;     2,0000
16.02.1958 07:00:00   ;     0,0000
17.02.1958 07:00:00   ;     0,0000
18.02.1958 07:00:00   ;     0,0000
19.02.1958 07:00:00   ;    47,0000
20.02.1958 07:00:00   ;    43,0000
21.02.1958 07:00:00   ;    40,0000
22.02.1958 07:00:00   ;    33,0000
23.02.1958 07:00:00   ;    29,0000
24.02.1958 07:00:00   ;    25,0000
25.02.1958 07:00:00   ;    23,0000
26.02.1958 07:00:00   ;    13,0000
27.02.1958 07:00:00   ;    43,0000
28.02.1958 07:00:00   ;    42,0000
01.03.1958 07:00:00   ;    16,0000
02.03.1958 07:00:00   ;    18,0000
03.03.1958 07:00:00   ;    20,0000
04.03.1958 07:00:00   ;    21,0000
05.03.1958 07:00:00   ;    22,0000
06.03.1958 07:00:00   ;    24,0000
07.03.1958 07:00:00   ;    26,0000
08.03.1958 07:00:00   ;    61,0000
09.03.1958 07:00:00   ;    54,0000
10.03.1958 07:00:00   ;    46,0000
11.03.1958 07:00:00   ;    82,0000
12.03.1958 07:00:00   ;    92,0000
13.03.1958 07:00:00   ;    79,0000
14.03.1958 07:00:00   ;    68,0000
15.03.1958 07:00:00   ;    60,0000
16.03.1958 07:00:00   ;    57,0000
17.03.1958 07:00:00   ;    52,0000
18.03.1958 07:00:00   ;    52,0000
19.03.1958 07:00:00   ;    51,0000
20.03.1958 07:00:00   ;    50,0000
21.03.1958 07:00:00   ;    61,0000
22.03.1958 07:00:00   ;    59,0000
23.03.1958 07:00:00   ;    57,0000
24.03.1958 07:00:00   ;    57,0000
25.03.1958 07:00:00   ;    56,0000
26.03.1958 07:00:00   ;    54,0000
27.03.1958 07:00:00   ;    53,0000
28.03.1958 07:00:00   ;    50,0000
29.03.1958 07:00:00   ;    44,0000
30.03.1958 07:00:00   ;    39,0000
31.03.1958 07:00:00   ;    35,0000
01.04.1958 07:00:00   ;    27,0000
02.04.1958 07:00:00   ;    26,0000
03.04.1958 07:00:00   ;    25,0000
04.04.1958 07:00:00   ;    19,0000
05.04.1958 07:00:00   ;    16,0000
06.04.1958 07:00:00   ;    12,0000
07.04.1958 07:00:00   ;     9,0000
08.04.1958 07:00:00   ;    14,0000
09.04.1958 07:00:00   ;     5,0000
10.04.1958 07:00:00   ;     0,0000
11.04.1958 07:00:00   ;     0,0000
12.04.1958 07:00:00   ;    31,0000
13.04.1958 07:00:00   ;    25,0000
14.04.1958 07:00:00   ;    19,0000
15.04.1958 07:00:00   ;    12,0000
16.04.1958 07:00:00   ;     7,0000
17.04.1958 07:00:00   ;     0,0000
18.04.1958 07:00:00   ;     0,0000
19.04.1958 07:00:00   ;     0,0000
20.04.1958 07:00:00   ;     0,0000
21.04.1958 07:00:00   ;     0,0000
22.04.1958 07:00:00   ;     0,0000
23.04.1958 07:00:00   ;     0,0000
24.04.1958 07:00:00   ;     0,0000
25.04.1958 07:00:00   ;     0,0000
26.04.1958 07:00:00   ;     0,0000
27.04.1958 07:00:00   ;     0,0000
28.04.1958 07:00:00   ;     0,0000
29.04.1958 07:00:00   ;     0,0000
30.04.1958 07:00:00   ;     0,0000
01.05.1958 07:00:00   ;     0,0000
02.05.1958 07:00:00   ;     0,0000
03.05.1958 07:00:00   ;     0,0000
04.05.1958 07:00:00   ;     0,0000
05.05.1958 07:00:00   ;     0,0000
06.05.1958 07:00:00   ;     0,0000
07.05.1958 07:00:00   ;     0,0000
08.05.1958 07:00:00   ;     0,0000
09.05.1958 07:00:00   ;     0,0000
10.05.1958 07:00:00   ;     0,0000
11.05.1958 07:00:00   ;     0,0000
12.05.1958 07:00:00   ;     0,0000
13.05.1958 07:00:00   ;     0,0000
14.05.1958 07:00:00   ;     0,0000
15.05.1958 07:00:00   ;     0,0000
16.05.1958 07:00:00   ;     0,0000
17.05.1958 07:00:00   ;     0,0000
18.05.1958 07:00:00   ;     0,0000
19.05.1958 07:00:00   ;     0,0000
20.05.1958 07:00:00   ;     0,0000
21.05.1958 07:00:00   ;     0,0000
22.05.1958 07:00:00   ;     0,0000
23.05.1958 07:00:00   ;     0,0000
24.05.1958 07:00:00   ;     0,0000
25.05.1958 07:00:00   ;     0,0000
26.05.1958 07:00:00   ;     0,0000
27.05.1958 07:00:00   ;     0,0000
28.05.1958 07:00:00   ;     0,0000
29.05.1958 07:00:00   ;     0,0000
30.05.1958 07:00:00   ;     0,0000
31.05.1958 07:00:00   ;     0,0000
01.06.1958 07:00:00   ;     0,0000
02.06.1958 07:00:00   ;     0,0000
03.06.1958 07:00:00   ;     0,0000
04.06.1958 07:00:00   ;     0,0000
05.06.1958 07:00:00   ;     0,0000
06.06.1958 07:00:00   ;     0,0000
07.06.1958 07:00:00   ;     0,0000
08.06.1958 07:00:00   ;     0,0000
09.06.1958 07:00:00   ;     0,0000
10.06.1958 07:00:00   ;     0,0000
11.06.1958 07:00:00   ;     0,0000
12.06.1958 07:00:00   ;     0,0000
13.06.1958 07:00:00   ;     0,0000
14.06.1958 07:00:00   ;     0,0000
15.06.1958 07:00:00   ;     0,0000
16.06.1958 07:00:00   ;     0,0000
17.06.1958 07:00:00   ;     0,0000
18.06.1958 07:00:00   ;     0,0000
19.06.1958 07:00:00   ;     0,0000
20.06.1958 07:00:00   ;     0,0000
21.06.1958 07:00:00   ;     0,0000
22.06.1958 07:00:00   ;     0,0000
23.06.1958 07:00:00   ;     0,0000
24.06.1958 07:00:00   ;     0,0000
25.06.1958 07:00:00   ;     0,0000
26.06.1958 07:00:00   ;     0,0000
27.06.1958 07:00:00   ;     0,0000
28.06.1958 07:00:00   ;     0,0000
29.06.1958 07:00:00   ;     0,0000
30.06.1958 07:00:00   ;     0,0000
01.07.1958 07:00:00   ;     0,0000
02.07.1958 07:00:00   ;     0,0000
03.07.1958 07:00:00   ;     0,0000
04.07.1958 07:00:00   ;     0,0000
05.07.1958 07:00:00   ;     0,0000
06.07.1958 07:00:00   ;     0,0000
07.07.1958 07:00:00   ;     0,0000
08.07.1958 07:00:00   ;     0,0000
09.07.1958 07:00:00   ;     0,0000
10.07.1958 07:00:00   ;     0,0000
11.07.1958 07:00:00   ;     0,0000
12.07.1958 07:00:00   ;     0,0000
13.07.1958 07:00:00   ;     0,0000
14.07.1958 07:00:00   ;     0,0000
15.07.1958 07:00:00   ;     0,0000
16.07.1958 07:00:00   ;     0,0000
17.07.1958 07:00:00   ;     0,0000
18.07.1958 07:00:00   ;     0,0000
19.07.1958 07:00:00   ;     0,0000
20.07.1958 07:00:00   ;     0,0000
21.07.1958 07:00:00   ;     0,0000
22.07.1958 07:00:00   ;     0,0000
23.07.1958 07:00:00   ;     0,0000
24.07.1958 07:00:00   ;     0,0000
25.07.1958 07:00:00   ;     0,0000
26.07.1958 07:00:00   ;     0,0000
27.07.1958 07:00:00   ;     0,0000
28.07.1958 07:00:00   ;     0,0000
29.07.1958 07:00:00   ;     0,0000
30.07.1958 07:00:00   ;     0,0000
31.07.1958 07:00:00   ;     0,0000
01.08.1958 07:00:00   ;     0,0000
02.08.1958 07:00:00   ;     0,0000
03.08.1958 07:00:00   ;     0,0000
04.08.1958 07:00:00   ;     0,0000
05.08.1958 07:00:00   ;     0,0000
06.08.1958 07:00:00   ;     0,0000
07.08.1958 07:00:00   ;     0,0000
08.08.1958 07:00:00   ;     0,0000
09.08.1958 07:00:00   ;     0,0000
10.08.1958 07:00:00   ;     0,0000
11.08.1958 07:00:00   ;     0,0000
12.08.1958 07:00:00   ;     0,0000
13.08.1958 07:00:00   ;     0,0000
14.08.1958 07:00:00   ;     0,0000
15.08.1958 07:00:00   ;     0,0000
16.08.1958 07:00:00   ;     0,0000
17.08.1958 07:00:00   ;     0,0000
18.08.1958 07:00:00   ;     0,0000
19.08.1958 07:00:00   ;     0,0000
20.08.1958 07:00:00   ;     0,0000
21.08.1958 07:00:00   ;     0,0000
22.08.1958 07:00:00   ;     0,0000
23.08.1958 07:00:00   ;     0,0000
24.08.1958 07:00:00   ;     0,0000
25.08.1958 07:00:00   ;     0,0000
26.08.1958 07:00:00   ;     0,0000
27.08.1958 07:00:00   ;     0,0000
28.08.1958 07:00:00   ;     0,0000
29.08.1958 07:00:00   ;     0,0000
30.08.1958 07:00:00   ;     0,0000
31.08.1958 07:00:00   ;     0,0000
01.09.1958 07:00:00   ;     0,0000
02.09.1958 07:00:00   ;     0,0000
03.09.1958 07:00:00   ;     0,0000
04.09.1958 07:00:00   ;     0,0000
05.09.1958 07:00:00   ;     0,0000
06.09.1958 07:00:00   ;     0,0000
07.09.1958 07:00:00   ;     0,0000
08.09.1958 07:00:00   ;     0,0000
09.09.1958 07:00:00   ;     0,0000
10.09.1958 07:00:00   ;     0,0000
11.09.1958 07:00:00   ;     0,0000
12.09.1958 07:00:00   ;     0,0000
13.09.1958 07:00:00   ;     0,0000
14.09.1958 07:00:00   ;     0,0000
15.09.1958 07:00:00   ;     0,0000
16.09.1958 07:00:00   ;     0,0000
17.09.1958 07:00:00   ;     0,0000
18.09.1958 07:00:00   ;     0,0000
19.09.1958 07:00:00   ;     0,0000
20.09.1958 07:00:00   ;     0,0000
21.09.1958 07:00:00   ;     0,0000
22.09.1958 07:00:00   ;     0,0000
23.09.1958 07:00:00   ;     0,0000
24.09.1958 07:00:00   ;     0,0000
25.09.1958 07:00:00   ;     0,0000
26.09.1958 07:00:00   ;     0,0000
27.09.1958 07:00:00   ;     0,0000
28.09.1958 07:00:00   ;     0,0000
29.09.1958 07:00:00   ;     0,0000
30.09.1958 07:00:00   ;     0,0000
01.10.1958 07:00:00   ;     0,0000
02.10.1958 07:00:00   ;     0,0000
03.10.1958 07:00:00   ;     0,0000
04.10.1958 07:00:00   ;     0,0000
05.10.1958 07:00:00   ;     0,0000
06.10.1958 07:00:00   ;     0,0000
07.10.1958 07:00:00   ;     0,0000
08.10.1958 07:00:00   ;     0,0000
09.10.1958 07:00:00   ;     0,0000
10.10.1958 07:00:00   ;     0,0000
11.10.1958 07:00:00   ;     0,0000
12.10.1958 07:00:00   ;     0,0000
13.10.1958 07:00:00   ;     0,0000
14.10.1958 07:00:00   ;     0,0000
15.10.1958 07:00:00   ;     0,0000
16.10.1958 07:00:00   ;     0,0000
17.10.1958 07:00:00   ;     0,0000
18.10.1958 07:00:00   ;     0,0000
19.10.1958 07:00:00   ;     0,0000
20.10.1958 07:00:00   ;     0,0000
21.10.1958 07:00:00   ;     0,0000
22.10.1958 07:00:00   ;     0,0000
23.10.1958 07:00:00   ;     0,0000
24.10.1958 07:00:00   ;     0,0000
25.10.1958 07:00:00   ;     0,0000
26.10.1958 07:00:00   ;     0,0000
27.10.1958 07:00:00   ;     0,0000
28.10.1958 07:00:00   ;     0,0000
29.10.1958 07:00:00   ;     0,0000
30.10.1958 07:00:00   ;     0,0000
31.10.1958 07:00:00   ;     0,0000
01.11.1958 07:00:00   ;     0,0000
02.11.1958 07:00:00   ;    15,0000
03.11.1958 07:00:00   ;     0,0000
04.11.1958 07:00:00   ;     0,0000
05.11.1958 07:00:00   ;     0,0000
06.11.1958 07:00:00   ;     0,0000
07.11.1958 07:00:00   ;     0,0000
08.11.1958 07:00:00   ;     0,0000
09.11.1958 07:00:00   ;     0,0000
10.11.1958 07:00:00   ;     0,0000
11.11.1958 07:00:00   ;     0,0000
12.11.1958 07:00:00   ;     0,0000
13.11.1958 07:00:00   ;     0,0000
14.11.1958 07:00:00   ;     0,0000
15.11.1958 07:00:00   ;     0,0000
16.11.1958 07:00:00   ;     0,0000
17.11.1958 07:00:00   ;     0,0000
18.11.1958 07:00:00   ;     0,0000
19.11.1958 07:00:00   ;     0,0000
20.11.1958 07:00:00   ;     0,0000
21.11.1958 07:00:00   ;     0,0000
22.11.1958 07:00:00   ;     0,0000
23.11.1958 07:00:00   ;     0,0000
24.11.1958 07:00:00   ;     0,0000
25.11.1958 07:00:00   ;     0,0000
26.11.1958 07:00:00   ;     0,0000
27.11.1958 07:00:00   ;     0,0000
28.11.1958 07:00:00   ;     0,0000
29.11.1958 07:00:00   ;     0,0000
30.11.1958 07:00:00   ;     0,0000
01.12.1958 07:00:00   ;     0,0000
02.12.1958 07:00:00   ;     0,0000
03.12.1958 07:00:00   ;     0,0000
04.12.1958 07:00:00   ;     0,0000
05.12.1958 07:00:00   ;     0,0000
06.12.1958 07:00:00   ;     0,0000
07.12.1958 07:00:00   ;     0,0000
08.12.1958 07:00:00   ;     0,0000
09.12.1958 07:00:00   ;     0,0000
10.12.1958 07:00:00   ;     0,0000
11.12.1958 07:00:00   ;     0,0000
12.12.1958 07:00:00   ;     0,0000
13.12.1958 07:00:00   ;     0,0000
14.12.1958 07:00:00   ;     0,0000
15.12.1958 07:00:00   ;     0,0000
16.12.1958 07:00:00   ;     0,0000
17.12.1958 07:00:00   ;     0,0000
18.12.1958 07:00:00   ;     0,0000
19.12.1958 07:00:00   ;     0,0000
20.12.1958 07:00:00   ;     0,0000
21.12.1958 07:00:00   ;     0,0000
22.12.1958 07:00:00   ;     0,0000
23.12.1958 07:00:00   ;     0,0000
24.12.1958 07:00:00   ;     0,0000
25.12.1958 07:00:00   ;     0,0000
26.12.1958 07:00:00   ;     0,0000
27.12.1958 07:00:00   ;     0,0000
28.12.1958 07:00:00   ;     0,0000
29.12.1958 07:00:00   ;     0,0000
30.12.1958 07:00:00   ;     0,0000
31.12.1958 07:00:00   ;     0,0000
01.01.1959 07:00:00   ;     0,0000
02.01.1959 07:00:00   ;     0,0000
03.01.1959 07:00:00   ;     0,0000
04.01.1959 07:00:00   ;    15,0000
05.01.1959 07:00:00   ;    12,0000
06.01.1959 07:00:00   ;    12,0000
07.01.1959 07:00:00   ;    12,0000
08.01.1959 07:00:00   ;    12,0000
09.01.1959 07:00:00   ;    19,0000
10.01.1959 07:00:00   ;    16,0000
11.01.1959 07:00:00   ;    15,0000
12.01.1959 07:00:00   ;    15,0000
13.01.1959 07:00:00   ;    15,0000
14.01.1959 07:00:00   ;    14,0000
15.01.1959 07:00:00   ;    14,0000
16.01.1959 07:00:00   ;    13,0000
17.01.1959 07:00:00   ;    12,0000
18.01.1959 07:00:00   ;    12,0000
19.01.1959 07:00:00   ;    11,0000
20.01.1959 07:00:00   ;    10,0000
21.01.1959 07:00:00   ;     8,0000
22.01.1959 07:00:00   ;     3,0000
23.01.1959 07:00:00   ;     0,0000
24.01.1959 07:00:00   ;     0,0000
25.01.1959 07:00:00   ;     0,0000
26.01.1959 07:00:00   ;     0,0000
27.01.1959 07:00:00   ;     0,0000
28.01.1959 07:00:00   ;     0,0000
29.01.1959 07:00:00   ;     0,0000
30.01.1959 07:00:00   ;     0,0000
31.01.1959 07:00:00   ;     0,0000
01.02.1959 07:00:00   ;     0,0000
02.02.1959 07:00:00   ;     0,0000
03.02.1959 07:00:00   ;     0,0000
04.02.1959 07:00:00   ;     0,0000
05.02.1959 07:00:00   ;     0,0000
06.02.1959 07:00:00   ;     0,0000
07.02.1959 07:00:00   ;     0,0000
08.02.1959 07:00:00   ;     0,0000
09.02.1959 07:00:00   ;     0,0000
10.02.1959 07:00:00   ;     0,0000
11.02.1959 07:00:00   ;     0,0000
12.02.1959 07:00:00   ;     0,0000
13.02.1959 07:00:00   ;     0,0000
14.02.1959 07:00:00   ;     0,0000
15.02.1959 07:00:00   ;     0,0000
16.02.1959 07:00:00   ;     0,0000
17.02.1959 07:00:00   ;     0,0000
18.02.1959 07:00:00   ;     0,0000
19.02.1959 07:00:00   ;     0,0000
20.02.1959 07:00:00   ;     0,0000
21.02.1959 07:00:00   ;     0,0000
22.02.1959 07:00:00   ;     0,0000
23.02.1959 07:00:00   ;     0,0000
24.02.1959 07:00:00   ;     0,0000
25.02.1959 07:00:00   ;     0,0000
26.02.1959 07:00:00   ;     0,0000
27.02.1959 07:00:00   ;     0,0000
28.02.1959 07:00:00   ;     0,0000
01.03.1959 07:00:00   ;     0,0000
02.03.1959 07:00:00   ;     0,0000
03.03.1959 07:00:00   ;     0,0000
04.03.1959 07:00:00   ;     0,0000
05.03.1959 07:00:00   ;     0,0000
06.03.1959 07:00:00   ;     0,0000
07.03.1959 07:00:00   ;     0,0000
08.03.1959 07:00:00   ;     0,0000
09.03.1959 07:00:00   ;     0,0000
10.03.1959 07:00:00   ;     0,0000
11.03.1959 07:00:00   ;     0,0000
12.03.1959 07:00:00   ;    12,0000
13.03.1959 07:00:00   ;    11,0000
14.03.1959 07:00:00   ;     9,0000
15.03.1959 07:00:00   ;     8,0000
16.03.1959 07:00:00   ;     7,0000
17.03.1959 07:00:00   ;     7,0000
18.03.1959 07:00:00   ;     0,0000
19.03.1959 07:00:00   ;     0,0000
20.03.1959 07:00:00   ;     0,0000
21.03.1959 07:00:00   ;     0,0000
22.03.1959 07:00:00   ;     0,0000
23.03.1959 07:00:00   ;     0,0000
24.03.1959 07:00:00   ;     0,0000
25.03.1959 07:00:00   ;     0,0000
26.03.1959 07:00:00   ;     0,0000
27.03.1959 07:00:00   ;     0,0000
28.03.1959 07:00:00   ;     0,0000
29.03.1959 07:00:00   ;     0,0000
30.03.1959 07:00:00   ;     0,0000
31.03.1959 07:00:00   ;     0,0000
01.04.1959 07:00:00   ;     0,0000
02.04.1959 07:00:00   ;     0,0000
03.04.1959 07:00:00   ;     0,0000
04.04.1959 07:00:00   ;     0,0000
05.04.1959 07:00:00   ;     0,0000
06.04.1959 07:00:00   ;     0,0000
07.04.1959 07:00:00   ;     0,0000
08.04.1959 07:00:00   ;     0,0000
09.04.1959 07:00:00   ;     0,0000
10.04.1959 07:00:00   ;     0,0000
11.04.1959 07:00:00   ;     0,0000
12.04.1959 07:00:00   ;     0,0000
13.04.1959 07:00:00   ;     0,0000
14.04.1959 07:00:00   ;     0,0000
15.04.1959 07:00:00   ;     0,0000
16.04.1959 07:00:00   ;     0,0000
17.04.1959 07:00:00   ;     0,0000
18.04.1959 07:00:00   ;     0,0000
19.04.1959 07:00:00   ;     0,0000
20.04.1959 07:00:00   ;     0,0000
21.04.1959 07:00:00   ;     0,0000
22.04.1959 07:00:00   ;     0,0000
23.04.1959 07:00:00   ;     0,0000
24.04.1959 07:00:00   ;     0,0000
25.04.1959 07:00:00   ;     0,0000
26.04.1959 07:00:00   ;     0,0000
27.04.1959 07:00:00   ;     0,0000
28.04.1959 07:00:00   ;     0,0000
29.04.1959 07:00:00   ;     0,0000
30.04.1959 07:00:00   ;     0,0000
01.05.1959 07:00:00   ;     0,0000
02.05.1959 07:00:00   ;     0,0000
03.05.1959 07:00:00   ;     0,0000
04.05.1959 07:00:00   ;     0,0000
05.05.1959 07:00:00   ;     0,0000
06.05.1959 07:00:00   ;     0,0000
07.05.1959 07:00:00   ;     0,0000
08.05.1959 07:00:00   ;     0,0000
09.05.1959 07:00:00   ;     0,0000
10.05.1959 07:00:00   ;     0,0000
11.05.1959 07:00:00   ;     0,0000
12.05.1959 07:00:00   ;     0,0000
13.05.1959 07:00:00   ;     0,0000
14.05.1959 07:00:00   ;     0,0000
15.05.1959 07:00:00   ;     0,0000
16.05.1959 07:00:00   ;     0,0000
17.05.1959 07:00:00   ;     0,0000
18.05.1959 07:00:00   ;     0,0000
19.05.1959 07:00:00   ;     0,0000
20.05.1959 07:00:00   ;     0,0000
21.05.1959 07:00:00   ;     0,0000
22.05.1959 07:00:00   ;     0,0000
23.05.1959 07:00:00   ;     0,0000
24.05.1959 07:00:00   ;     0,0000
25.05.1959 07:00:00   ;     0,0000
26.05.1959 07:00:00   ;     0,0000
27.05.1959 07:00:00   ;     0,0000
28.05.1959 07:00:00   ;     0,0000
29.05.1959 07:00:00   ;     0,0000
30.05.1959 07:00:00   ;     0,0000
31.05.1959 07:00:00   ;     0,0000
01.06.1959 07:00:00   ;     0,0000
02.06.1959 07:00:00   ;     0,0000
03.06.1959 07:00:00   ;     0,0000
04.06.1959 07:00:00   ;     0,0000
05.06.1959 07:00:00   ;     0,0000
06.06.1959 07:00:00   ;     0,0000
07.06.1959 07:00:00   ;     0,0000
08.06.1959 07:00:00   ;     0,0000
09.06.1959 07:00:00   ;     0,0000
10.06.1959 07:00:00   ;     0,0000
11.06.1959 07:00:00   ;     0,0000
12.06.1959 07:00:00   ;     0,0000
13.06.1959 07:00:00   ;     0,0000
14.06.1959 07:00:00   ;     0,0000
15.06.1959 07:00:00   ;     0,0000
16.06.1959 07:00:00   ;     0,0000
17.06.1959 07:00:00   ;     0,0000
18.06.1959 07:00:00   ;     0,0000
19.06.1959 07:00:00   ;     0,0000
20.06.1959 07:00:00   ;     0,0000
21.06.1959 07:00:00   ;     0,0000
22.06.1959 07:00:00   ;     0,0000
23.06.1959 07:00:00   ;     0,0000
24.06.1959 07:00:00   ;     0,0000
25.06.1959 07:00:00   ;     0,0000
26.06.1959 07:00:00   ;     0,0000
27.06.1959 07:00:00   ;     0,0000
28.06.1959 07:00:00   ;     0,0000
29.06.1959 07:00:00   ;     0,0000
30.06.1959 07:00:00   ;     0,0000
01.07.1959 07:00:00   ;     0,0000
02.07.1959 07:00:00   ;     0,0000
03.07.1959 07:00:00   ;     0,0000
04.07.1959 07:00:00   ;     0,0000
05.07.1959 07:00:00   ;     0,0000
06.07.1959 07:00:00   ;     0,0000
07.07.1959 07:00:00   ;     0,0000
08.07.1959 07:00:00   ;     0,0000
09.07.1959 07:00:00   ;     0,0000
10.07.1959 07:00:00   ;     0,0000
11.07.1959 07:00:00   ;     0,0000
12.07.1959 07:00:00   ;     0,0000
13.07.1959 07:00:00   ;     0,0000
14.07.1959 07:00:00   ;     0,0000
15.07.1959 07:00:00   ;     0,0000
16.07.1959 07:00:00   ;     0,0000
17.07.1959 07:00:00   ;     0,0000
18.07.1959 07:00:00   ;     0,0000
19.07.1959 07:00:00   ;     0,0000
20.07.1959 07:00:00   ;     0,0000
21.07.1959 07:00:00   ;     0,0000
22.07.1959 07:00:00   ;     0,0000
23.07.1959 07:00:00   ;     0,0000
24.07.1959 07:00:00   ;     0,0000
25.07.1959 07:00:00   ;     0,0000
26.07.1959 07:00:00   ;     0,0000
27.07.1959 07:00:00   ;     0,0000
28.07.1959 07:00:00   ;     0,0000
29.07.1959 07:00:00   ;     0,0000
30.07.1959 07:00:00   ;     0,0000
31.07.1959 07:00:00   ;     0,0000
01.08.1959 07:00:00   ;     0,0000
02.08.1959 07:00:00   ;     0,0000
03.08.1959 07:00:00   ;     0,0000
04.08.1959 07:00:00   ;     0,0000
05.08.1959 07:00:00   ;     0,0000
06.08.1959 07:00:00   ;     0,0000
07.08.1959 07:00:00   ;     0,0000
08.08.1959 07:00:00   ;     0,0000
09.08.1959 07:00:00   ;     0,0000
10.08.1959 07:00:00   ;     0,0000
11.08.1959 07:00:00   ;     0,0000
12.08.1959 07:00:00   ;     0,0000
13.08.1959 07:00:00   ;     0,0000
14.08.1959 07:00:00   ;     0,0000
15.08.1959 07:00:00   ;     0,0000
16.08.1959 07:00:00   ;     0,0000
17.08.1959 07:00:00   ;     0,0000
18.08.1959 07:00:00   ;     0,0000
19.08.1959 07:00:00   ;     0,0000
20.08.1959 07:00:00   ;     0,0000
21.08.1959 07:00:00   ;     0,0000
22.08.1959 07:00:00   ;     0,0000
23.08.1959 07:00:00   ;     0,0000
24.08.1959 07:00:00   ;     0,0000
25.08.1959 07:00:00   ;     0,0000
26.08.1959 07:00:00   ;     0,0000
27.08.1959 07:00:00   ;     0,0000
28.08.1959 07:00:00   ;     0,0000
29.08.1959 07:00:00   ;     0,0000
30.08.1959 07:00:00   ;     0,0000
31.08.1959 07:00:00   ;     0,0000
01.09.1959 07:00:00   ;     0,0000
02.09.1959 07:00:00   ;     0,0000
03.09.1959 07:00:00   ;     0,0000
04.09.1959 07:00:00   ;     0,0000
05.09.1959 07:00:00   ;     0,0000
06.09.1959 07:00:00   ;     0,0000
07.09.1959 07:00:00   ;     0,0000
08.09.1959 07:00:00   ;     0,0000
09.09.1959 07:00:00   ;     0,0000
10.09.1959 07:00:00   ;     0,0000
11.09.1959 07:00:00   ;     0,0000
12.09.1959 07:00:00   ;     0,0000
13.09.1959 07:00:00   ;     0,0000
14.09.1959 07:00:00   ;     0,0000
15.09.1959 07:00:00   ;     0,0000
16.09.1959 07:00:00   ;     0,0000
17.09.1959 07:00:00   ;     0,0000
18.09.1959 07:00:00   ;     0,0000
19.09.1959 07:00:00   ;     0,0000
20.09.1959 07:00:00   ;     0,0000
21.09.1959 07:00:00   ;     0,0000
22.09.1959 07:00:00   ;     0,0000
23.09.1959 07:00:00   ;     0,0000
24.09.1959 07:00:00   ;     0,0000
25.09.1959 07:00:00   ;     0,0000
26.09.1959 07:00:00   ;     0,0000
27.09.1959 07:00:00   ;     0,0000
28.09.1959 07:00:00   ;     0,0000
29.09.1959 07:00:00   ;     0,0000
30.09.1959 07:00:00   ;     0,0000
01.10.1959 07:00:00   ;     0,0000
02.10.1959 07:00:00   ;     0,0000
03.10.1959 07:00:00   ;     0,0000
04.10.1959 07:00:00   ;     0,0000
05.10.1959 07:00:00   ;     0,0000
06.10.1959 07:00:00   ;     0,0000
07.10.1959 07:00:00   ;     0,0000
08.10.1959 07:00:00   ;     0,0000
09.10.1959 07:00:00   ;     0,0000
10.10.1959 07:00:00   ;     0,0000
11.10.1959 07:00:00   ;     0,0000
12.10.1959 07:00:00   ;     0,0000
13.10.1959 07:00:00   ;     0,0000
14.10.1959 07:00:00   ;     0,0000
15.10.1959 07:00:00   ;     0,0000
16.10.1959 07:00:00   ;     0,0000
17.10.1959 07:00:00   ;     0,0000
18.10.1959 07:00:00   ;     0,0000
19.10.1959 07:00:00   ;     0,0000
20.10.1959 07:00:00   ;     0,0000
21.10.1959 07:00:00   ;     0,0000
22.10.1959 07:00:00   ;     0,0000
23.10.1959 07:00:00   ;     0,0000
24.10.1959 07:00:00   ;     0,0000
25.10.1959 07:00:00   ;     0,0000
26.10.1959 07:00:00   ;     0,0000
27.10.1959 07:00:00   ;     0,0000
28.10.1959 07:00:00   ;     0,0000
29.10.1959 07:00:00   ;     0,0000
30.10.1959 07:00:00   ;     0,0000
31.10.1959 07:00:00   ;     0,0000
01.11.1959 07:00:00   ;     0,0000
02.11.1959 07:00:00   ;     0,0000
03.11.1959 07:00:00   ;     0,0000
04.11.1959 07:00:00   ;     0,0000
05.11.1959 07:00:00   ;     0,0000
06.11.1959 07:00:00   ;     0,0000
07.11.1959 07:00:00   ;     0,0000
08.11.1959 07:00:00   ;     0,0000
09.11.1959 07:00:00   ;     0,0000
10.11.1959 07:00:00   ;     0,0000
11.11.1959 07:00:00   ;     0,0000
12.11.1959 07:00:00   ;     0,0000
13.11.1959 07:00:00   ;     0,0000
14.11.1959 07:00:00   ;     0,0000
15.11.1959 07:00:00   ;     0,0000
16.11.1959 07:00:00   ;     0,0000
17.11.1959 07:00:00   ;     0,0000
18.11.1959 07:00:00   ;     0,0000
19.11.1959 07:00:00   ;     0,0000
20.11.1959 07:00:00   ;     0,0000
21.11.1959 07:00:00   ;     0,0000
22.11.1959 07:00:00   ;     0,0000
23.11.1959 07:00:00   ;     0,0000
24.11.1959 07:00:00   ;     0,0000
25.11.1959 07:00:00   ;     0,0000
26.11.1959 07:00:00   ;     0,0000
27.11.1959 07:00:00   ;     0,0000
28.11.1959 07:00:00   ;     0,0000
29.11.1959 07:00:00   ;     0,0000
30.11.1959 07:00:00   ;     0,0000
01.12.1959 07:00:00   ;     0,0000
02.12.1959 07:00:00   ;    20,0000
03.12.1959 07:00:00   ;    20,0000
04.12.1959 07:00:00   ;    20,0000
05.12.1959 07:00:00   ;    20,0000
06.12.1959 07:00:00   ;    20,0000
07.12.1959 07:00:00   ;    20,0000
08.12.1959 07:00:00   ;    20,0000
09.12.1959 07:00:00   ;    21,0000
10.12.1959 07:00:00   ;    19,0000
11.12.1959 07:00:00   ;    13,0000
12.12.1959 07:00:00   ;    10,0000
13.12.1959 07:00:00   ;    20,0000
14.12.1959 07:00:00   ;    29,0000
15.12.1959 07:00:00   ;    25,0000
16.12.1959 07:00:00   ;    25,0000
17.12.1959 07:00:00   ;    24,0000
18.12.1959 07:00:00   ;    27,0000
19.12.1959 07:00:00   ;    25,0000
20.12.1959 07:00:00   ;    24,0000
21.12.1959 07:00:00   ;    35,0000
22.12.1959 07:00:00   ;    31,0000
23.12.1959 07:00:00   ;    29,0000
24.12.1959 07:00:00   ;    64,0000
25.12.1959 07:00:00   ;    62,0000
26.12.1959 07:00:00   ;    60,0000
27.12.1959 07:00:00   ;    45,0000
28.12.1959 07:00:00   ;    55,0000
29.12.1959 07:00:00   ;    54,0000
30.12.1959 07:00:00   ;    51,0000
31.12.1959 07:00:00   ;    49,0000
01.01.1960 07:00:00   ;    46,0000
02.01.1960 07:00:00   ;    45,0000
03.01.1960 07:00:00   ;    44,0000
04.01.1960 07:00:00   ;    43,0000
05.01.1960 07:00:00   ;    43,0000
06.01.1960 07:00:00   ;    43,0000
07.01.1960 07:00:00   ;    43,0000
08.01.1960 07:00:00   ;    43,0000
09.01.1960 07:00:00   ;    42,0000
10.01.1960 07:00:00   ;    42,0000
11.01.1960 07:00:00   ;    45,0000
12.01.1960 07:00:00   ;    55,0000
13.01.1960 07:00:00   ;    61,0000
14.01.1960 07:00:00   ;    60,0000
15.01.1960 07:00:00   ;    60,0000
16.01.1960 07:00:00   ;    85,0000
17.01.1960 07:00:00   ;    80,0000
18.01.1960 07:00:00   ;    77,0000
19.01.1960 07:00:00   ;    76,0000
20.01.1960 07:00:00   ;    72,0000
21.01.1960 07:00:00   ;    68,0000
22.01.1960 07:00:00   ;    68,0000
23.01.1960 07:00:00   ;    64,0000
24.01.1960 07:00:00   ;    63,0000
25.01.1960 07:00:00   ;    61,0000
26.01.1960 07:00:00   ;    58,0000
27.01.1960 07:00:00   ;    45,0000
28.01.1960 07:00:00   ;    35,0000
29.01.1960 07:00:00   ;    25,0000
30.01.1960 07:00:00   ;    24,0000
31.01.1960 07:00:00   ;    24,0000
01.02.1960 07:00:00   ;    24,0000
02.02.1960 07:00:00   ;    25,0000
03.02.1960 07:00:00   ;    25,0000
04.02.1960 07:00:00   ;    25,0000
05.02.1960 07:00:00   ;    28,0000
06.02.1960 07:00:00   ;    29,0000
07.02.1960 07:00:00   ;    29,0000
08.02.1960 07:00:00   ;    22,0000
09.02.1960 07:00:00   ;    22,0000
10.02.1960 07:00:00   ;    24,0000
11.02.1960 07:00:00   ;    26,0000
12.02.1960 07:00:00   ;    30,0000
13.02.1960 07:00:00   ;    40,0000
14.02.1960 07:00:00   ;    50,0000
15.02.1960 07:00:00   ;    47,0000
16.02.1960 07:00:00   ;    40,0000
17.02.1960 07:00:00   ;    88,0000
18.02.1960 07:00:00   ;    65,0000
19.02.1960 07:00:00   ;    45,0000
20.02.1960 07:00:00   ;    31,0000
21.02.1960 07:00:00   ;    30,0000
22.02.1960 07:00:00   ;    29,0000
23.02.1960 07:00:00   ;    44,0000
24.02.1960 07:00:00   ;    35,0000
25.02.1960 07:00:00   ;    30,0000
26.02.1960 07:00:00   ;    27,0000
27.02.1960 07:00:00   ;    26,0000
28.02.1960 07:00:00   ;    26,0000
29.02.1960 07:00:00   ;    26,0000
01.03.1960 07:00:00   ;    25,0000
02.03.1960 07:00:00   ;    25,0000
03.03.1960 07:00:00   ;    25,0000
04.03.1960 07:00:00   ;    24,0000
05.03.1960 07:00:00   ;    24,0000
06.03.1960 07:00:00   ;    24,0000
07.03.1960 07:00:00   ;    24,0000
08.03.1960 07:00:00   ;    27,0000
09.03.1960 07:00:00   ;    26,0000
10.03.1960 07:00:00   ;    36,0000
11.03.1960 07:00:00   ;    51,0000
12.03.1960 07:00:00   ;    63,0000
13.03.1960 07:00:00   ;    71,0000
14.03.1960 07:00:00   ;    65,0000
15.03.1960 07:00:00   ;    58,0000
16.03.1960 07:00:00   ;    43,0000
17.03.1960 07:00:00   ;    38,0000
18.03.1960 07:00:00   ;    37,0000
19.03.1960 07:00:00   ;    37,0000
20.03.1960 07:00:00   ;    37,0000
21.03.1960 07:00:00   ;    37,0000
22.03.1960 07:00:00   ;    37,0000
23.03.1960 07:00:00   ;    35,0000
24.03.1960 07:00:00   ;    35,0000
25.03.1960 07:00:00   ;    34,0000
26.03.1960 07:00:00   ;    31,0000
27.03.1960 07:00:00   ;    30,0000
28.03.1960 07:00:00   ;    27,0000
29.03.1960 07:00:00   ;    24,0000
30.03.1960 07:00:00   ;    20,0000
31.03.1960 07:00:00   ;    10,0000
01.04.1960 07:00:00   ;     0,0000
02.04.1960 07:00:00   ;     0,0000
03.04.1960 07:00:00   ;     0,0000
04.04.1960 07:00:00   ;     0,0000
05.04.1960 07:00:00   ;     0,0000
06.04.1960 07:00:00   ;     0,0000
07.04.1960 07:00:00   ;     0,0000
08.04.1960 07:00:00   ;     0,0000
09.04.1960 07:00:00   ;     0,0000
10.04.1960 07:00:00   ;     0,0000
11.04.1960 07:00:00   ;     0,0000
12.04.1960 07:00:00   ;     0,0000
13.04.1960 07:00:00   ;     0,0000
14.04.1960 07:00:00   ;     0,0000
15.04.1960 07:00:00   ;     0,0000
16.04.1960 07:00:00   ;     0,0000
17.04.1960 07:00:00   ;     0,0000
18.04.1960 07:00:00   ;     0,0000
19.04.1960 07:00:00   ;     0,0000
20.04.1960 07:00:00   ;     0,0000
21.04.1960 07:00:00   ;     0,0000
22.04.1960 07:00:00   ;     0,0000
23.04.1960 07:00:00   ;     0,0000
24.04.1960 07:00:00   ;     0,0000
25.04.1960 07:00:00   ;     0,0000
26.04.1960 07:00:00   ;     0,0000
27.04.1960 07:00:00   ;     0,0000
28.04.1960 07:00:00   ;     0,0000
29.04.1960 07:00:00   ;     0,0000
30.04.1960 07:00:00   ;     0,0000
01.05.1960 07:00:00   ;     0,0000
02.05.1960 07:00:00   ;     0,0000
03.05.1960 07:00:00   ;     0,0000
04.05.1960 07:00:00   ;     0,0000
05.05.1960 07:00:00   ;     0,0000
06.05.1960 07:00:00   ;     0,0000
07.05.1960 07:00:00   ;     0,0000
08.05.1960 07:00:00   ;     0,0000
09.05.1960 07:00:00   ;     0,0000
10.05.1960 07:00:00   ;     0,0000
11.05.1960 07:00:00   ;     0,0000
12.05.1960 07:00:00   ;     0,0000
13.05.1960 07:00:00   ;     0,0000
14.05.1960 07:00:00   ;     0,0000
15.05.1960 07:00:00   ;     0,0000
16.05.1960 07:00:00   ;     0,0000
17.05.1960 07:00:00   ;     0,0000
18.05.1960 07:00:00   ;     0,0000
19.05.1960 07:00:00   ;     0,0000
20.05.1960 07:00:00   ;     0,0000
21.05.1960 07:00:00   ;     0,0000
22.05.1960 07:00:00   ;     0,0000
23.05.1960 07:00:00   ;     0,0000
24.05.1960 07:00:00   ;     0,0000
25.05.1960 07:00:00   ;     0,0000
26.05.1960 07:00:00   ;     0,0000
27.05.1960 07:00:00   ;     0,0000
28.05.1960 07:00:00   ;     0,0000
29.05.1960 07:00:00   ;     0,0000
30.05.1960 07:00:00   ;     0,0000
31.05.1960 07:00:00   ;     0,0000
01.06.1960 07:00:00   ;     0,0000
02.06.1960 07:00:00   ;     0,0000
03.06.1960 07:00:00   ;     0,0000
04.06.1960 07:00:00   ;     0,0000
05.06.1960 07:00:00   ;     0,0000
06.06.1960 07:00:00   ;     0,0000
07.06.1960 07:00:00   ;     0,0000
08.06.1960 07:00:00   ;     0,0000
09.06.1960 07:00:00   ;     0,0000
10.06.1960 07:00:00   ;     0,0000
11.06.1960 07:00:00   ;     0,0000
12.06.1960 07:00:00   ;     0,0000
13.06.1960 07:00:00   ;     0,0000
14.06.1960 07:00:00   ;     0,0000
15.06.1960 07:00:00   ;     0,0000
16.06.1960 07:00:00   ;     0,0000
17.06.1960 07:00:00   ;     0,0000
18.06.1960 07:00:00   ;     0,0000
19.06.1960 07:00:00   ;     0,0000
20.06.1960 07:00:00   ;     0,0000
21.06.1960 07:00:00   ;     0,0000
22.06.1960 07:00:00   ;     0,0000
23.06.1960 07:00:00   ;     0,0000
24.06.1960 07:00:00   ;     0,0000
25.06.1960 07:00:00   ;     0,0000
26.06.1960 07:00:00   ;     0,0000
27.06.1960 07:00:00   ;     0,0000
28.06.1960 07:00:00   ;     0,0000
29.06.1960 07:00:00   ;     0,0000
30.06.1960 07:00:00   ;     0,0000
01.07.1960 07:00:00   ;     0,0000
02.07.1960 07:00:00   ;     0,0000
03.07.1960 07:00:00   ;     0,0000
04.07.1960 07:00:00   ;     0,0000
05.07.1960 07:00:00   ;     0,0000
06.07.1960 07:00:00   ;     0,0000
07.07.1960 07:00:00   ;     0,0000
08.07.1960 07:00:00   ;     0,0000
09.07.1960 07:00:00   ;     0,0000
10.07.1960 07:00:00   ;     0,0000
11.07.1960 07:00:00   ;     0,0000
12.07.1960 07:00:00   ;     0,0000
13.07.1960 07:00:00   ;     0,0000
14.07.1960 07:00:00   ;     0,0000
15.07.1960 07:00:00   ;     0,0000
16.07.1960 07:00:00   ;     0,0000
17.07.1960 07:00:00   ;     0,0000
18.07.1960 07:00:00   ;     0,0000
19.07.1960 07:00:00   ;     0,0000
20.07.1960 07:00:00   ;     0,0000
21.07.1960 07:00:00   ;     0,0000
22.07.1960 07:00:00   ;     0,0000
23.07.1960 07:00:00   ;     0,0000
24.07.1960 07:00:00   ;     0,0000
25.07.1960 07:00:00   ;     0,0000
26.07.1960 07:00:00   ;     0,0000
27.07.1960 07:00:00   ;     0,0000
28.07.1960 07:00:00   ;     0,0000
29.07.1960 07:00:00   ;     0,0000
30.07.1960 07:00:00   ;     0,0000
31.07.1960 07:00:00   ;     0,0000
01.08.1960 07:00:00   ;     0,0000
02.08.1960 07:00:00   ;     0,0000
03.08.1960 07:00:00   ;     0,0000
04.08.1960 07:00:00   ;     0,0000
05.08.1960 07:00:00   ;     0,0000
06.08.1960 07:00:00   ;     0,0000
07.08.1960 07:00:00   ;     0,0000
08.08.1960 07:00:00   ;     0,0000
09.08.1960 07:00:00   ;     0,0000
10.08.1960 07:00:00   ;     0,0000
11.08.1960 07:00:00   ;     0,0000
12.08.1960 07:00:00   ;     0,0000
13.08.1960 07:00:00   ;     0,0000
14.08.1960 07:00:00   ;     0,0000
15.08.1960 07:00:00   ;     0,0000
16.08.1960 07:00:00   ;     0,0000
17.08.1960 07:00:00   ;     0,0000
18.08.1960 07:00:00   ;     0,0000
19.08.1960 07:00:00   ;     0,0000
20.08.1960 07:00:00   ;     0,0000
21.08.1960 07:00:00   ;     0,0000
22.08.1960 07:00:00   ;     0,0000
23.08.1960 07:00:00   ;     0,0000
24.08.1960 07:00:00   ;     0,0000
25.08.1960 07:00:00   ;     0,0000
26.08.1960 07:00:00   ;     0,0000
27.08.1960 07:00:00   ;     0,0000
28.08.1960 07:00:00   ;     0,0000
29.08.1960 07:00:00   ;     0,0000
30.08.1960 07:00:00   ;     0,0000
31.08.1960 07:00:00   ;     0,0000
01.09.1960 07:00:00   ;     0,0000
02.09.1960 07:00:00   ;     0,0000
03.09.1960 07:00:00   ;     0,0000
04.09.1960 07:00:00   ;     0,0000
05.09.1960 07:00:00   ;     0,0000
06.09.1960 07:00:00   ;     0,0000
07.09.1960 07:00:00   ;     0,0000
08.09.1960 07:00:00   ;     0,0000
09.09.1960 07:00:00   ;     0,0000
10.09.1960 07:00:00   ;     0,0000
11.09.1960 07:00:00   ;     0,0000
12.09.1960 07:00:00   ;     0,0000
13.09.1960 07:00:00   ;     0,0000
14.09.1960 07:00:00   ;     0,0000
15.09.1960 07:00:00   ;     0,0000
16.09.1960 07:00:00   ;     0,0000
17.09.1960 07:00:00   ;     0,0000
18.09.1960 07:00:00   ;     0,0000
19.09.1960 07:00:00   ;     0,0000
20.09.1960 07:00:00   ;     0,0000
21.09.1960 07:00:00   ;     0,0000
22.09.1960 07:00:00   ;     0,0000
23.09.1960 07:00:00   ;     0,0000
24.09.1960 07:00:00   ;     0,0000
25.09.1960 07:00:00   ;     0,0000
26.09.1960 07:00:00   ;     0,0000
27.09.1960 07:00:00   ;     0,0000
28.09.1960 07:00:00   ;     0,0000
29.09.1960 07:00:00   ;     0,0000
30.09.1960 07:00:00   ;     0,0000
01.10.1960 07:00:00   ;     0,0000
02.10.1960 07:00:00   ;     0,0000
03.10.1960 07:00:00   ;     0,0000
04.10.1960 07:00:00   ;     0,0000
05.10.1960 07:00:00   ;     0,0000
06.10.1960 07:00:00   ;     0,0000
07.10.1960 07:00:00   ;     0,0000
08.10.1960 07:00:00   ;     0,0000
09.10.1960 07:00:00   ;     0,0000
10.10.1960 07:00:00   ;     0,0000
11.10.1960 07:00:00   ;     0,0000
12.10.1960 07:00:00   ;     0,0000
13.10.1960 07:00:00   ;     0,0000
14.10.1960 07:00:00   ;     0,0000
15.10.1960 07:00:00   ;     0,0000
16.10.1960 07:00:00   ;     0,0000
17.10.1960 07:00:00   ;     0,0000
18.10.1960 07:00:00   ;     0,0000
19.10.1960 07:00:00   ;     0,0000
20.10.1960 07:00:00   ;     0,0000
21.10.1960 07:00:00   ;     0,0000
22.10.1960 07:00:00   ;     0,0000
23.10.1960 07:00:00   ;     0,0000
24.10.1960 07:00:00   ;     0,0000
25.10.1960 07:00:00   ;     0,0000
26.10.1960 07:00:00   ;     0,0000
27.10.1960 07:00:00   ;     0,0000
28.10.1960 07:00:00   ;     0,0000
29.10.1960 07:00:00   ;     0,0000
30.10.1960 07:00:00   ;     0,0000
31.10.1960 07:00:00   ;     0,0000
01.11.1960 07:00:00   ;     0,0000
02.11.1960 07:00:00   ;     0,0000
03.11.1960 07:00:00   ;     0,0000
04.11.1960 07:00:00   ;     0,0000
05.11.1960 07:00:00   ;     0,0000
06.11.1960 07:00:00   ;     7,0000
07.11.1960 07:00:00   ;     0,0000
08.11.1960 07:00:00   ;     0,0000
09.11.1960 07:00:00   ;     2,0000
10.11.1960 07:00:00   ;     0,0000
11.11.1960 07:00:00   ;     0,0000
12.11.1960 07:00:00   ;     0,0000
13.11.1960 07:00:00   ;     0,0000
14.11.1960 07:00:00   ;     0,0000
15.11.1960 07:00:00   ;     0,0000
16.11.1960 07:00:00   ;     0,0000
17.11.1960 07:00:00   ;     0,0000
18.11.1960 07:00:00   ;     0,0000
19.11.1960 07:00:00   ;     0,0000
20.11.1960 07:00:00   ;    16,0000
21.11.1960 07:00:00   ;    13,0000
22.11.1960 07:00:00   ;    12,0000
23.11.1960 07:00:00   ;     0,0000
24.11.1960 07:00:00   ;     0,0000
25.11.1960 07:00:00   ;     0,0000
26.11.1960 07:00:00   ;     0,0000
27.11.1960 07:00:00   ;     0,0000
28.11.1960 07:00:00   ;     0,0000
29.11.1960 07:00:00   ;    25,0000
30.11.1960 07:00:00   ;    19,0000
01.12.1960 07:00:00   ;    18,0000
02.12.1960 07:00:00   ;    18,0000
03.12.1960 07:00:00   ;    17,0000
04.12.1960 07:00:00   ;    10,0000
05.12.1960 07:00:00   ;     5,0000
06.12.1960 07:00:00   ;     0,0000
07.12.1960 07:00:00   ;     0,0000
08.12.1960 07:00:00   ;     0,0000
09.12.1960 07:00:00   ;     0,0000
10.12.1960 07:00:00   ;     0,0000
11.12.1960 07:00:00   ;     0,0000
12.12.1960 07:00:00   ;     0,0000
13.12.1960 07:00:00   ;     4,0000
14.12.1960 07:00:00   ;    11,0000
15.12.1960 07:00:00   ;    10,0000
16.12.1960 07:00:00   ;     9,0000
17.12.1960 07:00:00   ;     7,0000
18.12.1960 07:00:00   ;     6,0000
19.12.1960 07:00:00   ;    30,0000
20.12.1960 07:00:00   ;    28,0000
21.12.1960 07:00:00   ;    24,0000
22.12.1960 07:00:00   ;    27,0000
23.12.1960 07:00:00   ;    33,0000
24.12.1960 07:00:00   ;    32,0000
25.12.1960 07:00:00   ;    32,0000
26.12.1960 07:00:00   ;    32,0000
27.12.1960 07:00:00   ;    31,0000
28.12.1960 07:00:00   ;    30,0000
29.12.1960 07:00:00   ;    38,0000
30.12.1960 07:00:00   ;    47,0000
31.12.1960 07:00:00   ;    46,0000
01.01.1961 07:00:00   ;    45,0000
02.01.1961 07:00:00   ;    45,0000
03.01.1961 07:00:00   ;    60,0000
04.01.1961 07:00:00   ;    45,0000
05.01.1961 07:00:00   ;    62,0000
06.01.1961 07:00:00   ;    60,0000
07.01.1961 07:00:00   ;    57,0000
08.01.1961 07:00:00   ;    56,0000
09.01.1961 07:00:00   ;    55,0000
10.01.1961 07:00:00   ;    55,0000
11.01.1961 07:00:00   ;    55,0000
12.01.1961 07:00:00   ;    55,0000
13.01.1961 07:00:00   ;    68,0000
14.01.1961 07:00:00   ;    67,0000
15.01.1961 07:00:00   ;    65,0000
16.01.1961 07:00:00   ;    64,0000
17.01.1961 07:00:00   ;    63,0000
18.01.1961 07:00:00   ;    63,0000
19.01.1961 07:00:00   ;    63,0000
20.01.1961 07:00:00   ;    63,0000
21.01.1961 07:00:00   ;    63,0000
22.01.1961 07:00:00   ;    63,0000
23.01.1961 07:00:00   ;    63,0000
24.01.1961 07:00:00   ;    62,0000
25.01.1961 07:00:00   ;    62,0000
26.01.1961 07:00:00   ;    62,0000
27.01.1961 07:00:00   ;    62,0000
28.01.1961 07:00:00   ;    62,0000
29.01.1961 07:00:00   ;    62,0000
30.01.1961 07:00:00   ;    62,0000
31.01.1961 07:00:00   ;    62,0000
01.02.1961 07:00:00   ;    62,0000
02.02.1961 07:00:00   ;    62,0000
03.02.1961 07:00:00   ;    73,0000
04.02.1961 07:00:00   ;    72,0000
05.02.1961 07:00:00   ;    71,0000
06.02.1961 07:00:00   ;    69,0000
07.02.1961 07:00:00   ;    69,0000
08.02.1961 07:00:00   ;    76,0000
09.02.1961 07:00:00   ;    73,0000
10.02.1961 07:00:00   ;    70,0000
11.02.1961 07:00:00   ;    68,0000
12.02.1961 07:00:00   ;    68,0000
13.02.1961 07:00:00   ;    69,0000
14.02.1961 07:00:00   ;    66,0000
15.02.1961 07:00:00   ;    66,0000
16.02.1961 07:00:00   ;    65,0000
17.02.1961 07:00:00   ;    64,0000
18.02.1961 07:00:00   ;    63,0000
19.02.1961 07:00:00   ;    63,0000
20.02.1961 07:00:00   ;    62,0000
21.02.1961 07:00:00   ;    61,0000
22.02.1961 07:00:00   ;    61,0000
23.02.1961 07:00:00   ;    61,0000
24.02.1961 07:00:00   ;    60,0000
25.02.1961 07:00:00   ;    60,0000
26.02.1961 07:00:00   ;    60,0000
27.02.1961 07:00:00   ;    58,0000
28.02.1961 07:00:00   ;    56,0000
01.03.1961 07:00:00   ;    57,0000
02.03.1961 07:00:00   ;    55,0000
03.03.1961 07:00:00   ;    54,0000
04.03.1961 07:00:00   ;    54,0000
05.03.1961 07:00:00   ;    53,0000
06.03.1961 07:00:00   ;    52,0000
07.03.1961 07:00:00   ;    50,0000
08.03.1961 07:00:00   ;    48,0000
09.03.1961 07:00:00   ;    45,0000
10.03.1961 07:00:00   ;    42,0000
11.03.1961 07:00:00   ;    37,0000
12.03.1961 07:00:00   ;    32,0000
13.03.1961 07:00:00   ;    30,0000
14.03.1961 07:00:00   ;    27,0000
15.03.1961 07:00:00   ;    26,0000
16.03.1961 07:00:00   ;    24,0000
17.03.1961 07:00:00   ;    23,0000
18.03.1961 07:00:00   ;    21,0000
19.03.1961 07:00:00   ;    17,0000
20.03.1961 07:00:00   ;    50,0000
21.03.1961 07:00:00   ;    45,0000
22.03.1961 07:00:00   ;    40,0000
23.03.1961 07:00:00   ;    35,0000
24.03.1961 07:00:00   ;    28,0000
25.03.1961 07:00:00   ;    25,0000
26.03.1961 07:00:00   ;    20,0000
27.03.1961 07:00:00   ;    16,0000
28.03.1961 07:00:00   ;    12,0000
29.03.1961 07:00:00   ;    12,0000
30.03.1961 07:00:00   ;    10,0000
31.03.1961 07:00:00   ;     0,0000
01.04.1961 07:00:00   ;     0,0000
02.04.1961 07:00:00   ;     0,0000
03.04.1961 07:00:00   ;     0,0000
04.04.1961 07:00:00   ;     0,0000
05.04.1961 07:00:00   ;     0,0000
06.04.1961 07:00:00   ;     0,0000
07.04.1961 07:00:00   ;     0,0000
08.04.1961 07:00:00   ;     0,0000
09.04.1961 07:00:00   ;     0,0000
10.04.1961 07:00:00   ;     0,0000
11.04.1961 07:00:00   ;     0,0000
12.04.1961 07:00:00   ;     0,0000
13.04.1961 07:00:00   ;     0,0000
14.04.1961 07:00:00   ;     0,0000
15.04.1961 07:00:00   ;     0,0000
16.04.1961 07:00:00   ;     0,0000
17.04.1961 07:00:00   ;     0,0000
18.04.1961 07:00:00   ;     0,0000
19.04.1961 07:00:00   ;     0,0000
20.04.1961 07:00:00   ;     0,0000
21.04.1961 07:00:00   ;     0,0000
22.04.1961 07:00:00   ;     0,0000
23.04.1961 07:00:00   ;     0,0000
24.04.1961 07:00:00   ;     0,0000
25.04.1961 07:00:00   ;     0,0000
26.04.1961 07:00:00   ;     0,0000
27.04.1961 07:00:00   ;     0,0000
28.04.1961 07:00:00   ;     0,0000
29.04.1961 07:00:00   ;     0,0000
30.04.1961 07:00:00   ;     0,0000
01.05.1961 07:00:00   ;     0,0000
02.05.1961 07:00:00   ;     0,0000
03.05.1961 07:00:00   ;     0,0000
04.05.1961 07:00:00   ;     0,0000
05.05.1961 07:00:00   ;     0,0000
06.05.1961 07:00:00   ;     0,0000
07.05.1961 07:00:00   ;     0,0000
08.05.1961 07:00:00   ;     0,0000
09.05.1961 07:00:00   ;     0,0000
10.05.1961 07:00:00   ;     0,0000
11.05.1961 07:00:00   ;     0,0000
12.05.1961 07:00:00   ;     0,0000
13.05.1961 07:00:00   ;     0,0000
14.05.1961 07:00:00   ;     0,0000
15.05.1961 07:00:00   ;     0,0000
16.05.1961 07:00:00   ;     0,0000
17.05.1961 07:00:00   ;     0,0000
18.05.1961 07:00:00   ;     0,0000
19.05.1961 07:00:00   ;     0,0000
20.05.1961 07:00:00   ;     0,0000
21.05.1961 07:00:00   ;     0,0000
22.05.1961 07:00:00   ;     0,0000
23.05.1961 07:00:00   ;     0,0000
24.05.1961 07:00:00   ;     0,0000
25.05.1961 07:00:00   ;     0,0000
26.05.1961 07:00:00   ;     0,0000
27.05.1961 07:00:00   ;     0,0000
28.05.1961 07:00:00   ;     0,0000
29.05.1961 07:00:00   ;     0,0000
30.05.1961 07:00:00   ;     0,0000
31.05.1961 07:00:00   ;     0,0000
01.06.1961 07:00:00   ;     0,0000
02.06.1961 07:00:00   ;     0,0000
03.06.1961 07:00:00   ;     0,0000
04.06.1961 07:00:00   ;     0,0000
05.06.1961 07:00:00   ;     0,0000
06.06.1961 07:00:00   ;     0,0000
07.06.1961 07:00:00   ;     0,0000
08.06.1961 07:00:00   ;     0,0000
09.06.1961 07:00:00   ;     0,0000
10.06.1961 07:00:00   ;     0,0000
11.06.1961 07:00:00   ;     0,0000
12.06.1961 07:00:00   ;     0,0000
13.06.1961 07:00:00   ;     0,0000
14.06.1961 07:00:00   ;     0,0000
15.06.1961 07:00:00   ;     0,0000
16.06.1961 07:00:00   ;     0,0000
17.06.1961 07:00:00   ;     0,0000
18.06.1961 07:00:00   ;     0,0000
19.06.1961 07:00:00   ;     0,0000
20.06.1961 07:00:00   ;     0,0000
21.06.1961 07:00:00   ;     0,0000
22.06.1961 07:00:00   ;     0,0000
23.06.1961 07:00:00   ;     0,0000
24.06.1961 07:00:00   ;     0,0000
25.06.1961 07:00:00   ;     0,0000
26.06.1961 07:00:00   ;     0,0000
27.06.1961 07:00:00   ;     0,0000
28.06.1961 07:00:00   ;     0,0000
29.06.1961 07:00:00   ;     0,0000
30.06.1961 07:00:00   ;     0,0000
01.07.1961 07:00:00   ;     0,0000
02.07.1961 07:00:00   ;     0,0000
03.07.1961 07:00:00   ;     0,0000
04.07.1961 07:00:00   ;     0,0000
05.07.1961 07:00:00   ;     0,0000
06.07.1961 07:00:00   ;     0,0000
07.07.1961 07:00:00   ;     0,0000
08.07.1961 07:00:00   ;     0,0000
09.07.1961 07:00:00   ;     0,0000
10.07.1961 07:00:00   ;     0,0000
11.07.1961 07:00:00   ;     0,0000
12.07.1961 07:00:00   ;     0,0000
13.07.1961 07:00:00   ;     0,0000
14.07.1961 07:00:00   ;     0,0000
15.07.1961 07:00:00   ;     0,0000
16.07.1961 07:00:00   ;     0,0000
17.07.1961 07:00:00   ;     0,0000
18.07.1961 07:00:00   ;     0,0000
19.07.1961 07:00:00   ;     0,0000
20.07.1961 07:00:00   ;     0,0000
21.07.1961 07:00:00   ;     0,0000
22.07.1961 07:00:00   ;     0,0000
23.07.1961 07:00:00   ;     0,0000
24.07.1961 07:00:00   ;     0,0000
25.07.1961 07:00:00   ;     0,0000
26.07.1961 07:00:00   ;     0,0000
27.07.1961 07:00:00   ;     0,0000
28.07.1961 07:00:00   ;     0,0000
29.07.1961 07:00:00   ;     0,0000
30.07.1961 07:00:00   ;     0,0000
31.07.1961 07:00:00   ;     0,0000
01.08.1961 07:00:00   ;     0,0000
02.08.1961 07:00:00   ;     0,0000
03.08.1961 07:00:00   ;     0,0000
04.08.1961 07:00:00   ;     0,0000
05.08.1961 07:00:00   ;     0,0000
06.08.1961 07:00:00   ;     0,0000
07.08.1961 07:00:00   ;     0,0000
08.08.1961 07:00:00   ;     0,0000
09.08.1961 07:00:00   ;     0,0000
10.08.1961 07:00:00   ;     0,0000
11.08.1961 07:00:00   ;     0,0000
12.08.1961 07:00:00   ;     0,0000
13.08.1961 07:00:00   ;     0,0000
14.08.1961 07:00:00   ;     0,0000
15.08.1961 07:00:00   ;     0,0000
16.08.1961 07:00:00   ;     0,0000
17.08.1961 07:00:00   ;     0,0000
18.08.1961 07:00:00   ;     0,0000
19.08.1961 07:00:00   ;     0,0000
20.08.1961 07:00:00   ;     0,0000
21.08.1961 07:00:00   ;     0,0000
22.08.1961 07:00:00   ;     0,0000
23.08.1961 07:00:00   ;     0,0000
24.08.1961 07:00:00   ;     0,0000
25.08.1961 07:00:00   ;     0,0000
26.08.1961 07:00:00   ;     0,0000
27.08.1961 07:00:00   ;     0,0000
28.08.1961 07:00:00   ;     0,0000
29.08.1961 07:00:00   ;     0,0000
30.08.1961 07:00:00   ;     0,0000
31.08.1961 07:00:00   ;     0,0000
01.09.1961 07:00:00   ;     0,0000
02.09.1961 07:00:00   ;     0,0000
03.09.1961 07:00:00   ;     0,0000
04.09.1961 07:00:00   ;     0,0000
05.09.1961 07:00:00   ;     0,0000
06.09.1961 07:00:00   ;     0,0000
07.09.1961 07:00:00   ;     0,0000
08.09.1961 07:00:00   ;     0,0000
09.09.1961 07:00:00   ;     0,0000
10.09.1961 07:00:00   ;     0,0000
11.09.1961 07:00:00   ;     0,0000
12.09.1961 07:00:00   ;     0,0000
13.09.1961 07:00:00   ;     0,0000
14.09.1961 07:00:00   ;     0,0000
15.09.1961 07:00:00   ;     0,0000
16.09.1961 07:00:00   ;     0,0000
17.09.1961 07:00:00   ;     0,0000
18.09.1961 07:00:00   ;     0,0000
19.09.1961 07:00:00   ;     0,0000
20.09.1961 07:00:00   ;     0,0000
21.09.1961 07:00:00   ;     0,0000
22.09.1961 07:00:00   ;     0,0000
23.09.1961 07:00:00   ;     0,0000
24.09.1961 07:00:00   ;     0,0000
25.09.1961 07:00:00   ;     0,0000
26.09.1961 07:00:00   ;     0,0000
27.09.1961 07:00:00   ;     0,0000
28.09.1961 07:00:00   ;     0,0000
29.09.1961 07:00:00   ;     0,0000
30.09.1961 07:00:00   ;     0,0000
01.10.1961 07:00:00   ;     0,0000
02.10.1961 07:00:00   ;     0,0000
03.10.1961 07:00:00   ;     0,0000
04.10.1961 07:00:00   ;     0,0000
05.10.1961 07:00:00   ;     0,0000
06.10.1961 07:00:00   ;     0,0000
07.10.1961 07:00:00   ;     0,0000
08.10.1961 07:00:00   ;     0,0000
09.10.1961 07:00:00   ;     0,0000
10.10.1961 07:00:00   ;     0,0000
11.10.1961 07:00:00   ;     0,0000
12.10.1961 07:00:00   ;     0,0000
13.10.1961 07:00:00   ;     0,0000
14.10.1961 07:00:00   ;     0,0000
15.10.1961 07:00:00   ;     0,0000
16.10.1961 07:00:00   ;     0,0000
17.10.1961 07:00:00   ;     0,0000
18.10.1961 07:00:00   ;     0,0000
19.10.1961 07:00:00   ;     0,0000
20.10.1961 07:00:00   ;     0,0000
21.10.1961 07:00:00   ;     0,0000
22.10.1961 07:00:00   ;     0,0000
23.10.1961 07:00:00   ;     0,0000
24.10.1961 07:00:00   ;     0,0000
25.10.1961 07:00:00   ;     0,0000
26.10.1961 07:00:00   ;     0,0000
27.10.1961 07:00:00   ;     0,0000
28.10.1961 07:00:00   ;     0,0000
29.10.1961 07:00:00   ;     0,0000
30.10.1961 07:00:00   ;     0,0000
31.10.1961 07:00:00   ;     0,0000
01.11.1961 07:00:00   ;     0,0000
02.11.1961 07:00:00   ;     0,0000
03.11.1961 07:00:00   ;     0,0000
04.11.1961 07:00:00   ;     0,0000
05.11.1961 07:00:00   ;    35,0000
06.11.1961 07:00:00   ;    55,0000
07.11.1961 07:00:00   ;    41,0000
08.11.1961 07:00:00   ;    36,0000
09.11.1961 07:00:00   ;    27,0000
10.11.1961 07:00:00   ;    16,0000
11.11.1961 07:00:00   ;    12,0000
12.11.1961 07:00:00   ;     7,0000
13.11.1961 07:00:00   ;     2,0000
14.11.1961 07:00:00   ;     0,0000
15.11.1961 07:00:00   ;     0,0000
16.11.1961 07:00:00   ;     0,0000
17.11.1961 07:00:00   ;     0,0000
18.11.1961 07:00:00   ;     0,0000
19.11.1961 07:00:00   ;     0,0000
20.11.1961 07:00:00   ;     0,0000
21.11.1961 07:00:00   ;     0,0000
22.11.1961 07:00:00   ;     0,0000
23.11.1961 07:00:00   ;     0,0000
24.11.1961 07:00:00   ;     0,0000
25.11.1961 07:00:00   ;     0,0000
26.11.1961 07:00:00   ;     0,0000
27.11.1961 07:00:00   ;     0,0000
28.11.1961 07:00:00   ;     0,0000
29.11.1961 07:00:00   ;     0,0000
30.11.1961 07:00:00   ;     0,0000
01.12.1961 07:00:00   ;     0,0000
02.12.1961 07:00:00   ;     0,0000
03.12.1961 07:00:00   ;     0,0000
04.12.1961 07:00:00   ;     0,0000
05.12.1961 07:00:00   ;     0,0000
06.12.1961 07:00:00   ;     0,0000
07.12.1961 07:00:00   ;    58,0000
08.12.1961 07:00:00   ;    53,0000
09.12.1961 07:00:00   ;    50,0000
10.12.1961 07:00:00   ;    48,0000
11.12.1961 07:00:00   ;    44,0000
12.12.1961 07:00:00   ;    35,0000
13.12.1961 07:00:00   ;    32,0000
14.12.1961 07:00:00   ;    31,0000
15.12.1961 07:00:00   ;    33,0000
16.12.1961 07:00:00   ;    33,0000
17.12.1961 07:00:00   ;    33,0000
18.12.1961 07:00:00   ;    33,0000
19.12.1961 07:00:00   ;    33,0000
20.12.1961 07:00:00   ;    32,0000
21.12.1961 07:00:00   ;    32,0000
22.12.1961 07:00:00   ;    32,0000
23.12.1961 07:00:00   ;    32,0000
24.12.1961 07:00:00   ;    42,0000
25.12.1961 07:00:00   ;    40,0000
26.12.1961 07:00:00   ;    39,0000
27.12.1961 07:00:00   ;    39,0000
28.12.1961 07:00:00   ;    38,0000
29.12.1961 07:00:00   ;    38,0000
30.12.1961 07:00:00   ;    38,0000
31.12.1961 07:00:00   ;    31,0000
01.01.1962 07:00:00   ;    20,0000
02.01.1962 07:00:00   ;    19,0000
03.01.1962 07:00:00   ;    19,0000
04.01.1962 07:00:00   ;    19,0000
05.01.1962 07:00:00   ;    19,0000
06.01.1962 07:00:00   ;    18,0000
07.01.1962 07:00:00   ;    18,0000
08.01.1962 07:00:00   ;    18,0000
09.01.1962 07:00:00   ;    18,0000
10.01.1962 07:00:00   ;    15,0000
11.01.1962 07:00:00   ;    15,0000
12.01.1962 07:00:00   ;    35,0000
13.01.1962 07:00:00   ;    30,0000
14.01.1962 07:00:00   ;    39,0000
15.01.1962 07:00:00   ;    36,0000
16.01.1962 07:00:00   ;    36,0000
17.01.1962 07:00:00   ;    36,0000
18.01.1962 07:00:00   ;    35,0000
19.01.1962 07:00:00   ;    35,0000
20.01.1962 07:00:00   ;    33,0000
21.01.1962 07:00:00   ;    32,0000
22.01.1962 07:00:00   ;    32,0000
23.01.1962 07:00:00   ;    40,0000
24.01.1962 07:00:00   ;    40,0000
25.01.1962 07:00:00   ;    39,0000
26.01.1962 07:00:00   ;    37,0000
27.01.1962 07:00:00   ;    36,0000
28.01.1962 07:00:00   ;    35,0000
29.01.1962 07:00:00   ;    33,0000
30.01.1962 07:00:00   ;    33,0000
31.01.1962 07:00:00   ;    33,0000
01.02.1962 07:00:00   ;    33,0000
02.02.1962 07:00:00   ;    33,0000
03.02.1962 07:00:00   ;    33,0000
04.02.1962 07:00:00   ;    33,0000
05.02.1962 07:00:00   ;    33,0000
06.02.1962 07:00:00   ;    33,0000
07.02.1962 07:00:00   ;    32,0000
08.02.1962 07:00:00   ;    30,0000
09.02.1962 07:00:00   ;    36,0000
10.02.1962 07:00:00   ;    36,0000
11.02.1962 07:00:00   ;    36,0000
12.02.1962 07:00:00   ;    36,0000
13.02.1962 07:00:00   ;    35,0000
14.02.1962 07:00:00   ;    47,0000
15.02.1962 07:00:00   ;    46,0000
16.02.1962 07:00:00   ;    46,0000
17.02.1962 07:00:00   ;    45,0000
18.02.1962 07:00:00   ;    43,0000
19.02.1962 07:00:00   ;    41,0000
20.02.1962 07:00:00   ;    41,0000
21.02.1962 07:00:00   ;    39,0000
22.02.1962 07:00:00   ;    39,0000
23.02.1962 07:00:00   ;    38,0000
24.02.1962 07:00:00   ;    38,0000
25.02.1962 07:00:00   ;    38,0000
26.02.1962 07:00:00   ;    38,0000
27.02.1962 07:00:00   ;    52,0000
28.02.1962 07:00:00   ;    50,0000
01.03.1962 07:00:00   ;    48,0000
02.03.1962 07:00:00   ;    60,0000
03.03.1962 07:00:00   ;    49,0000
04.03.1962 07:00:00   ;    40,0000
05.03.1962 07:00:00   ;    39,0000
06.03.1962 07:00:00   ;    30,0000
07.03.1962 07:00:00   ;    59,0000
08.03.1962 07:00:00   ;    56,0000
09.03.1962 07:00:00   ;    55,0000
10.03.1962 07:00:00   ;    54,0000
11.03.1962 07:00:00   ;    45,0000
12.03.1962 07:00:00   ;    43,0000
13.03.1962 07:00:00   ;    40,0000
14.03.1962 07:00:00   ;    40,0000
15.03.1962 07:00:00   ;    40,0000
16.03.1962 07:00:00   ;    40,0000
17.03.1962 07:00:00   ;    40,0000
18.03.1962 07:00:00   ;    40,0000
19.03.1962 07:00:00   ;    39,0000
20.03.1962 07:00:00   ;    39,0000
21.03.1962 07:00:00   ;    39,0000
22.03.1962 07:00:00   ;    39,0000
23.03.1962 07:00:00   ;    39,0000
24.03.1962 07:00:00   ;    39,0000
25.03.1962 07:00:00   ;    45,0000
26.03.1962 07:00:00   ;    42,0000
27.03.1962 07:00:00   ;    41,0000
28.03.1962 07:00:00   ;    40,0000
29.03.1962 07:00:00   ;    30,0000
30.03.1962 07:00:00   ;    25,0000
31.03.1962 07:00:00   ;    15,0000
01.04.1962 07:00:00   ;     0,0000
02.04.1962 07:00:00   ;     0,0000
03.04.1962 07:00:00   ;     0,0000
04.04.1962 07:00:00   ;     0,0000
05.04.1962 07:00:00   ;     0,0000
06.04.1962 07:00:00   ;     0,0000
07.04.1962 07:00:00   ;     0,0000
08.04.1962 07:00:00   ;     0,0000
09.04.1962 07:00:00   ;     0,0000
10.04.1962 07:00:00   ;     0,0000
11.04.1962 07:00:00   ;     0,0000
12.04.1962 07:00:00   ;     0,0000
13.04.1962 07:00:00   ;     0,0000
14.04.1962 07:00:00   ;     0,0000
15.04.1962 07:00:00   ;     0,0000
16.04.1962 07:00:00   ;     0,0000
17.04.1962 07:00:00   ;     0,0000
18.04.1962 07:00:00   ;     0,0000
19.04.1962 07:00:00   ;     0,0000
20.04.1962 07:00:00   ;     0,0000
21.04.1962 07:00:00   ;     0,0000
22.04.1962 07:00:00   ;     0,0000
23.04.1962 07:00:00   ;     0,0000
24.04.1962 07:00:00   ;     0,0000
25.04.1962 07:00:00   ;     0,0000
26.04.1962 07:00:00   ;     0,0000
27.04.1962 07:00:00   ;     0,0000
28.04.1962 07:00:00   ;     0,0000
29.04.1962 07:00:00   ;     0,0000
30.04.1962 07:00:00   ;     0,0000
01.05.1962 07:00:00   ;     0,0000
02.05.1962 07:00:00   ;     0,0000
03.05.1962 07:00:00   ;     0,0000
04.05.1962 07:00:00   ;     0,0000
05.05.1962 07:00:00   ;     0,0000
06.05.1962 07:00:00   ;     0,0000
07.05.1962 07:00:00   ;     0,0000
08.05.1962 07:00:00   ;     0,0000
09.05.1962 07:00:00   ;     0,0000
10.05.1962 07:00:00   ;     0,0000
11.05.1962 07:00:00   ;     0,0000
12.05.1962 07:00:00   ;     0,0000
13.05.1962 07:00:00   ;     0,0000
14.05.1962 07:00:00   ;     0,0000
15.05.1962 07:00:00   ;     0,0000
16.05.1962 07:00:00   ;     0,0000
17.05.1962 07:00:00   ;     0,0000
18.05.1962 07:00:00   ;     0,0000
19.05.1962 07:00:00   ;     0,0000
20.05.1962 07:00:00   ;     0,0000
21.05.1962 07:00:00   ;     0,0000
22.05.1962 07:00:00   ;     0,0000
23.05.1962 07:00:00   ;     0,0000
24.05.1962 07:00:00   ;     0,0000
25.05.1962 07:00:00   ;     0,0000
26.05.1962 07:00:00   ;     0,0000
27.05.1962 07:00:00   ;     0,0000
28.05.1962 07:00:00   ;     0,0000
29.05.1962 07:00:00   ;     0,0000
30.05.1962 07:00:00   ;     0,0000
31.05.1962 07:00:00   ;     0,0000
01.06.1962 07:00:00   ;     0,0000
02.06.1962 07:00:00   ;     0,0000
03.06.1962 07:00:00   ;     0,0000
04.06.1962 07:00:00   ;     0,0000
05.06.1962 07:00:00   ;     0,0000
06.06.1962 07:00:00   ;     0,0000
07.06.1962 07:00:00   ;     0,0000
08.06.1962 07:00:00   ;     0,0000
09.06.1962 07:00:00   ;     0,0000
10.06.1962 07:00:00   ;     0,0000
11.06.1962 07:00:00   ;     0,0000
12.06.1962 07:00:00   ;     0,0000
13.06.1962 07:00:00   ;     0,0000
14.06.1962 07:00:00   ;     0,0000
15.06.1962 07:00:00   ;     0,0000
16.06.1962 07:00:00   ;     0,0000
17.06.1962 07:00:00   ;     0,0000
18.06.1962 07:00:00   ;     0,0000
19.06.1962 07:00:00   ;     0,0000
20.06.1962 07:00:00   ;     0,0000
21.06.1962 07:00:00   ;     0,0000
22.06.1962 07:00:00   ;     0,0000
23.06.1962 07:00:00   ;     0,0000
24.06.1962 07:00:00   ;     0,0000
25.06.1962 07:00:00   ;     0,0000
26.06.1962 07:00:00   ;     0,0000
27.06.1962 07:00:00   ;     0,0000
28.06.1962 07:00:00   ;     0,0000
29.06.1962 07:00:00   ;     0,0000
30.06.1962 07:00:00   ;     0,0000
01.07.1962 07:00:00   ;     0,0000
02.07.1962 07:00:00   ;     0,0000
03.07.1962 07:00:00   ;     0,0000
04.07.1962 07:00:00   ;     0,0000
05.07.1962 07:00:00   ;     0,0000
06.07.1962 07:00:00   ;     0,0000
07.07.1962 07:00:00   ;     0,0000
08.07.1962 07:00:00   ;     0,0000
09.07.1962 07:00:00   ;     0,0000
10.07.1962 07:00:00   ;     0,0000
11.07.1962 07:00:00   ;     0,0000
12.07.1962 07:00:00   ;     0,0000
13.07.1962 07:00:00   ;     0,0000
14.07.1962 07:00:00   ;     0,0000
15.07.1962 07:00:00   ;     0,0000
16.07.1962 07:00:00   ;     0,0000
17.07.1962 07:00:00   ;     0,0000
18.07.1962 07:00:00   ;     0,0000
19.07.1962 07:00:00   ;     0,0000
20.07.1962 07:00:00   ;     0,0000
21.07.1962 07:00:00   ;     0,0000
22.07.1962 07:00:00   ;     0,0000
23.07.1962 07:00:00   ;     0,0000
24.07.1962 07:00:00   ;     0,0000
25.07.1962 07:00:00   ;     0,0000
26.07.1962 07:00:00   ;     0,0000
27.07.1962 07:00:00   ;     0,0000
28.07.1962 07:00:00   ;     0,0000
29.07.1962 07:00:00   ;     0,0000
30.07.1962 07:00:00   ;     0,0000
31.07.1962 07:00:00   ;     0,0000
01.08.1962 07:00:00   ;     0,0000
02.08.1962 07:00:00   ;     0,0000
03.08.1962 07:00:00   ;     0,0000
04.08.1962 07:00:00   ;     0,0000
05.08.1962 07:00:00   ;     0,0000
06.08.1962 07:00:00   ;     0,0000
07.08.1962 07:00:00   ;     0,0000
08.08.1962 07:00:00   ;     0,0000
09.08.1962 07:00:00   ;     0,0000
10.08.1962 07:00:00   ;     0,0000
11.08.1962 07:00:00   ;     0,0000
12.08.1962 07:00:00   ;     0,0000
13.08.1962 07:00:00   ;     0,0000
14.08.1962 07:00:00   ;     0,0000
15.08.1962 07:00:00   ;     0,0000
16.08.1962 07:00:00   ;     0,0000
17.08.1962 07:00:00   ;     0,0000
18.08.1962 07:00:00   ;     0,0000
19.08.1962 07:00:00   ;     0,0000
20.08.1962 07:00:00   ;     0,0000
21.08.1962 07:00:00   ;     0,0000
22.08.1962 07:00:00   ;     0,0000
23.08.1962 07:00:00   ;     0,0000
24.08.1962 07:00:00   ;     0,0000
25.08.1962 07:00:00   ;     0,0000
26.08.1962 07:00:00   ;     0,0000
27.08.1962 07:00:00   ;     0,0000
28.08.1962 07:00:00   ;     0,0000
29.08.1962 07:00:00   ;     0,0000
30.08.1962 07:00:00   ;     0,0000
31.08.1962 07:00:00   ;     0,0000
01.09.1962 07:00:00   ;     0,0000
02.09.1962 07:00:00   ;     0,0000
03.09.1962 07:00:00   ;     0,0000
04.09.1962 07:00:00   ;     0,0000
05.09.1962 07:00:00   ;     0,0000
06.09.1962 07:00:00   ;     0,0000
07.09.1962 07:00:00   ;     0,0000
08.09.1962 07:00:00   ;     0,0000
09.09.1962 07:00:00   ;     0,0000
10.09.1962 07:00:00   ;     0,0000
11.09.1962 07:00:00   ;     0,0000
12.09.1962 07:00:00   ;     0,0000
13.09.1962 07:00:00   ;     0,0000
14.09.1962 07:00:00   ;     0,0000
15.09.1962 07:00:00   ;     0,0000
16.09.1962 07:00:00   ;     0,0000
17.09.1962 07:00:00   ;     0,0000
18.09.1962 07:00:00   ;     0,0000
19.09.1962 07:00:00   ;     0,0000
20.09.1962 07:00:00   ;     0,0000
21.09.1962 07:00:00   ;     0,0000
22.09.1962 07:00:00   ;     0,0000
23.09.1962 07:00:00   ;     0,0000
24.09.1962 07:00:00   ;     0,0000
25.09.1962 07:00:00   ;     0,0000
26.09.1962 07:00:00   ;     0,0000
27.09.1962 07:00:00   ;     0,0000
28.09.1962 07:00:00   ;     0,0000
29.09.1962 07:00:00   ;     0,0000
30.09.1962 07:00:00   ;     0,0000
01.10.1962 07:00:00   ;     0,0000
02.10.1962 07:00:00   ;     0,0000
03.10.1962 07:00:00   ;     0,0000
04.10.1962 07:00:00   ;     0,0000
05.10.1962 07:00:00   ;     0,0000
06.10.1962 07:00:00   ;     0,0000
07.10.1962 07:00:00   ;     0,0000
08.10.1962 07:00:00   ;     0,0000
09.10.1962 07:00:00   ;     0,0000
10.10.1962 07:00:00   ;     0,0000
11.10.1962 07:00:00   ;     0,0000
12.10.1962 07:00:00   ;     0,0000
13.10.1962 07:00:00   ;     0,0000
14.10.1962 07:00:00   ;     0,0000
15.10.1962 07:00:00   ;     0,0000
16.10.1962 07:00:00   ;     0,0000
17.10.1962 07:00:00   ;     0,0000
18.10.1962 07:00:00   ;     0,0000
19.10.1962 07:00:00   ;     0,0000
20.10.1962 07:00:00   ;     0,0000
21.10.1962 07:00:00   ;     0,0000
22.10.1962 07:00:00   ;     0,0000
23.10.1962 07:00:00   ;     0,0000
24.10.1962 07:00:00   ;     0,0000
25.10.1962 07:00:00   ;     0,0000
26.10.1962 07:00:00   ;     0,0000
27.10.1962 07:00:00   ;     0,0000
28.10.1962 07:00:00   ;     0,0000
29.10.1962 07:00:00   ;     0,0000
30.10.1962 07:00:00   ;     0,0000
31.10.1962 07:00:00   ;     0,0000
01.11.1962 07:00:00   ;     0,0000
02.11.1962 07:00:00   ;     0,0000
03.11.1962 07:00:00   ;     0,0000
04.11.1962 07:00:00   ;     0,0000
05.11.1962 07:00:00   ;     0,0000
06.11.1962 07:00:00   ;     0,0000
07.11.1962 07:00:00   ;     0,0000
08.11.1962 07:00:00   ;     0,0000
09.11.1962 07:00:00   ;     0,0000
10.11.1962 07:00:00   ;     0,0000
11.11.1962 07:00:00   ;     0,0000
12.11.1962 07:00:00   ;     0,0000
13.11.1962 07:00:00   ;     0,0000
14.11.1962 07:00:00   ;     0,0000
15.11.1962 07:00:00   ;     0,0000
16.11.1962 07:00:00   ;    23,0000
17.11.1962 07:00:00   ;    18,0000
18.11.1962 07:00:00   ;    15,0000
19.11.1962 07:00:00   ;    31,0000
20.11.1962 07:00:00   ;    43,0000
21.11.1962 07:00:00   ;    37,0000
22.11.1962 07:00:00   ;    34,0000
23.11.1962 07:00:00   ;    77,0000
24.11.1962 07:00:00   ;    70,0000
25.11.1962 07:00:00   ;    78,0000
26.11.1962 07:00:00   ;    76,0000
27.11.1962 07:00:00   ;    73,0000
28.11.1962 07:00:00   ;    67,0000
29.11.1962 07:00:00   ;    62,0000
30.11.1962 07:00:00   ;    60,0000
01.12.1962 07:00:00   ;    60,0000
02.12.1962 07:00:00   ;    60,0000
03.12.1962 07:00:00   ;    56,0000
04.12.1962 07:00:00   ;    53,0000
05.12.1962 07:00:00   ;    50,0000
06.12.1962 07:00:00   ;    49,0000
07.12.1962 07:00:00   ;    49,0000
08.12.1962 07:00:00   ;    47,0000
09.12.1962 07:00:00   ;    47,0000
10.12.1962 07:00:00   ;    45,0000
11.12.1962 07:00:00   ;    45,0000
12.12.1962 07:00:00   ;    40,0000
13.12.1962 07:00:00   ;    90,0000
14.12.1962 07:00:00   ;    82,0000
15.12.1962 07:00:00   ;    80,0000
16.12.1962 07:00:00   ;    79,0000
17.12.1962 07:00:00   ;    75,0000
18.12.1962 07:00:00   ;    74,0000
19.12.1962 07:00:00   ;    70,0000
20.12.1962 07:00:00   ;    70,0000
21.12.1962 07:00:00   ;    70,0000
22.12.1962 07:00:00   ;    70,0000
23.12.1962 07:00:00   ;    69,0000
24.12.1962 07:00:00   ;    67,0000
25.12.1962 07:00:00   ;    68,0000
26.12.1962 07:00:00   ;    69,0000
27.12.1962 07:00:00   ;    67,0000
28.12.1962 07:00:00   ;    65,0000
29.12.1962 07:00:00   ;    63,0000
30.12.1962 07:00:00   ;    58,0000
31.12.1962 07:00:00   ;    58,0000
01.01.1963 07:00:00   ;    55,0000
02.01.1963 07:00:00   ;    65,0000
03.01.1963 07:00:00   ;    57,0000
04.01.1963 07:00:00   ;    54,0000
05.01.1963 07:00:00   ;    54,0000
06.01.1963 07:00:00   ;    56,0000
07.01.1963 07:00:00   ;    54,0000
08.01.1963 07:00:00   ;    54,0000
09.01.1963 07:00:00   ;    54,0000
10.01.1963 07:00:00   ;    54,0000
11.01.1963 07:00:00   ;    54,0000
12.01.1963 07:00:00   ;    54,0000
13.01.1963 07:00:00   ;    54,0000
14.01.1963 07:00:00   ;    75,0000
15.01.1963 07:00:00   ;    71,0000
16.01.1963 07:00:00   ;    71,0000
17.01.1963 07:00:00   ;    70,0000
18.01.1963 07:00:00   ;    68,0000
19.01.1963 07:00:00   ;    68,0000
20.01.1963 07:00:00   ;    75,0000
21.01.1963 07:00:00   ;    74,0000
22.01.1963 07:00:00   ;    73,0000
23.01.1963 07:00:00   ;    73,0000
24.01.1963 07:00:00   ;    73,0000
25.01.1963 07:00:00   ;    72,0000
26.01.1963 07:00:00   ;    72,0000
27.01.1963 07:00:00   ;    72,0000
28.01.1963 07:00:00   ;    72,0000
29.01.1963 07:00:00   ;    71,0000
30.01.1963 07:00:00   ;    71,0000
31.01.1963 07:00:00   ;    71,0000
01.02.1963 07:00:00   ;    70,0000
02.02.1963 07:00:00   ;    70,0000
03.02.1963 07:00:00   ;    84,0000
04.02.1963 07:00:00   ;    90,0000
05.02.1963 07:00:00   ;    96,0000
06.02.1963 07:00:00   ;    95,0000
07.02.1963 07:00:00   ;    92,0000
08.02.1963 07:00:00   ;    90,0000
09.02.1963 07:00:00   ;    88,0000
10.02.1963 07:00:00   ;    88,0000
11.02.1963 07:00:00   ;    88,0000
12.02.1963 07:00:00   ;   112,0000
13.02.1963 07:00:00   ;   115,0000
14.02.1963 07:00:00   ;   110,0000
15.02.1963 07:00:00   ;   107,0000
16.02.1963 07:00:00   ;   102,0000
17.02.1963 07:00:00   ;   115,0000
18.02.1963 07:00:00   ;   110,0000
19.02.1963 07:00:00   ;   108,0000
20.02.1963 07:00:00   ;   134,0000
21.02.1963 07:00:00   ;   130,0000
22.02.1963 07:00:00   ;   127,0000
23.02.1963 07:00:00   ;   122,0000
24.02.1963 07:00:00   ;   118,0000
25.02.1963 07:00:00   ;   120,0000
26.02.1963 07:00:00   ;   124,0000
27.02.1963 07:00:00   ;   121,0000
28.02.1963 07:00:00   ;   120,0000
01.03.1963 07:00:00   ;   120,0000
02.03.1963 07:00:00   ;   118,0000
03.03.1963 07:00:00   ;   115,0000
04.03.1963 07:00:00   ;   111,0000
05.03.1963 07:00:00   ;   107,0000
06.03.1963 07:00:00   ;   105,0000
07.03.1963 07:00:00   ;   103,0000
08.03.1963 07:00:00   ;   100,0000
09.03.1963 07:00:00   ;    97,0000
10.03.1963 07:00:00   ;    92,0000
11.03.1963 07:00:00   ;    93,0000
12.03.1963 07:00:00   ;    92,0000
13.03.1963 07:00:00   ;    90,0000
14.03.1963 07:00:00   ;    87,0000
15.03.1963 07:00:00   ;    87,0000
16.03.1963 07:00:00   ;    86,0000
17.03.1963 07:00:00   ;    85,0000
18.03.1963 07:00:00   ;    84,0000
19.03.1963 07:00:00   ;    84,0000
20.03.1963 07:00:00   ;    82,0000
21.03.1963 07:00:00   ;    80,0000
22.03.1963 07:00:00   ;    80,0000
23.03.1963 07:00:00   ;    80,0000
24.03.1963 07:00:00   ;    80,0000
25.03.1963 07:00:00   ;    80,0000
26.03.1963 07:00:00   ;    78,0000
27.03.1963 07:00:00   ;    75,0000
28.03.1963 07:00:00   ;    73,0000
29.03.1963 07:00:00   ;    71,0000
30.03.1963 07:00:00   ;    70,0000
31.03.1963 07:00:00   ;    68,0000
01.04.1963 07:00:00   ;    68,0000
02.04.1963 07:00:00   ;    68,0000
03.04.1963 07:00:00   ;    65,0000
04.04.1963 07:00:00   ;    64,0000
05.04.1963 07:00:00   ;    62,0000
06.04.1963 07:00:00   ;    59,0000
07.04.1963 07:00:00   ;    55,0000
08.04.1963 07:00:00   ;    49,0000
09.04.1963 07:00:00   ;    47,0000
10.04.1963 07:00:00   ;    45,0000
11.04.1963 07:00:00   ;    40,0000
12.04.1963 07:00:00   ;    23,0000
13.04.1963 07:00:00   ;    14,0000
14.04.1963 07:00:00   ;    11,0000
15.04.1963 07:00:00   ;     0,0000
16.04.1963 07:00:00   ;     0,0000
17.04.1963 07:00:00   ;     0,0000
18.04.1963 07:00:00   ;     0,0000
19.04.1963 07:00:00   ;     0,0000
20.04.1963 07:00:00   ;     0,0000
21.04.1963 07:00:00   ;     0,0000
22.04.1963 07:00:00   ;     0,0000
23.04.1963 07:00:00   ;     0,0000
24.04.1963 07:00:00   ;     0,0000
25.04.1963 07:00:00   ;     0,0000
26.04.1963 07:00:00   ;     0,0000
27.04.1963 07:00:00   ;     0,0000
28.04.1963 07:00:00   ;     0,0000
29.04.1963 07:00:00   ;     0,0000
30.04.1963 07:00:00   ;     0,0000
01.05.1963 07:00:00   ;     0,0000
02.05.1963 07:00:00   ;     0,0000
03.05.1963 07:00:00   ;     0,0000
04.05.1963 07:00:00   ;     0,0000
05.05.1963 07:00:00   ;     0,0000
06.05.1963 07:00:00   ;     0,0000
07.05.1963 07:00:00   ;     0,0000
08.05.1963 07:00:00   ;     0,0000
09.05.1963 07:00:00   ;     0,0000
10.05.1963 07:00:00   ;     0,0000
11.05.1963 07:00:00   ;     0,0000
12.05.1963 07:00:00   ;     0,0000
13.05.1963 07:00:00   ;     0,0000
14.05.1963 07:00:00   ;     0,0000
15.05.1963 07:00:00   ;     0,0000
16.05.1963 07:00:00   ;     0,0000
17.05.1963 07:00:00   ;     0,0000
18.05.1963 07:00:00   ;     0,0000
19.05.1963 07:00:00   ;     0,0000
20.05.1963 07:00:00   ;     0,0000
21.05.1963 07:00:00   ;     0,0000
22.05.1963 07:00:00   ;     0,0000
23.05.1963 07:00:00   ;     0,0000
24.05.1963 07:00:00   ;     0,0000
25.05.1963 07:00:00   ;     0,0000
26.05.1963 07:00:00   ;     0,0000
27.05.1963 07:00:00   ;     0,0000
28.05.1963 07:00:00   ;     0,0000
29.05.1963 07:00:00   ;     0,0000
30.05.1963 07:00:00   ;     0,0000
31.05.1963 07:00:00   ;     0,0000
01.06.1963 07:00:00   ;     0,0000
02.06.1963 07:00:00   ;     0,0000
03.06.1963 07:00:00   ;     0,0000
04.06.1963 07:00:00   ;     0,0000
05.06.1963 07:00:00   ;     0,0000
06.06.1963 07:00:00   ;     0,0000
07.06.1963 07:00:00   ;     0,0000
08.06.1963 07:00:00   ;     0,0000
09.06.1963 07:00:00   ;     0,0000
10.06.1963 07:00:00   ;     0,0000
11.06.1963 07:00:00   ;     0,0000
12.06.1963 07:00:00   ;     0,0000
13.06.1963 07:00:00   ;     0,0000
14.06.1963 07:00:00   ;     0,0000
15.06.1963 07:00:00   ;     0,0000
16.06.1963 07:00:00   ;     0,0000
17.06.1963 07:00:00   ;     0,0000
18.06.1963 07:00:00   ;     0,0000
19.06.1963 07:00:00   ;     0,0000
20.06.1963 07:00:00   ;     0,0000
21.06.1963 07:00:00   ;     0,0000
22.06.1963 07:00:00   ;     0,0000
23.06.1963 07:00:00   ;     0,0000
24.06.1963 07:00:00   ;     0,0000
25.06.1963 07:00:00   ;     0,0000
26.06.1963 07:00:00   ;     0,0000
27.06.1963 07:00:00   ;     0,0000
28.06.1963 07:00:00   ;     0,0000
29.06.1963 07:00:00   ;     0,0000
30.06.1963 07:00:00   ;     0,0000
01.07.1963 07:00:00   ;     0,0000
02.07.1963 07:00:00   ;     0,0000
03.07.1963 07:00:00   ;     0,0000
04.07.1963 07:00:00   ;     0,0000
05.07.1963 07:00:00   ;     0,0000
06.07.1963 07:00:00   ;     0,0000
07.07.1963 07:00:00   ;     0,0000
08.07.1963 07:00:00   ;     0,0000
09.07.1963 07:00:00   ;     0,0000
10.07.1963 07:00:00   ;     0,0000
11.07.1963 07:00:00   ;     0,0000
12.07.1963 07:00:00   ;     0,0000
13.07.1963 07:00:00   ;     0,0000
14.07.1963 07:00:00   ;     0,0000
15.07.1963 07:00:00   ;     0,0000
16.07.1963 07:00:00   ;     0,0000
17.07.1963 07:00:00   ;     0,0000
18.07.1963 07:00:00   ;     0,0000
19.07.1963 07:00:00   ;     0,0000
20.07.1963 07:00:00   ;     0,0000
21.07.1963 07:00:00   ;     0,0000
22.07.1963 07:00:00   ;     0,0000
23.07.1963 07:00:00   ;     0,0000
24.07.1963 07:00:00   ;     0,0000
25.07.1963 07:00:00   ;     0,0000
26.07.1963 07:00:00   ;     0,0000
27.07.1963 07:00:00   ;     0,0000
28.07.1963 07:00:00   ;     0,0000
29.07.1963 07:00:00   ;     0,0000
30.07.1963 07:00:00   ;     0,0000
31.07.1963 07:00:00   ;     0,0000
01.08.1963 07:00:00   ;     0,0000
02.08.1963 07:00:00   ;     0,0000
03.08.1963 07:00:00   ;     0,0000
04.08.1963 07:00:00   ;     0,0000
05.08.1963 07:00:00   ;     0,0000
06.08.1963 07:00:00   ;     0,0000
07.08.1963 07:00:00   ;     0,0000
08.08.1963 07:00:00   ;     0,0000
09.08.1963 07:00:00   ;     0,0000
10.08.1963 07:00:00   ;     0,0000
11.08.1963 07:00:00   ;     0,0000
12.08.1963 07:00:00   ;     0,0000
13.08.1963 07:00:00   ;     0,0000
14.08.1963 07:00:00   ;     0,0000
15.08.1963 07:00:00   ;     0,0000
16.08.1963 07:00:00   ;     0,0000
17.08.1963 07:00:00   ;     0,0000
18.08.1963 07:00:00   ;     0,0000
19.08.1963 07:00:00   ;     0,0000
20.08.1963 07:00:00   ;     0,0000
21.08.1963 07:00:00   ;     0,0000
22.08.1963 07:00:00   ;     0,0000
23.08.1963 07:00:00   ;     0,0000
24.08.1963 07:00:00   ;     0,0000
25.08.1963 07:00:00   ;     0,0000
26.08.1963 07:00:00   ;     0,0000
27.08.1963 07:00:00   ;     0,0000
28.08.1963 07:00:00   ;     0,0000
29.08.1963 07:00:00   ;     0,0000
30.08.1963 07:00:00   ;     0,0000
31.08.1963 07:00:00   ;     0,0000
01.09.1963 07:00:00   ;     0,0000
02.09.1963 07:00:00   ;     0,0000
03.09.1963 07:00:00   ;     0,0000
04.09.1963 07:00:00   ;     0,0000
05.09.1963 07:00:00   ;     0,0000
06.09.1963 07:00:00   ;     0,0000
07.09.1963 07:00:00   ;     0,0000
08.09.1963 07:00:00   ;     0,0000
09.09.1963 07:00:00   ;     0,0000
10.09.1963 07:00:00   ;     0,0000
11.09.1963 07:00:00   ;     0,0000
12.09.1963 07:00:00   ;     0,0000
13.09.1963 07:00:00   ;     0,0000
14.09.1963 07:00:00   ;     0,0000
15.09.1963 07:00:00   ;     0,0000
16.09.1963 07:00:00   ;     0,0000
17.09.1963 07:00:00   ;     0,0000
18.09.1963 07:00:00   ;     0,0000
19.09.1963 07:00:00   ;     0,0000
20.09.1963 07:00:00   ;     0,0000
21.09.1963 07:00:00   ;     0,0000
22.09.1963 07:00:00   ;     0,0000
23.09.1963 07:00:00   ;     0,0000
24.09.1963 07:00:00   ;     0,0000
25.09.1963 07:00:00   ;     0,0000
26.09.1963 07:00:00   ;     0,0000
27.09.1963 07:00:00   ;     0,0000
28.09.1963 07:00:00   ;     0,0000
29.09.1963 07:00:00   ;     0,0000
30.09.1963 07:00:00   ;     0,0000
01.10.1963 07:00:00   ;     0,0000
02.10.1963 07:00:00   ;     0,0000
03.10.1963 07:00:00   ;     0,0000
04.10.1963 07:00:00   ;     0,0000
05.10.1963 07:00:00   ;     0,0000
06.10.1963 07:00:00   ;     0,0000
07.10.1963 07:00:00   ;     0,0000
08.10.1963 07:00:00   ;     0,0000
09.10.1963 07:00:00   ;     0,0000
10.10.1963 07:00:00   ;     0,0000
11.10.1963 07:00:00   ;     0,0000
12.10.1963 07:00:00   ;     0,0000
13.10.1963 07:00:00   ;     0,0000
14.10.1963 07:00:00   ;     0,0000
15.10.1963 07:00:00   ;     0,0000
16.10.1963 07:00:00   ;     0,0000
17.10.1963 07:00:00   ;     0,0000
18.10.1963 07:00:00   ;     0,0000
19.10.1963 07:00:00   ;     0,0000
20.10.1963 07:00:00   ;     0,0000
21.10.1963 07:00:00   ;     0,0000
22.10.1963 07:00:00   ;     0,0000
23.10.1963 07:00:00   ;     0,0000
24.10.1963 07:00:00   ;     0,0000
25.10.1963 07:00:00   ;     0,0000
26.10.1963 07:00:00   ;     0,0000
27.10.1963 07:00:00   ;     0,0000
28.10.1963 07:00:00   ;     0,0000
29.10.1963 07:00:00   ;     0,0000
30.10.1963 07:00:00   ;     0,0000
31.10.1963 07:00:00   ;     0,0000
01.11.1963 07:00:00   ;     0,0000
02.11.1963 07:00:00   ;     0,0000
03.11.1963 07:00:00   ;     0,0000
04.11.1963 07:00:00   ;     0,0000
05.11.1963 07:00:00   ;     0,0000
06.11.1963 07:00:00   ;     0,0000
07.11.1963 07:00:00   ;     0,0000
08.11.1963 07:00:00   ;     0,0000
09.11.1963 07:00:00   ;     0,0000
10.11.1963 07:00:00   ;     0,0000
11.11.1963 07:00:00   ;     0,0000
12.11.1963 07:00:00   ;     0,0000
13.11.1963 07:00:00   ;     0,0000
14.11.1963 07:00:00   ;     0,0000
15.11.1963 07:00:00   ;     0,0000
16.11.1963 07:00:00   ;     0,0000
17.11.1963 07:00:00   ;     0,0000
18.11.1963 07:00:00   ;     0,0000
19.11.1963 07:00:00   ;     0,0000
20.11.1963 07:00:00   ;     0,0000
21.11.1963 07:00:00   ;     0,0000
22.11.1963 07:00:00   ;     0,0000
23.11.1963 07:00:00   ;     0,0000
24.11.1963 07:00:00   ;     0,0000
25.11.1963 07:00:00   ;     0,0000
26.11.1963 07:00:00   ;     0,0000
27.11.1963 07:00:00   ;     0,0000
28.11.1963 07:00:00   ;     0,0000
29.11.1963 07:00:00   ;     0,0000
30.11.1963 07:00:00   ;     0,0000
01.12.1963 07:00:00   ;     0,0000
02.12.1963 07:00:00   ;     0,0000
03.12.1963 07:00:00   ;     0,0000
04.12.1963 07:00:00   ;     0,0000
05.12.1963 07:00:00   ;     3,0000
06.12.1963 07:00:00   ;     3,0000
07.12.1963 07:00:00   ;     3,0000
08.12.1963 07:00:00   ;     3,0000
09.12.1963 07:00:00   ;     3,0000
10.12.1963 07:00:00   ;     3,0000
11.12.1963 07:00:00   ;     3,0000
12.12.1963 07:00:00   ;     3,0000
13.12.1963 07:00:00   ;     3,0000
14.12.1963 07:00:00   ;    15,0000
15.12.1963 07:00:00   ;    24,0000
16.12.1963 07:00:00   ;    28,0000
17.12.1963 07:00:00   ;    36,0000
18.12.1963 07:00:00   ;    30,0000
19.12.1963 07:00:00   ;    27,0000
20.12.1963 07:00:00   ;    27,0000
21.12.1963 07:00:00   ;    28,0000
22.12.1963 07:00:00   ;    29,0000
23.12.1963 07:00:00   ;    27,0000
24.12.1963 07:00:00   ;    27,0000
25.12.1963 07:00:00   ;    45,0000
26.12.1963 07:00:00   ;    45,0000
27.12.1963 07:00:00   ;    44,0000
28.12.1963 07:00:00   ;    43,0000
29.12.1963 07:00:00   ;    43,0000
30.12.1963 07:00:00   ;    43,0000
31.12.1963 07:00:00   ;    43,0000
01.01.1964 07:00:00   ;    42,0000
02.01.1964 07:00:00   ;    41,0000
03.01.1964 07:00:00   ;    41,0000
04.01.1964 07:00:00   ;    41,0000
05.01.1964 07:00:00   ;    41,0000
06.01.1964 07:00:00   ;    41,0000
07.01.1964 07:00:00   ;    41,0000
08.01.1964 07:00:00   ;    40,0000
09.01.1964 07:00:00   ;    40,0000
10.01.1964 07:00:00   ;    40,0000
11.01.1964 07:00:00   ;    40,0000
12.01.1964 07:00:00   ;    40,0000
13.01.1964 07:00:00   ;    40,0000
14.01.1964 07:00:00   ;    40,0000
15.01.1964 07:00:00   ;    40,0000
16.01.1964 07:00:00   ;    40,0000
17.01.1964 07:00:00   ;    39,0000
18.01.1964 07:00:00   ;    39,0000
19.01.1964 07:00:00   ;    39,0000
20.01.1964 07:00:00   ;    39,0000
21.01.1964 07:00:00   ;    39,0000
22.01.1964 07:00:00   ;    39,0000
23.01.1964 07:00:00   ;    39,0000
24.01.1964 07:00:00   ;    39,0000
25.01.1964 07:00:00   ;    39,0000
26.01.1964 07:00:00   ;    38,0000
27.01.1964 07:00:00   ;    38,0000
28.01.1964 07:00:00   ;    38,0000
29.01.1964 07:00:00   ;    38,0000
30.01.1964 07:00:00   ;    38,0000
31.01.1964 07:00:00   ;    38,0000
01.02.1964 07:00:00   ;    38,0000
02.02.1964 07:00:00   ;    37,0000
03.02.1964 07:00:00   ;    36,0000
04.02.1964 07:00:00   ;    36,0000
05.02.1964 07:00:00   ;    36,0000
06.02.1964 07:00:00   ;    36,0000
07.02.1964 07:00:00   ;    36,0000
08.02.1964 07:00:00   ;    36,0000
09.02.1964 07:00:00   ;    36,0000
10.02.1964 07:00:00   ;    36,0000
11.02.1964 07:00:00   ;    36,0000
12.02.1964 07:00:00   ;    36,0000
13.02.1964 07:00:00   ;    35,0000
14.02.1964 07:00:00   ;    34,0000
15.02.1964 07:00:00   ;    34,0000
16.02.1964 07:00:00   ;    34,0000
17.02.1964 07:00:00   ;    34,0000
18.02.1964 07:00:00   ;    37,0000
19.02.1964 07:00:00   ;    35,0000
20.02.1964 07:00:00   ;    35,0000
21.02.1964 07:00:00   ;    35,0000
22.02.1964 07:00:00   ;    35,0000
23.02.1964 07:00:00   ;    35,0000
24.02.1964 07:00:00   ;    35,0000
25.02.1964 07:00:00   ;    33,0000
26.02.1964 07:00:00   ;    30,0000
27.02.1964 07:00:00   ;    30,0000
28.02.1964 07:00:00   ;    26,0000
29.02.1964 07:00:00   ;    22,0000
01.03.1964 07:00:00   ;    21,0000
02.03.1964 07:00:00   ;    20,0000
03.03.1964 07:00:00   ;    18,0000
04.03.1964 07:00:00   ;    17,0000
05.03.1964 07:00:00   ;    17,0000
06.03.1964 07:00:00   ;    29,0000
07.03.1964 07:00:00   ;    51,0000
08.03.1964 07:00:00   ;    46,0000
09.03.1964 07:00:00   ;    41,0000
10.03.1964 07:00:00   ;    37,0000
11.03.1964 07:00:00   ;    31,0000
12.03.1964 07:00:00   ;    27,0000
13.03.1964 07:00:00   ;    27,0000
14.03.1964 07:00:00   ;    22,0000
15.03.1964 07:00:00   ;    25,0000
16.03.1964 07:00:00   ;    24,0000
17.03.1964 07:00:00   ;    24,0000
18.03.1964 07:00:00   ;    24,0000
19.03.1964 07:00:00   ;    24,0000
20.03.1964 07:00:00   ;    24,0000
21.03.1964 07:00:00   ;    18,0000
22.03.1964 07:00:00   ;    16,0000
23.03.1964 07:00:00   ;    13,0000
24.03.1964 07:00:00   ;     8,0000
25.03.1964 07:00:00   ;     5,0000
26.03.1964 07:00:00   ;     0,0000
27.03.1964 07:00:00   ;     0,0000
28.03.1964 07:00:00   ;     0,0000
29.03.1964 07:00:00   ;     0,0000
30.03.1964 07:00:00   ;     4,0000
31.03.1964 07:00:00   ;     0,0000
01.04.1964 07:00:00   ;     0,0000
02.04.1964 07:00:00   ;     0,0000
03.04.1964 07:00:00   ;     0,0000
04.04.1964 07:00:00   ;     0,0000
05.04.1964 07:00:00   ;     0,0000
06.04.1964 07:00:00   ;     0,0000
07.04.1964 07:00:00   ;     0,0000
08.04.1964 07:00:00   ;     0,0000
09.04.1964 07:00:00   ;     0,0000
10.04.1964 07:00:00   ;     0,0000
11.04.1964 07:00:00   ;     0,0000
12.04.1964 07:00:00   ;     0,0000
13.04.1964 07:00:00   ;     0,0000
14.04.1964 07:00:00   ;     0,0000
15.04.1964 07:00:00   ;     0,0000
16.04.1964 07:00:00   ;     0,0000
17.04.1964 07:00:00   ;     0,0000
18.04.1964 07:00:00   ;     0,0000
19.04.1964 07:00:00   ;     0,0000
20.04.1964 07:00:00   ;     0,0000
21.04.1964 07:00:00   ;     0,0000
22.04.1964 07:00:00   ;     0,0000
23.04.1964 07:00:00   ;     0,0000
24.04.1964 07:00:00   ;     0,0000
25.04.1964 07:00:00   ;     0,0000
26.04.1964 07:00:00   ;     0,0000
27.04.1964 07:00:00   ;     0,0000
28.04.1964 07:00:00   ;     0,0000
29.04.1964 07:00:00   ;     0,0000
30.04.1964 07:00:00   ;     0,0000
01.05.1964 07:00:00   ;     0,0000
02.05.1964 07:00:00   ;     0,0000
03.05.1964 07:00:00   ;     0,0000
04.05.1964 07:00:00   ;     0,0000
05.05.1964 07:00:00   ;     0,0000
06.05.1964 07:00:00   ;     0,0000
07.05.1964 07:00:00   ;     0,0000
08.05.1964 07:00:00   ;     0,0000
09.05.1964 07:00:00   ;     0,0000
10.05.1964 07:00:00   ;     0,0000
11.05.1964 07:00:00   ;     0,0000
12.05.1964 07:00:00   ;     0,0000
13.05.1964 07:00:00   ;     0,0000
14.05.1964 07:00:00   ;     0,0000
15.05.1964 07:00:00   ;     0,0000
16.05.1964 07:00:00   ;     0,0000
17.05.1964 07:00:00   ;     0,0000
18.05.1964 07:00:00   ;     0,0000
19.05.1964 07:00:00   ;     0,0000
20.05.1964 07:00:00   ;     0,0000
21.05.1964 07:00:00   ;     0,0000
22.05.1964 07:00:00   ;     0,0000
23.05.1964 07:00:00   ;     0,0000
24.05.1964 07:00:00   ;     0,0000
25.05.1964 07:00:00   ;     0,0000
26.05.1964 07:00:00   ;     0,0000
27.05.1964 07:00:00   ;     0,0000
28.05.1964 07:00:00   ;     0,0000
29.05.1964 07:00:00   ;     0,0000
30.05.1964 07:00:00   ;     0,0000
31.05.1964 07:00:00   ;     0,0000
01.06.1964 07:00:00   ;     0,0000
02.06.1964 07:00:00   ;     0,0000
03.06.1964 07:00:00   ;     0,0000
04.06.1964 07:00:00   ;     0,0000
05.06.1964 07:00:00   ;     0,0000
06.06.1964 07:00:00   ;     0,0000
07.06.1964 07:00:00   ;     0,0000
08.06.1964 07:00:00   ;     0,0000
09.06.1964 07:00:00   ;     0,0000
10.06.1964 07:00:00   ;     0,0000
11.06.1964 07:00:00   ;     0,0000
12.06.1964 07:00:00   ;     0,0000
13.06.1964 07:00:00   ;     0,0000
14.06.1964 07:00:00   ;     0,0000
15.06.1964 07:00:00   ;     0,0000
16.06.1964 07:00:00   ;     0,0000
17.06.1964 07:00:00   ;     0,0000
18.06.1964 07:00:00   ;     0,0000
19.06.1964 07:00:00   ;     0,0000
20.06.1964 07:00:00   ;     0,0000
21.06.1964 07:00:00   ;     0,0000
22.06.1964 07:00:00   ;     0,0000
23.06.1964 07:00:00   ;     0,0000
24.06.1964 07:00:00   ;     0,0000
25.06.1964 07:00:00   ;     0,0000
26.06.1964 07:00:00   ;     0,0000
27.06.1964 07:00:00   ;     0,0000
28.06.1964 07:00:00   ;     0,0000
29.06.1964 07:00:00   ;     0,0000
30.06.1964 07:00:00   ;     0,0000
01.07.1964 07:00:00   ;     0,0000
02.07.1964 07:00:00   ;     0,0000
03.07.1964 07:00:00   ;     0,0000
04.07.1964 07:00:00   ;     0,0000
05.07.1964 07:00:00   ;     0,0000
06.07.1964 07:00:00   ;     0,0000
07.07.1964 07:00:00   ;     0,0000
08.07.1964 07:00:00   ;     0,0000
09.07.1964 07:00:00   ;     0,0000
10.07.1964 07:00:00   ;     0,0000
11.07.1964 07:00:00   ;     0,0000
12.07.1964 07:00:00   ;     0,0000
13.07.1964 07:00:00   ;     0,0000
14.07.1964 07:00:00   ;     0,0000
15.07.1964 07:00:00   ;     0,0000
16.07.1964 07:00:00   ;     0,0000
17.07.1964 07:00:00   ;     0,0000
18.07.1964 07:00:00   ;     0,0000
19.07.1964 07:00:00   ;     0,0000
20.07.1964 07:00:00   ;     0,0000
21.07.1964 07:00:00   ;     0,0000
22.07.1964 07:00:00   ;     0,0000
23.07.1964 07:00:00   ;     0,0000
24.07.1964 07:00:00   ;     0,0000
25.07.1964 07:00:00   ;     0,0000
26.07.1964 07:00:00   ;     0,0000
27.07.1964 07:00:00   ;     0,0000
28.07.1964 07:00:00   ;     0,0000
29.07.1964 07:00:00   ;     0,0000
30.07.1964 07:00:00   ;     0,0000
31.07.1964 07:00:00   ;     0,0000
01.08.1964 07:00:00   ;     0,0000
02.08.1964 07:00:00   ;     0,0000
03.08.1964 07:00:00   ;     0,0000
04.08.1964 07:00:00   ;     0,0000
05.08.1964 07:00:00   ;     0,0000
06.08.1964 07:00:00   ;     0,0000
07.08.1964 07:00:00   ;     0,0000
08.08.1964 07:00:00   ;     0,0000
09.08.1964 07:00:00   ;     0,0000
10.08.1964 07:00:00   ;     0,0000
11.08.1964 07:00:00   ;     0,0000
12.08.1964 07:00:00   ;     0,0000
13.08.1964 07:00:00   ;     0,0000
14.08.1964 07:00:00   ;     0,0000
15.08.1964 07:00:00   ;     0,0000
16.08.1964 07:00:00   ;     0,0000
17.08.1964 07:00:00   ;     0,0000
18.08.1964 07:00:00   ;     0,0000
19.08.1964 07:00:00   ;     0,0000
20.08.1964 07:00:00   ;     0,0000
21.08.1964 07:00:00   ;     0,0000
22.08.1964 07:00:00   ;     0,0000
23.08.1964 07:00:00   ;     0,0000
24.08.1964 07:00:00   ;     0,0000
25.08.1964 07:00:00   ;     0,0000
26.08.1964 07:00:00   ;     0,0000
27.08.1964 07:00:00   ;     0,0000
28.08.1964 07:00:00   ;     0,0000
29.08.1964 07:00:00   ;     0,0000
30.08.1964 07:00:00   ;     0,0000
31.08.1964 07:00:00   ;     0,0000
01.09.1964 07:00:00   ;     0,0000
02.09.1964 07:00:00   ;     0,0000
03.09.1964 07:00:00   ;     0,0000
04.09.1964 07:00:00   ;     0,0000
05.09.1964 07:00:00   ;     0,0000
06.09.1964 07:00:00   ;     0,0000
07.09.1964 07:00:00   ;     0,0000
08.09.1964 07:00:00   ;     0,0000
09.09.1964 07:00:00   ;     0,0000
10.09.1964 07:00:00   ;     0,0000
11.09.1964 07:00:00   ;     0,0000
12.09.1964 07:00:00   ;     0,0000
13.09.1964 07:00:00   ;     0,0000
14.09.1964 07:00:00   ;     0,0000
15.09.1964 07:00:00   ;     0,0000
16.09.1964 07:00:00   ;     0,0000
17.09.1964 07:00:00   ;     0,0000
18.09.1964 07:00:00   ;     0,0000
19.09.1964 07:00:00   ;     0,0000
20.09.1964 07:00:00   ;     0,0000
21.09.1964 07:00:00   ;     0,0000
22.09.1964 07:00:00   ;     0,0000
23.09.1964 07:00:00   ;     0,0000
24.09.1964 07:00:00   ;     0,0000
25.09.1964 07:00:00   ;     0,0000
26.09.1964 07:00:00   ;     0,0000
27.09.1964 07:00:00   ;     0,0000
28.09.1964 07:00:00   ;     0,0000
29.09.1964 07:00:00   ;     0,0000
30.09.1964 07:00:00   ;     0,0000
01.10.1964 07:00:00   ;     0,0000
02.10.1964 07:00:00   ;     0,0000
03.10.1964 07:00:00   ;     0,0000
04.10.1964 07:00:00   ;     0,0000
05.10.1964 07:00:00   ;     0,0000
06.10.1964 07:00:00   ;     0,0000
07.10.1964 07:00:00   ;     0,0000
08.10.1964 07:00:00   ;     0,0000
09.10.1964 07:00:00   ;     0,0000
10.10.1964 07:00:00   ;     0,0000
11.10.1964 07:00:00   ;     0,0000
12.10.1964 07:00:00   ;     0,0000
13.10.1964 07:00:00   ;     0,0000
14.10.1964 07:00:00   ;     0,0000
15.10.1964 07:00:00   ;     0,0000
16.10.1964 07:00:00   ;     0,0000
17.10.1964 07:00:00   ;     0,0000
18.10.1964 07:00:00   ;     0,0000
19.10.1964 07:00:00   ;     0,0000
20.10.1964 07:00:00   ;     0,0000
21.10.1964 07:00:00   ;     0,0000
22.10.1964 07:00:00   ;     0,0000
23.10.1964 07:00:00   ;     0,0000
24.10.1964 07:00:00   ;     0,0000
25.10.1964 07:00:00   ;     0,0000
26.10.1964 07:00:00   ;     0,0000
27.10.1964 07:00:00   ;     0,0000
28.10.1964 07:00:00   ;     0,0000
29.10.1964 07:00:00   ;     0,0000
30.10.1964 07:00:00   ;     0,0000
31.10.1964 07:00:00   ;     0,0000
01.11.1964 07:00:00   ;     0,0000
02.11.1964 07:00:00   ;     0,0000
03.11.1964 07:00:00   ;     0,0000
04.11.1964 07:00:00   ;     0,0000
05.11.1964 07:00:00   ;     0,0000
06.11.1964 07:00:00   ;     0,0000
07.11.1964 07:00:00   ;     0,0000
08.11.1964 07:00:00   ;     0,0000
09.11.1964 07:00:00   ;     0,0000
10.11.1964 07:00:00   ;     0,0000
11.11.1964 07:00:00   ;     0,0000
12.11.1964 07:00:00   ;     0,0000
13.11.1964 07:00:00   ;     0,0000
14.11.1964 07:00:00   ;     0,0000
15.11.1964 07:00:00   ;     0,0000
16.11.1964 07:00:00   ;     0,0000
17.11.1964 07:00:00   ;     0,0000
18.11.1964 07:00:00   ;     0,0000
19.11.1964 07:00:00   ;     0,0000
20.11.1964 07:00:00   ;     0,0000
21.11.1964 07:00:00   ;     0,0000
22.11.1964 07:00:00   ;     0,0000
23.11.1964 07:00:00   ;     0,0000
24.11.1964 07:00:00   ;     0,0000
25.11.1964 07:00:00   ;     0,0000
26.11.1964 07:00:00   ;     0,0000
27.11.1964 07:00:00   ;     0,0000
28.11.1964 07:00:00   ;     0,0000
29.11.1964 07:00:00   ;     0,0000
30.11.1964 07:00:00   ;     0,0000
01.12.1964 07:00:00   ;     0,0000
02.12.1964 07:00:00   ;     0,0000
03.12.1964 07:00:00   ;     4,0000
04.12.1964 07:00:00   ;     3,0000
05.12.1964 07:00:00   ;     3,0000
06.12.1964 07:00:00   ;     3,0000
07.12.1964 07:00:00   ;     3,0000
08.12.1964 07:00:00   ;     3,0000
09.12.1964 07:00:00   ;     3,0000
10.12.1964 07:00:00   ;     3,0000
11.12.1964 07:00:00   ;     3,0000
12.12.1964 07:00:00   ;     2,0000
13.12.1964 07:00:00   ;     2,0000
14.12.1964 07:00:00   ;     2,0000
15.12.1964 07:00:00   ;     0,0000
16.12.1964 07:00:00   ;     0,0000
17.12.1964 07:00:00   ;     0,0000
18.12.1964 07:00:00   ;     0,0000
19.12.1964 07:00:00   ;     0,0000
20.12.1964 07:00:00   ;     0,0000
21.12.1964 07:00:00   ;    25,0000
22.12.1964 07:00:00   ;    24,0000
23.12.1964 07:00:00   ;    23,0000
24.12.1964 07:00:00   ;    21,0000
25.12.1964 07:00:00   ;    21,0000
26.12.1964 07:00:00   ;    21,0000
27.12.1964 07:00:00   ;    21,0000
28.12.1964 07:00:00   ;    40,0000
29.12.1964 07:00:00   ;    40,0000
30.12.1964 07:00:00   ;    95,0000
31.12.1964 07:00:00   ;    87,0000
01.01.1965 07:00:00   ;    80,0000
02.01.1965 07:00:00   ;    75,0000
03.01.1965 07:00:00   ;   115,0000
04.01.1965 07:00:00   ;   110,0000
05.01.1965 07:00:00   ;   104,0000
06.01.1965 07:00:00   ;   100,0000
07.01.1965 07:00:00   ;    96,0000
08.01.1965 07:00:00   ;    95,0000
09.01.1965 07:00:00   ;    93,0000
10.01.1965 07:00:00   ;    89,0000
11.01.1965 07:00:00   ;    86,0000
12.01.1965 07:00:00   ;    84,0000
13.01.1965 07:00:00   ;    83,0000
14.01.1965 07:00:00   ;    83,0000
15.01.1965 07:00:00   ;   113,0000
16.01.1965 07:00:00   ;   140,0000
17.01.1965 07:00:00   ;   129,0000
18.01.1965 07:00:00   ;   145,0000
19.01.1965 07:00:00   ;   143,0000
20.01.1965 07:00:00   ;   156,0000
21.01.1965 07:00:00   ;   146,0000
22.01.1965 07:00:00   ;   141,0000
23.01.1965 07:00:00   ;   136,0000
24.01.1965 07:00:00   ;   131,0000
25.01.1965 07:00:00   ;   129,0000
26.01.1965 07:00:00   ;   125,0000
27.01.1965 07:00:00   ;   138,0000
28.01.1965 07:00:00   ;   146,0000
29.01.1965 07:00:00   ;   139,0000
30.01.1965 07:00:00   ;   128,0000
31.01.1965 07:00:00   ;    98,0000
01.02.1965 07:00:00   ;    80,0000
02.02.1965 07:00:00   ;    78,0000
03.02.1965 07:00:00   ;    77,0000
04.02.1965 07:00:00   ;    77,0000
05.02.1965 07:00:00   ;    77,0000
06.02.1965 07:00:00   ;    76,0000
07.02.1965 07:00:00   ;    76,0000
08.02.1965 07:00:00   ;    76,0000
09.02.1965 07:00:00   ;    79,0000
10.02.1965 07:00:00   ;    78,0000
11.02.1965 07:00:00   ;    78,0000
12.02.1965 07:00:00   ;    78,0000
13.02.1965 07:00:00   ;    78,0000
14.02.1965 07:00:00   ;    78,0000
15.02.1965 07:00:00   ;    78,0000
16.02.1965 07:00:00   ;    77,0000
17.02.1965 07:00:00   ;    77,0000
18.02.1965 07:00:00   ;    77,0000
19.02.1965 07:00:00   ;    83,0000
20.02.1965 07:00:00   ;    82,0000
21.02.1965 07:00:00   ;    81,0000
22.02.1965 07:00:00   ;    80,0000
23.02.1965 07:00:00   ;    80,0000
24.02.1965 07:00:00   ;    79,0000
25.02.1965 07:00:00   ;    79,0000
26.02.1965 07:00:00   ;    79,0000
27.02.1965 07:00:00   ;    79,0000
28.02.1965 07:00:00   ;    79,0000
01.03.1965 07:00:00   ;    82,0000
02.03.1965 07:00:00   ;    93,0000
03.03.1965 07:00:00   ;   105,0000
04.03.1965 07:00:00   ;   122,0000
05.03.1965 07:00:00   ;   130,0000
06.03.1965 07:00:00   ;   150,0000
07.03.1965 07:00:00   ;   140,0000
08.03.1965 07:00:00   ;   131,0000
09.03.1965 07:00:00   ;   125,0000
10.03.1965 07:00:00   ;   123,0000
11.03.1965 07:00:00   ;   120,0000
12.03.1965 07:00:00   ;   117,0000
13.03.1965 07:00:00   ;   113,0000
14.03.1965 07:00:00   ;   107,0000
15.03.1965 07:00:00   ;   100,0000
16.03.1965 07:00:00   ;    97,0000
17.03.1965 07:00:00   ;    96,0000
18.03.1965 07:00:00   ;    94,0000
19.03.1965 07:00:00   ;    89,0000
20.03.1965 07:00:00   ;    86,0000
21.03.1965 07:00:00   ;    81,0000
22.03.1965 07:00:00   ;    77,0000
23.03.1965 07:00:00   ;    75,0000
24.03.1965 07:00:00   ;    75,0000
25.03.1965 07:00:00   ;    73,0000
26.03.1965 07:00:00   ;    71,0000
27.03.1965 07:00:00   ;    67,0000
28.03.1965 07:00:00   ;    63,0000
29.03.1965 07:00:00   ;    60,0000
30.03.1965 07:00:00   ;    57,0000
31.03.1965 07:00:00   ;    51,0000
01.04.1965 07:00:00   ;    46,0000
02.04.1965 07:00:00   ;    41,0000
03.04.1965 07:00:00   ;    38,0000
04.04.1965 07:00:00   ;    35,0000
05.04.1965 07:00:00   ;    31,0000
06.04.1965 07:00:00   ;    28,0000
07.04.1965 07:00:00   ;    25,0000
08.04.1965 07:00:00   ;    20,0000
09.04.1965 07:00:00   ;    17,0000
10.04.1965 07:00:00   ;    15,0000
11.04.1965 07:00:00   ;    13,0000
12.04.1965 07:00:00   ;    11,0000
13.04.1965 07:00:00   ;     9,0000
14.04.1965 07:00:00   ;     8,0000
15.04.1965 07:00:00   ;    11,0000
16.04.1965 07:00:00   ;     8,0000
17.04.1965 07:00:00   ;     3,0000
18.04.1965 07:00:00   ;     0,0000
19.04.1965 07:00:00   ;     0,0000
20.04.1965 07:00:00   ;     0,0000
21.04.1965 07:00:00   ;    28,0000
22.04.1965 07:00:00   ;    45,0000
23.04.1965 07:00:00   ;    30,0000
24.04.1965 07:00:00   ;    22,0000
25.04.1965 07:00:00   ;    15,0000
26.04.1965 07:00:00   ;    10,0000
27.04.1965 07:00:00   ;     4,0000
28.04.1965 07:00:00   ;    47,0000
29.04.1965 07:00:00   ;    32,0000
30.04.1965 07:00:00   ;    24,0000
01.05.1965 07:00:00   ;    15,0000
02.05.1965 07:00:00   ;    10,0000
03.05.1965 07:00:00   ;     0,0000
04.05.1965 07:00:00   ;     0,0000
05.05.1965 07:00:00   ;     0,0000
06.05.1965 07:00:00   ;     0,0000
07.05.1965 07:00:00   ;     0,0000
08.05.1965 07:00:00   ;     0,0000
09.05.1965 07:00:00   ;     0,0000
10.05.1965 07:00:00   ;     0,0000
11.05.1965 07:00:00   ;     0,0000
12.05.1965 07:00:00   ;     0,0000
13.05.1965 07:00:00   ;     0,0000
14.05.1965 07:00:00   ;     0,0000
15.05.1965 07:00:00   ;     0,0000
16.05.1965 07:00:00   ;     0,0000
17.05.1965 07:00:00   ;     0,0000
18.05.1965 07:00:00   ;     0,0000
19.05.1965 07:00:00   ;     0,0000
20.05.1965 07:00:00   ;     0,0000
21.05.1965 07:00:00   ;     0,0000
22.05.1965 07:00:00   ;     0,0000
23.05.1965 07:00:00   ;     0,0000
24.05.1965 07:00:00   ;     0,0000
25.05.1965 07:00:00   ;     0,0000
26.05.1965 07:00:00   ;     0,0000
27.05.1965 07:00:00   ;     0,0000
28.05.1965 07:00:00   ;     0,0000
29.05.1965 07:00:00   ;     0,0000
30.05.1965 07:00:00   ;     0,0000
31.05.1965 07:00:00   ;     0,0000
01.06.1965 07:00:00   ;     0,0000
02.06.1965 07:00:00   ;     0,0000
03.06.1965 07:00:00   ;     0,0000
04.06.1965 07:00:00   ;     0,0000
05.06.1965 07:00:00   ;     0,0000
06.06.1965 07:00:00   ;     0,0000
07.06.1965 07:00:00   ;     0,0000
08.06.1965 07:00:00   ;     0,0000
09.06.1965 07:00:00   ;     0,0000
10.06.1965 07:00:00   ;     0,0000
11.06.1965 07:00:00   ;     0,0000
12.06.1965 07:00:00   ;     0,0000
13.06.1965 07:00:00   ;     0,0000
14.06.1965 07:00:00   ;     0,0000
15.06.1965 07:00:00   ;     0,0000
16.06.1965 07:00:00   ;     0,0000
17.06.1965 07:00:00   ;     0,0000
18.06.1965 07:00:00   ;     0,0000
19.06.1965 07:00:00   ;     0,0000
20.06.1965 07:00:00   ;     0,0000
21.06.1965 07:00:00   ;     0,0000
22.06.1965 07:00:00   ;     0,0000
23.06.1965 07:00:00   ;     0,0000
24.06.1965 07:00:00   ;     0,0000
25.06.1965 07:00:00   ;     0,0000
26.06.1965 07:00:00   ;     0,0000
27.06.1965 07:00:00   ;     0,0000
28.06.1965 07:00:00   ;     0,0000
29.06.1965 07:00:00   ;     0,0000
30.06.1965 07:00:00   ;     0,0000
01.07.1965 07:00:00   ;     0,0000
02.07.1965 07:00:00   ;     0,0000
03.07.1965 07:00:00   ;     0,0000
04.07.1965 07:00:00   ;     0,0000
05.07.1965 07:00:00   ;     0,0000
06.07.1965 07:00:00   ;     0,0000
07.07.1965 07:00:00   ;     0,0000
08.07.1965 07:00:00   ;     0,0000
09.07.1965 07:00:00   ;     0,0000
10.07.1965 07:00:00   ;     0,0000
11.07.1965 07:00:00   ;     0,0000
12.07.1965 07:00:00   ;     0,0000
13.07.1965 07:00:00   ;     0,0000
14.07.1965 07:00:00   ;     0,0000
15.07.1965 07:00:00   ;     0,0000
16.07.1965 07:00:00   ;     0,0000
17.07.1965 07:00:00   ;     0,0000
18.07.1965 07:00:00   ;     0,0000
19.07.1965 07:00:00   ;     0,0000
20.07.1965 07:00:00   ;     0,0000
21.07.1965 07:00:00   ;     0,0000
22.07.1965 07:00:00   ;     0,0000
23.07.1965 07:00:00   ;     0,0000
24.07.1965 07:00:00   ;     0,0000
25.07.1965 07:00:00   ;     0,0000
26.07.1965 07:00:00   ;     0,0000
27.07.1965 07:00:00   ;     0,0000
28.07.1965 07:00:00   ;     0,0000
29.07.1965 07:00:00   ;     0,0000
30.07.1965 07:00:00   ;     0,0000
31.07.1965 07:00:00   ;     0,0000
01.08.1965 07:00:00   ;     0,0000
02.08.1965 07:00:00   ;     0,0000
03.08.1965 07:00:00   ;     0,0000
04.08.1965 07:00:00   ;     0,0000
05.08.1965 07:00:00   ;     0,0000
06.08.1965 07:00:00   ;     0,0000
07.08.1965 07:00:00   ;     0,0000
08.08.1965 07:00:00   ;     0,0000
09.08.1965 07:00:00   ;     0,0000
10.08.1965 07:00:00   ;     0,0000
11.08.1965 07:00:00   ;     0,0000
12.08.1965 07:00:00   ;     0,0000
13.08.1965 07:00:00   ;     0,0000
14.08.1965 07:00:00   ;     0,0000
15.08.1965 07:00:00   ;     0,0000
16.08.1965 07:00:00   ;     0,0000
17.08.1965 07:00:00   ;     0,0000
18.08.1965 07:00:00   ;     0,0000
19.08.1965 07:00:00   ;     0,0000
20.08.1965 07:00:00   ;     0,0000
21.08.1965 07:00:00   ;     0,0000
22.08.1965 07:00:00   ;     0,0000
23.08.1965 07:00:00   ;     0,0000
24.08.1965 07:00:00   ;     0,0000
25.08.1965 07:00:00   ;     0,0000
26.08.1965 07:00:00   ;     0,0000
27.08.1965 07:00:00   ;     0,0000
28.08.1965 07:00:00   ;     0,0000
29.08.1965 07:00:00   ;     0,0000
30.08.1965 07:00:00   ;     0,0000
31.08.1965 07:00:00   ;     0,0000
01.09.1965 07:00:00   ;     0,0000
02.09.1965 07:00:00   ;     0,0000
03.09.1965 07:00:00   ;     0,0000
04.09.1965 07:00:00   ;     0,0000
05.09.1965 07:00:00   ;     0,0000
06.09.1965 07:00:00   ;     0,0000
07.09.1965 07:00:00   ;     0,0000
08.09.1965 07:00:00   ;     0,0000
09.09.1965 07:00:00   ;     0,0000
10.09.1965 07:00:00   ;     0,0000
11.09.1965 07:00:00   ;     0,0000
12.09.1965 07:00:00   ;     0,0000
13.09.1965 07:00:00   ;     0,0000
14.09.1965 07:00:00   ;     0,0000
15.09.1965 07:00:00   ;     0,0000
16.09.1965 07:00:00   ;     0,0000
17.09.1965 07:00:00   ;     0,0000
18.09.1965 07:00:00   ;     0,0000
19.09.1965 07:00:00   ;     0,0000
20.09.1965 07:00:00   ;     0,0000
21.09.1965 07:00:00   ;     0,0000
22.09.1965 07:00:00   ;     0,0000
23.09.1965 07:00:00   ;     0,0000
24.09.1965 07:00:00   ;     0,0000
25.09.1965 07:00:00   ;     0,0000
26.09.1965 07:00:00   ;     0,0000
27.09.1965 07:00:00   ;     0,0000
28.09.1965 07:00:00   ;     0,0000
29.09.1965 07:00:00   ;     0,0000
30.09.1965 07:00:00   ;     0,0000
01.10.1965 07:00:00   ;     0,0000
02.10.1965 07:00:00   ;     0,0000
03.10.1965 07:00:00   ;     0,0000
04.10.1965 07:00:00   ;     0,0000
05.10.1965 07:00:00   ;     0,0000
06.10.1965 07:00:00   ;     0,0000
07.10.1965 07:00:00   ;     0,0000
08.10.1965 07:00:00   ;     0,0000
09.10.1965 07:00:00   ;     0,0000
10.10.1965 07:00:00   ;     0,0000
11.10.1965 07:00:00   ;     0,0000
12.10.1965 07:00:00   ;     0,0000
13.10.1965 07:00:00   ;     0,0000
14.10.1965 07:00:00   ;     0,0000
15.10.1965 07:00:00   ;     0,0000
16.10.1965 07:00:00   ;     0,0000
17.10.1965 07:00:00   ;     0,0000
18.10.1965 07:00:00   ;     0,0000
19.10.1965 07:00:00   ;     0,0000
20.10.1965 07:00:00   ;     0,0000
21.10.1965 07:00:00   ;     0,0000
22.10.1965 07:00:00   ;     0,0000
23.10.1965 07:00:00   ;     0,0000
24.10.1965 07:00:00   ;     0,0000
25.10.1965 07:00:00   ;     0,0000
26.10.1965 07:00:00   ;     0,0000
27.10.1965 07:00:00   ;     0,0000
28.10.1965 07:00:00   ;     0,0000
29.10.1965 07:00:00   ;     0,0000
30.10.1965 07:00:00   ;     0,0000
31.10.1965 07:00:00   ;     0,0000
01.11.1965 07:00:00   ;     0,0000
02.11.1965 07:00:00   ;     0,0000
03.11.1965 07:00:00   ;     0,0000
04.11.1965 07:00:00   ;     0,0000
05.11.1965 07:00:00   ;     0,0000
06.11.1965 07:00:00   ;     0,0000
07.11.1965 07:00:00   ;     0,0000
08.11.1965 07:00:00   ;     0,0000
09.11.1965 07:00:00   ;     0,0000
10.11.1965 07:00:00   ;     0,0000
11.11.1965 07:00:00   ;     0,0000
12.11.1965 07:00:00   ;     0,0000
13.11.1965 07:00:00   ;     0,0000
14.11.1965 07:00:00   ;    35,0000
15.11.1965 07:00:00   ;    31,0000
16.11.1965 07:00:00   ;    28,0000
17.11.1965 07:00:00   ;    25,0000
18.11.1965 07:00:00   ;    24,0000
19.11.1965 07:00:00   ;    22,0000
20.11.1965 07:00:00   ;    27,0000
21.11.1965 07:00:00   ;    20,0000
22.11.1965 07:00:00   ;    12,0000
23.11.1965 07:00:00   ;    11,0000
24.11.1965 07:00:00   ;    50,0000
25.11.1965 07:00:00   ;    45,0000
26.11.1965 07:00:00   ;    40,0000
27.11.1965 07:00:00   ;    30,0000
28.11.1965 07:00:00   ;    30,0000
29.11.1965 07:00:00   ;    40,0000
30.11.1965 07:00:00   ;    35,0000
01.12.1965 07:00:00   ;    55,0000
02.12.1965 07:00:00   ;    49,0000
03.12.1965 07:00:00   ;    45,0000
04.12.1965 07:00:00   ;    44,0000
05.12.1965 07:00:00   ;    44,0000
06.12.1965 07:00:00   ;    41,0000
07.12.1965 07:00:00   ;    73,0000
08.12.1965 07:00:00   ;   100,0000
09.12.1965 07:00:00   ;   100,0000
10.12.1965 07:00:00   ;    90,0000
11.12.1965 07:00:00   ;    87,0000
12.12.1965 07:00:00   ;    87,0000
13.12.1965 07:00:00   ;    86,0000
14.12.1965 07:00:00   ;    86,0000
15.12.1965 07:00:00   ;    85,0000
16.12.1965 07:00:00   ;    84,0000
17.12.1965 07:00:00   ;    83,0000
18.12.1965 07:00:00   ;    80,0000
19.12.1965 07:00:00   ;    78,0000
20.12.1965 07:00:00   ;    75,0000
21.12.1965 07:00:00   ;    72,0000
22.12.1965 07:00:00   ;    76,0000
23.12.1965 07:00:00   ;    75,0000
24.12.1965 07:00:00   ;    81,0000
25.12.1965 07:00:00   ;    84,0000
26.12.1965 07:00:00   ;    82,0000
27.12.1965 07:00:00   ;    82,0000
28.12.1965 07:00:00   ;    82,0000
29.12.1965 07:00:00   ;    82,0000
30.12.1965 07:00:00   ;    82,0000
31.12.1965 07:00:00   ;    80,0000
01.01.1966 07:00:00   ;    80,0000
02.01.1966 07:00:00   ;    84,0000
03.01.1966 07:00:00   ;    80,0000
04.01.1966 07:00:00   ;    80,0000
05.01.1966 07:00:00   ;     8,0000
06.01.1966 07:00:00   ;    80,0000
07.01.1966 07:00:00   ;    80,0000
08.01.1966 07:00:00   ;    80,0000
09.01.1966 07:00:00   ;    78,0000
10.01.1966 07:00:00   ;    78,0000
11.01.1966 07:00:00   ;    82,0000
12.01.1966 07:00:00   ;    86,0000
13.01.1966 07:00:00   ;    85,0000
14.01.1966 07:00:00   ;    85,0000
15.01.1966 07:00:00   ;    86,0000
16.01.1966 07:00:00   ;    85,0000
17.01.1966 07:00:00   ;    85,0000
18.01.1966 07:00:00   ;    97,0000
19.01.1966 07:00:00   ;    96,0000
20.01.1966 07:00:00   ;    94,0000
21.01.1966 07:00:00   ;    92,0000
22.01.1966 07:00:00   ;    92,0000
23.01.1966 07:00:00   ;   102,0000
24.01.1966 07:00:00   ;   100,0000
25.01.1966 07:00:00   ;   100,0000
26.01.1966 07:00:00   ;    99,0000
27.01.1966 07:00:00   ;    98,0000
28.01.1966 07:00:00   ;    97,0000
29.01.1966 07:00:00   ;    96,0000
30.01.1966 07:00:00   ;    96,0000
31.01.1966 07:00:00   ;    95,0000
01.02.1966 07:00:00   ;    91,0000
02.02.1966 07:00:00   ;    88,0000
03.02.1966 07:00:00   ;    88,0000
04.02.1966 07:00:00   ;    87,0000
05.02.1966 07:00:00   ;    87,0000
06.02.1966 07:00:00   ;    85,0000
07.02.1966 07:00:00   ;    84,0000
08.02.1966 07:00:00   ;    84,0000
09.02.1966 07:00:00   ;    82,0000
10.02.1966 07:00:00   ;    82,0000
11.02.1966 07:00:00   ;    81,0000
12.02.1966 07:00:00   ;    80,0000
13.02.1966 07:00:00   ;    78,0000
14.02.1966 07:00:00   ;    81,0000
15.02.1966 07:00:00   ;    80,0000
16.02.1966 07:00:00   ;    78,0000
17.02.1966 07:00:00   ;    74,0000
18.02.1966 07:00:00   ;    71,0000
19.02.1966 07:00:00   ;    65,0000
20.02.1966 07:00:00   ;    58,0000
21.02.1966 07:00:00   ;    44,0000
22.02.1966 07:00:00   ;    26,0000
23.02.1966 07:00:00   ;    18,0000
24.02.1966 07:00:00   ;    16,0000
25.02.1966 07:00:00   ;    15,0000
26.02.1966 07:00:00   ;    14,0000
27.02.1966 07:00:00   ;    14,0000
28.02.1966 07:00:00   ;    12,0000
01.03.1966 07:00:00   ;    12,0000
02.03.1966 07:00:00   ;    11,0000
03.03.1966 07:00:00   ;    11,0000
04.03.1966 07:00:00   ;    14,0000
05.03.1966 07:00:00   ;    11,0000
06.03.1966 07:00:00   ;    10,0000
07.03.1966 07:00:00   ;     0,0000
08.03.1966 07:00:00   ;     0,0000
09.03.1966 07:00:00   ;     0,0000
10.03.1966 07:00:00   ;     0,0000
11.03.1966 07:00:00   ;     0,0000
12.03.1966 07:00:00   ;    15,0000
13.03.1966 07:00:00   ;    25,0000
14.03.1966 07:00:00   ;    19,0000
15.03.1966 07:00:00   ;    15,0000
16.03.1966 07:00:00   ;    14,0000
17.03.1966 07:00:00   ;    10,0000
18.03.1966 07:00:00   ;     8,0000
19.03.1966 07:00:00   ;     7,0000
20.03.1966 07:00:00   ;     5,0000
21.03.1966 07:00:00   ;     3,0000
22.03.1966 07:00:00   ;     0,0000
23.03.1966 07:00:00   ;     0,0000
24.03.1966 07:00:00   ;     0,0000
25.03.1966 07:00:00   ;     0,0000
26.03.1966 07:00:00   ;    46,0000
27.03.1966 07:00:00   ;    35,0000
28.03.1966 07:00:00   ;    17,0000
29.03.1966 07:00:00   ;    15,0000
30.03.1966 07:00:00   ;    20,0000
31.03.1966 07:00:00   ;    12,0000
01.04.1966 07:00:00   ;     0,0000
02.04.1966 07:00:00   ;     0,0000
03.04.1966 07:00:00   ;     0,0000
04.04.1966 07:00:00   ;     0,0000
05.04.1966 07:00:00   ;     0,0000
06.04.1966 07:00:00   ;     0,0000
07.04.1966 07:00:00   ;     0,0000
08.04.1966 07:00:00   ;     0,0000
09.04.1966 07:00:00   ;     0,0000
10.04.1966 07:00:00   ;     0,0000
11.04.1966 07:00:00   ;     0,0000
12.04.1966 07:00:00   ;     0,0000
13.04.1966 07:00:00   ;     0,0000
14.04.1966 07:00:00   ;     0,0000
15.04.1966 07:00:00   ;     0,0000
16.04.1966 07:00:00   ;     0,0000
17.04.1966 07:00:00   ;     0,0000
18.04.1966 07:00:00   ;     0,0000
19.04.1966 07:00:00   ;     0,0000
20.04.1966 07:00:00   ;     0,0000
21.04.1966 07:00:00   ;     0,0000
22.04.1966 07:00:00   ;     0,0000
23.04.1966 07:00:00   ;     0,0000
24.04.1966 07:00:00   ;     0,0000
25.04.1966 07:00:00   ;     0,0000
26.04.1966 07:00:00   ;     0,0000
27.04.1966 07:00:00   ;     0,0000
28.04.1966 07:00:00   ;     0,0000
29.04.1966 07:00:00   ;     0,0000
30.04.1966 07:00:00   ;     0,0000
01.05.1966 07:00:00   ;     0,0000
02.05.1966 07:00:00   ;     0,0000
03.05.1966 07:00:00   ;     0,0000
04.05.1966 07:00:00   ;     0,0000
05.05.1966 07:00:00   ;     0,0000
06.05.1966 07:00:00   ;     0,0000
07.05.1966 07:00:00   ;     0,0000
08.05.1966 07:00:00   ;     0,0000
09.05.1966 07:00:00   ;     0,0000
10.05.1966 07:00:00   ;     0,0000
11.05.1966 07:00:00   ;     0,0000
12.05.1966 07:00:00   ;     0,0000
13.05.1966 07:00:00   ;     0,0000
14.05.1966 07:00:00   ;     0,0000
15.05.1966 07:00:00   ;     0,0000
16.05.1966 07:00:00   ;     0,0000
17.05.1966 07:00:00   ;     0,0000
18.05.1966 07:00:00   ;     0,0000
19.05.1966 07:00:00   ;     0,0000
20.05.1966 07:00:00   ;     0,0000
21.05.1966 07:00:00   ;     0,0000
22.05.1966 07:00:00   ;     0,0000
23.05.1966 07:00:00   ;     0,0000
24.05.1966 07:00:00   ;     0,0000
25.05.1966 07:00:00   ;     0,0000
26.05.1966 07:00:00   ;     0,0000
27.05.1966 07:00:00   ;     0,0000
28.05.1966 07:00:00   ;     0,0000
29.05.1966 07:00:00   ;     0,0000
30.05.1966 07:00:00   ;     0,0000
31.05.1966 07:00:00   ;     0,0000
01.06.1966 07:00:00   ;     0,0000
02.06.1966 07:00:00   ;     0,0000
03.06.1966 07:00:00   ;     0,0000
04.06.1966 07:00:00   ;     0,0000
05.06.1966 07:00:00   ;     0,0000
06.06.1966 07:00:00   ;     0,0000
07.06.1966 07:00:00   ;     0,0000
08.06.1966 07:00:00   ;     0,0000
09.06.1966 07:00:00   ;     0,0000
10.06.1966 07:00:00   ;     0,0000
11.06.1966 07:00:00   ;     0,0000
12.06.1966 07:00:00   ;     0,0000
13.06.1966 07:00:00   ;     0,0000
14.06.1966 07:00:00   ;     0,0000
15.06.1966 07:00:00   ;     0,0000
16.06.1966 07:00:00   ;     0,0000
17.06.1966 07:00:00   ;     0,0000
18.06.1966 07:00:00   ;     0,0000
19.06.1966 07:00:00   ;     0,0000
20.06.1966 07:00:00   ;     0,0000
21.06.1966 07:00:00   ;     0,0000
22.06.1966 07:00:00   ;     0,0000
23.06.1966 07:00:00   ;     0,0000
24.06.1966 07:00:00   ;     0,0000
25.06.1966 07:00:00   ;     0,0000
26.06.1966 07:00:00   ;     0,0000
27.06.1966 07:00:00   ;     0,0000
28.06.1966 07:00:00   ;     0,0000
29.06.1966 07:00:00   ;     0,0000
30.06.1966 07:00:00   ;     0,0000
01.07.1966 07:00:00   ;     0,0000
02.07.1966 07:00:00   ;     0,0000
03.07.1966 07:00:00   ;     0,0000
04.07.1966 07:00:00   ;     0,0000
05.07.1966 07:00:00   ;     0,0000
06.07.1966 07:00:00   ;     0,0000
07.07.1966 07:00:00   ;     0,0000
08.07.1966 07:00:00   ;     0,0000
09.07.1966 07:00:00   ;     0,0000
10.07.1966 07:00:00   ;     0,0000
11.07.1966 07:00:00   ;     0,0000
12.07.1966 07:00:00   ;     0,0000
13.07.1966 07:00:00   ;     0,0000
14.07.1966 07:00:00   ;     0,0000
15.07.1966 07:00:00   ;     0,0000
16.07.1966 07:00:00   ;     0,0000
17.07.1966 07:00:00   ;     0,0000
18.07.1966 07:00:00   ;     0,0000
19.07.1966 07:00:00   ;     0,0000
20.07.1966 07:00:00   ;     0,0000
21.07.1966 07:00:00   ;     0,0000
22.07.1966 07:00:00   ;     0,0000
23.07.1966 07:00:00   ;     0,0000
24.07.1966 07:00:00   ;     0,0000
25.07.1966 07:00:00   ;     0,0000
26.07.1966 07:00:00   ;     0,0000
27.07.1966 07:00:00   ;     0,0000
28.07.1966 07:00:00   ;     0,0000
29.07.1966 07:00:00   ;     0,0000
30.07.1966 07:00:00   ;     0,0000
31.07.1966 07:00:00   ;     0,0000
01.08.1966 07:00:00   ;     0,0000
02.08.1966 07:00:00   ;     0,0000
03.08.1966 07:00:00   ;     0,0000
04.08.1966 07:00:00   ;     0,0000
05.08.1966 07:00:00   ;     0,0000
06.08.1966 07:00:00   ;     0,0000
07.08.1966 07:00:00   ;     0,0000
08.08.1966 07:00:00   ;     0,0000
09.08.1966 07:00:00   ;     0,0000
10.08.1966 07:00:00   ;     0,0000
11.08.1966 07:00:00   ;     0,0000
12.08.1966 07:00:00   ;     0,0000
13.08.1966 07:00:00   ;     0,0000
14.08.1966 07:00:00   ;     0,0000
15.08.1966 07:00:00   ;     0,0000
16.08.1966 07:00:00   ;     0,0000
17.08.1966 07:00:00   ;     0,0000
18.08.1966 07:00:00   ;     0,0000
19.08.1966 07:00:00   ;     0,0000
20.08.1966 07:00:00   ;     0,0000
21.08.1966 07:00:00   ;     0,0000
22.08.1966 07:00:00   ;     0,0000
23.08.1966 07:00:00   ;     0,0000
24.08.1966 07:00:00   ;     0,0000
25.08.1966 07:00:00   ;     0,0000
26.08.1966 07:00:00   ;     0,0000
27.08.1966 07:00:00   ;     0,0000
28.08.1966 07:00:00   ;     0,0000
29.08.1966 07:00:00   ;     0,0000
30.08.1966 07:00:00   ;     0,0000
31.08.1966 07:00:00   ;     0,0000
01.09.1966 07:00:00   ;     0,0000
02.09.1966 07:00:00   ;     0,0000
03.09.1966 07:00:00   ;     0,0000
04.09.1966 07:00:00   ;     0,0000
05.09.1966 07:00:00   ;     0,0000
06.09.1966 07:00:00   ;     0,0000
07.09.1966 07:00:00   ;     0,0000
08.09.1966 07:00:00   ;     0,0000
09.09.1966 07:00:00   ;     0,0000
10.09.1966 07:00:00   ;     0,0000
11.09.1966 07:00:00   ;     0,0000
12.09.1966 07:00:00   ;     0,0000
13.09.1966 07:00:00   ;     0,0000
14.09.1966 07:00:00   ;     0,0000
15.09.1966 07:00:00   ;     0,0000
16.09.1966 07:00:00   ;     0,0000
17.09.1966 07:00:00   ;     0,0000
18.09.1966 07:00:00   ;     0,0000
19.09.1966 07:00:00   ;     0,0000
20.09.1966 07:00:00   ;     0,0000
21.09.1966 07:00:00   ;     0,0000
22.09.1966 07:00:00   ;     0,0000
23.09.1966 07:00:00   ;     0,0000
24.09.1966 07:00:00   ;     0,0000
25.09.1966 07:00:00   ;     0,0000
26.09.1966 07:00:00   ;     0,0000
27.09.1966 07:00:00   ;     0,0000
28.09.1966 07:00:00   ;     0,0000
29.09.1966 07:00:00   ;     0,0000
30.09.1966 07:00:00   ;     0,0000
01.10.1966 07:00:00   ;     0,0000
02.10.1966 07:00:00   ;     0,0000
03.10.1966 07:00:00   ;     0,0000
04.10.1966 07:00:00   ;     0,0000
05.10.1966 07:00:00   ;     0,0000
06.10.1966 07:00:00   ;     0,0000
07.10.1966 07:00:00   ;     0,0000
08.10.1966 07:00:00   ;     0,0000
09.10.1966 07:00:00   ;     0,0000
10.10.1966 07:00:00   ;     0,0000
11.10.1966 07:00:00   ;     0,0000
12.10.1966 07:00:00   ;     0,0000
13.10.1966 07:00:00   ;     0,0000
14.10.1966 07:00:00   ;     0,0000
15.10.1966 07:00:00   ;     0,0000
16.10.1966 07:00:00   ;     0,0000
17.10.1966 07:00:00   ;     0,0000
18.10.1966 07:00:00   ;     0,0000
19.10.1966 07:00:00   ;     0,0000
20.10.1966 07:00:00   ;     0,0000
21.10.1966 07:00:00   ;     0,0000
22.10.1966 07:00:00   ;     0,0000
23.10.1966 07:00:00   ;     0,0000
24.10.1966 07:00:00   ;     0,0000
25.10.1966 07:00:00   ;     0,0000
26.10.1966 07:00:00   ;     0,0000
27.10.1966 07:00:00   ;     0,0000
28.10.1966 07:00:00   ;     0,0000
29.10.1966 07:00:00   ;     0,0000
30.10.1966 07:00:00   ;     0,0000
31.10.1966 07:00:00   ;     0,0000
01.11.1966 07:00:00   ;     0,0000
02.11.1966 07:00:00   ;     0,0000
03.11.1966 07:00:00   ;     0,0000
04.11.1966 07:00:00   ;     0,0000
05.11.1966 07:00:00   ;     0,0000
06.11.1966 07:00:00   ;     0,0000
07.11.1966 07:00:00   ;     0,0000
08.11.1966 07:00:00   ;     0,0000
09.11.1966 07:00:00   ;     0,0000
10.11.1966 07:00:00   ;     0,0000
11.11.1966 07:00:00   ;     0,0000
12.11.1966 07:00:00   ;    30,0000
13.11.1966 07:00:00   ;    28,0000
14.11.1966 07:00:00   ;    27,0000
15.11.1966 07:00:00   ;    26,0000
16.11.1966 07:00:00   ;    23,0000
17.11.1966 07:00:00   ;    45,0000
18.11.1966 07:00:00   ;    57,0000
19.11.1966 07:00:00   ;    58,0000
20.11.1966 07:00:00   ;    54,0000
21.11.1966 07:00:00   ;    63,0000
22.11.1966 07:00:00   ;    62,0000
23.11.1966 07:00:00   ;    61,0000
24.11.1966 07:00:00   ;    61,0000
25.11.1966 07:00:00   ;    73,0000
26.11.1966 07:00:00   ;    67,0000
27.11.1966 07:00:00   ;    65,0000
28.11.1966 07:00:00   ;    65,0000
29.11.1966 07:00:00   ;    64,0000
30.11.1966 07:00:00   ;    83,0000
01.12.1966 07:00:00   ;    78,0000
02.12.1966 07:00:00   ;    56,0000
03.12.1966 07:00:00   ;    29,0000
04.12.1966 07:00:00   ;    36,0000
05.12.1966 07:00:00   ;    36,0000
06.12.1966 07:00:00   ;    50,0000
07.12.1966 07:00:00   ;    49,0000
08.12.1966 07:00:00   ;    48,0000
09.12.1966 07:00:00   ;    46,0000
10.12.1966 07:00:00   ;    62,0000
11.12.1966 07:00:00   ;    55,0000
12.12.1966 07:00:00   ;    53,0000
13.12.1966 07:00:00   ;    51,0000
14.12.1966 07:00:00   ;    48,0000
15.12.1966 07:00:00   ;    47,0000
16.12.1966 07:00:00   ;    47,0000
17.12.1966 07:00:00   ;    47,0000
18.12.1966 07:00:00   ;    46,0000
19.12.1966 07:00:00   ;    45,0000
20.12.1966 07:00:00   ;    44,0000
21.12.1966 07:00:00   ;    43,0000
22.12.1966 07:00:00   ;    42,0000
23.12.1966 07:00:00   ;    42,0000
24.12.1966 07:00:00   ;    42,0000
25.12.1966 07:00:00   ;    42,0000
26.12.1966 07:00:00   ;    44,0000
27.12.1966 07:00:00   ;    44,0000
28.12.1966 07:00:00   ;    44,0000
29.12.1966 07:00:00   ;    51,0000
30.12.1966 07:00:00   ;    50,0000
31.12.1966 07:00:00   ;    50,0000
01.01.1967 07:00:00   ;    50,0000
02.01.1967 07:00:00   ;    50,0000
03.01.1967 07:00:00   ;    62,0000
04.01.1967 07:00:00   ;    60,0000
05.01.1967 07:00:00   ;    60,0000
06.01.1967 07:00:00   ;    66,0000
07.01.1967 07:00:00   ;    85,0000
08.01.1967 07:00:00   ;    84,0000
09.01.1967 07:00:00   ;    83,0000
10.01.1967 07:00:00   ;    83,0000
11.01.1967 07:00:00   ;    82,0000
12.01.1967 07:00:00   ;    81,0000
13.01.1967 07:00:00   ;    81,0000
14.01.1967 07:00:00   ;    78,0000
15.01.1967 07:00:00   ;    73,0000
16.01.1967 07:00:00   ;    72,0000
17.01.1967 07:00:00   ;    71,0000
18.01.1967 07:00:00   ;    70,0000
19.01.1967 07:00:00   ;    70,0000
20.01.1967 07:00:00   ;    70,0000
21.01.1967 07:00:00   ;    69,0000
22.01.1967 07:00:00   ;    68,0000
23.01.1967 07:00:00   ;    75,0000
24.01.1967 07:00:00   ;    75,0000
25.01.1967 07:00:00   ;    76,0000
26.01.1967 07:00:00   ;    74,0000
27.01.1967 07:00:00   ;    73,0000
28.01.1967 07:00:00   ;    70,0000
29.01.1967 07:00:00   ;    70,0000
30.01.1967 07:00:00   ;    69,0000
31.01.1967 07:00:00   ;    69,0000
01.02.1967 07:00:00   ;    68,0000
02.02.1967 07:00:00   ;    68,0000
03.02.1967 07:00:00   ;    67,0000
04.02.1967 07:00:00   ;    66,0000
05.02.1967 07:00:00   ;    70,0000
06.02.1967 07:00:00   ;    74,0000
07.02.1967 07:00:00   ;    73,0000
08.02.1967 07:00:00   ;    73,0000
09.02.1967 07:00:00   ;    72,0000
10.02.1967 07:00:00   ;    72,0000
11.02.1967 07:00:00   ;    72,0000
12.02.1967 07:00:00   ;    72,0000
13.02.1967 07:00:00   ;    72,0000
14.02.1967 07:00:00   ;    72,0000
15.02.1967 07:00:00   ;    72,0000
16.02.1967 07:00:00   ;    71,0000
17.02.1967 07:00:00   ;    71,0000
18.02.1967 07:00:00   ;    94,0000
19.02.1967 07:00:00   ;   103,0000
20.02.1967 07:00:00   ;    97,0000
21.02.1967 07:00:00   ;    96,0000
22.02.1967 07:00:00   ;    94,0000
23.02.1967 07:00:00   ;    91,0000
24.02.1967 07:00:00   ;    85,0000
25.02.1967 07:00:00   ;    81,0000
26.02.1967 07:00:00   ;    76,0000
27.02.1967 07:00:00   ;    70,0000
28.02.1967 07:00:00   ;    63,0000
01.03.1967 07:00:00   ;    59,0000
02.03.1967 07:00:00   ;    58,0000
03.03.1967 07:00:00   ;    57,0000
04.03.1967 07:00:00   ;    54,0000
05.03.1967 07:00:00   ;    50,0000
06.03.1967 07:00:00   ;    46,0000
07.03.1967 07:00:00   ;    42,0000
08.03.1967 07:00:00   ;    39,0000
09.03.1967 07:00:00   ;    31,0000
10.03.1967 07:00:00   ;    20,0000
11.03.1967 07:00:00   ;     5,0000
12.03.1967 07:00:00   ;     0,0000
13.03.1967 07:00:00   ;     0,0000
14.03.1967 07:00:00   ;     0,0000
15.03.1967 07:00:00   ;     0,0000
16.03.1967 07:00:00   ;     0,0000
17.03.1967 07:00:00   ;     0,0000
18.03.1967 07:00:00   ;     0,0000
19.03.1967 07:00:00   ;     0,0000
20.03.1967 07:00:00   ;     0,0000
21.03.1967 07:00:00   ;     2,0000
22.03.1967 07:00:00   ;     0,0000
23.03.1967 07:00:00   ;     0,0000
24.03.1967 07:00:00   ;     0,0000
25.03.1967 07:00:00   ;     0,0000
26.03.1967 07:00:00   ;     0,0000
27.03.1967 07:00:00   ;     0,0000
28.03.1967 07:00:00   ;     0,0000
29.03.1967 07:00:00   ;    33,0000
30.03.1967 07:00:00   ;    53,0000
31.03.1967 07:00:00   ;    40,0000
01.04.1967 07:00:00   ;    51,0000
02.04.1967 07:00:00   ;    42,0000
03.04.1967 07:00:00   ;    36,0000
04.04.1967 07:00:00   ;    29,0000
05.04.1967 07:00:00   ;    25,0000
06.04.1967 07:00:00   ;    18,0000
07.04.1967 07:00:00   ;    50,0000
08.04.1967 07:00:00   ;    44,0000
09.04.1967 07:00:00   ;    37,0000
10.04.1967 07:00:00   ;    18,0000
11.04.1967 07:00:00   ;    11,0000
12.04.1967 07:00:00   ;     4,0000
13.04.1967 07:00:00   ;     0,0000
14.04.1967 07:00:00   ;     0,0000
15.04.1967 07:00:00   ;     0,0000
16.04.1967 07:00:00   ;     0,0000
17.04.1967 07:00:00   ;     0,0000
18.04.1967 07:00:00   ;     0,0000
19.04.1967 07:00:00   ;     0,0000
20.04.1967 07:00:00   ;     0,0000
21.04.1967 07:00:00   ;     0,0000
22.04.1967 07:00:00   ;    37,0000
23.04.1967 07:00:00   ;    30,0000
24.04.1967 07:00:00   ;    19,0000
25.04.1967 07:00:00   ;    17,0000
26.04.1967 07:00:00   ;    15,0000
27.04.1967 07:00:00   ;    12,0000
28.04.1967 07:00:00   ;     8,0000
29.04.1967 07:00:00   ;     3,0000
30.04.1967 07:00:00   ;     0,0000
01.05.1967 07:00:00   ;     0,0000
02.05.1967 07:00:00   ;     0,0000
03.05.1967 07:00:00   ;     0,0000
04.05.1967 07:00:00   ;     0,0000
05.05.1967 07:00:00   ;     0,0000
06.05.1967 07:00:00   ;     0,0000
07.05.1967 07:00:00   ;     0,0000
08.05.1967 07:00:00   ;     0,0000
09.05.1967 07:00:00   ;     0,0000
10.05.1967 07:00:00   ;     0,0000
11.05.1967 07:00:00   ;     0,0000
12.05.1967 07:00:00   ;     0,0000
13.05.1967 07:00:00   ;     0,0000
14.05.1967 07:00:00   ;     0,0000
15.05.1967 07:00:00   ;     0,0000
16.05.1967 07:00:00   ;     0,0000
17.05.1967 07:00:00   ;     0,0000
18.05.1967 07:00:00   ;     0,0000
19.05.1967 07:00:00   ;     0,0000
20.05.1967 07:00:00   ;     0,0000
21.05.1967 07:00:00   ;     0,0000
22.05.1967 07:00:00   ;     0,0000
23.05.1967 07:00:00   ;     0,0000
24.05.1967 07:00:00   ;     0,0000
25.05.1967 07:00:00   ;     0,0000
26.05.1967 07:00:00   ;     0,0000
27.05.1967 07:00:00   ;     0,0000
28.05.1967 07:00:00   ;     0,0000
29.05.1967 07:00:00   ;     0,0000
30.05.1967 07:00:00   ;     0,0000
31.05.1967 07:00:00   ;     0,0000
01.06.1967 07:00:00   ;     0,0000
02.06.1967 07:00:00   ;     0,0000
03.06.1967 07:00:00   ;     0,0000
04.06.1967 07:00:00   ;     0,0000
05.06.1967 07:00:00   ;     0,0000
06.06.1967 07:00:00   ;     0,0000
07.06.1967 07:00:00   ;     0,0000
08.06.1967 07:00:00   ;     0,0000
09.06.1967 07:00:00   ;     0,0000
10.06.1967 07:00:00   ;     0,0000
11.06.1967 07:00:00   ;     0,0000
12.06.1967 07:00:00   ;     0,0000
13.06.1967 07:00:00   ;     0,0000
14.06.1967 07:00:00   ;     0,0000
15.06.1967 07:00:00   ;     0,0000
16.06.1967 07:00:00   ;     0,0000
17.06.1967 07:00:00   ;     0,0000
18.06.1967 07:00:00   ;     0,0000
19.06.1967 07:00:00   ;     0,0000
20.06.1967 07:00:00   ;     0,0000
21.06.1967 07:00:00   ;     0,0000
22.06.1967 07:00:00   ;     0,0000
23.06.1967 07:00:00   ;     0,0000
24.06.1967 07:00:00   ;     0,0000
25.06.1967 07:00:00   ;     0,0000
26.06.1967 07:00:00   ;     0,0000
27.06.1967 07:00:00   ;     0,0000
28.06.1967 07:00:00   ;     0,0000
29.06.1967 07:00:00   ;     0,0000
30.06.1967 07:00:00   ;     0,0000
01.07.1967 07:00:00   ;     0,0000
02.07.1967 07:00:00   ;     0,0000
03.07.1967 07:00:00   ;     0,0000
04.07.1967 07:00:00   ;     0,0000
05.07.1967 07:00:00   ;     0,0000
06.07.1967 07:00:00   ;     0,0000
07.07.1967 07:00:00   ;     0,0000
08.07.1967 07:00:00   ;     0,0000
09.07.1967 07:00:00   ;     0,0000
10.07.1967 07:00:00   ;     0,0000
11.07.1967 07:00:00   ;     0,0000
12.07.1967 07:00:00   ;     0,0000
13.07.1967 07:00:00   ;     0,0000
14.07.1967 07:00:00   ;     0,0000
15.07.1967 07:00:00   ;     0,0000
16.07.1967 07:00:00   ;     0,0000
17.07.1967 07:00:00   ;     0,0000
18.07.1967 07:00:00   ;     0,0000
19.07.1967 07:00:00   ;     0,0000
20.07.1967 07:00:00   ;     0,0000
21.07.1967 07:00:00   ;     0,0000
22.07.1967 07:00:00   ;     0,0000
23.07.1967 07:00:00   ;     0,0000
24.07.1967 07:00:00   ;     0,0000
25.07.1967 07:00:00   ;     0,0000
26.07.1967 07:00:00   ;     0,0000
27.07.1967 07:00:00   ;     0,0000
28.07.1967 07:00:00   ;     0,0000
29.07.1967 07:00:00   ;     0,0000
30.07.1967 07:00:00   ;     0,0000
31.07.1967 07:00:00   ;     0,0000
01.08.1967 07:00:00   ;     0,0000
02.08.1967 07:00:00   ;     0,0000
03.08.1967 07:00:00   ;     0,0000
04.08.1967 07:00:00   ;     0,0000
05.08.1967 07:00:00   ;     0,0000
06.08.1967 07:00:00   ;     0,0000
07.08.1967 07:00:00   ;     0,0000
08.08.1967 07:00:00   ;     0,0000
09.08.1967 07:00:00   ;     0,0000
10.08.1967 07:00:00   ;     0,0000
11.08.1967 07:00:00   ;     0,0000
12.08.1967 07:00:00   ;     0,0000
13.08.1967 07:00:00   ;     0,0000
14.08.1967 07:00:00   ;     0,0000
15.08.1967 07:00:00   ;     0,0000
16.08.1967 07:00:00   ;     0,0000
17.08.1967 07:00:00   ;     0,0000
18.08.1967 07:00:00   ;     0,0000
19.08.1967 07:00:00   ;     0,0000
20.08.1967 07:00:00   ;     0,0000
21.08.1967 07:00:00   ;     0,0000
22.08.1967 07:00:00   ;     0,0000
23.08.1967 07:00:00   ;     0,0000
24.08.1967 07:00:00   ;     0,0000
25.08.1967 07:00:00   ;     0,0000
26.08.1967 07:00:00   ;     0,0000
27.08.1967 07:00:00   ;     0,0000
28.08.1967 07:00:00   ;     0,0000
29.08.1967 07:00:00   ;     0,0000
30.08.1967 07:00:00   ;     0,0000
31.08.1967 07:00:00   ;     0,0000
01.09.1967 07:00:00   ;     0,0000
02.09.1967 07:00:00   ;     0,0000
03.09.1967 07:00:00   ;     0,0000
04.09.1967 07:00:00   ;     0,0000
05.09.1967 07:00:00   ;     0,0000
06.09.1967 07:00:00   ;     0,0000
07.09.1967 07:00:00   ;     0,0000
08.09.1967 07:00:00   ;     0,0000
09.09.1967 07:00:00   ;     0,0000
10.09.1967 07:00:00   ;     0,0000
11.09.1967 07:00:00   ;     0,0000
12.09.1967 07:00:00   ;     0,0000
13.09.1967 07:00:00   ;     0,0000
14.09.1967 07:00:00   ;     0,0000
15.09.1967 07:00:00   ;     0,0000
16.09.1967 07:00:00   ;     0,0000
17.09.1967 07:00:00   ;     0,0000
18.09.1967 07:00:00   ;     0,0000
19.09.1967 07:00:00   ;     0,0000
20.09.1967 07:00:00   ;     0,0000
21.09.1967 07:00:00   ;     0,0000
22.09.1967 07:00:00   ;     0,0000
23.09.1967 07:00:00   ;     0,0000
24.09.1967 07:00:00   ;     0,0000
25.09.1967 07:00:00   ;     0,0000
26.09.1967 07:00:00   ;     0,0000
27.09.1967 07:00:00   ;     0,0000
28.09.1967 07:00:00   ;     0,0000
29.09.1967 07:00:00   ;     0,0000
30.09.1967 07:00:00   ;     0,0000
01.10.1967 07:00:00   ;     0,0000
02.10.1967 07:00:00   ;     0,0000
03.10.1967 07:00:00   ;     0,0000
04.10.1967 07:00:00   ;     0,0000
05.10.1967 07:00:00   ;     0,0000
06.10.1967 07:00:00   ;     0,0000
07.10.1967 07:00:00   ;     0,0000
08.10.1967 07:00:00   ;     0,0000
09.10.1967 07:00:00   ;     0,0000
10.10.1967 07:00:00   ;     0,0000
11.10.1967 07:00:00   ;     0,0000
12.10.1967 07:00:00   ;     0,0000
13.10.1967 07:00:00   ;     0,0000
14.10.1967 07:00:00   ;     0,0000
15.10.1967 07:00:00   ;     0,0000
16.10.1967 07:00:00   ;     0,0000
17.10.1967 07:00:00   ;     0,0000
18.10.1967 07:00:00   ;     0,0000
19.10.1967 07:00:00   ;     0,0000
20.10.1967 07:00:00   ;     0,0000
21.10.1967 07:00:00   ;     0,0000
22.10.1967 07:00:00   ;     0,0000
23.10.1967 07:00:00   ;     0,0000
24.10.1967 07:00:00   ;     0,0000
25.10.1967 07:00:00   ;     0,0000
26.10.1967 07:00:00   ;     0,0000
27.10.1967 07:00:00   ;     0,0000
28.10.1967 07:00:00   ;     0,0000
29.10.1967 07:00:00   ;     0,0000
30.10.1967 07:00:00   ;     0,0000
31.10.1967 07:00:00   ;     0,0000
01.11.1967 07:00:00   ;     0,0000
02.11.1967 07:00:00   ;     0,0000
03.11.1967 07:00:00   ;     0,0000
04.11.1967 07:00:00   ;     0,0000
05.11.1967 07:00:00   ;     0,0000
06.11.1967 07:00:00   ;     0,0000
07.11.1967 07:00:00   ;     0,0000
08.11.1967 07:00:00   ;     0,0000
09.11.1967 07:00:00   ;     0,0000
10.11.1967 07:00:00   ;     0,0000
11.11.1967 07:00:00   ;     0,0000
12.11.1967 07:00:00   ;     0,0000
13.11.1967 07:00:00   ;     0,0000
14.11.1967 07:00:00   ;     0,0000
15.11.1967 07:00:00   ;     0,0000
16.11.1967 07:00:00   ;     0,0000
17.11.1967 07:00:00   ;     0,0000
18.11.1967 07:00:00   ;     0,0000
19.11.1967 07:00:00   ;     0,0000
20.11.1967 07:00:00   ;     0,0000
21.11.1967 07:00:00   ;     0,0000
22.11.1967 07:00:00   ;     0,0000
23.11.1967 07:00:00   ;     0,0000
24.11.1967 07:00:00   ;     0,0000
25.11.1967 07:00:00   ;     0,0000
26.11.1967 07:00:00   ;     0,0000
27.11.1967 07:00:00   ;     0,0000
28.11.1967 07:00:00   ;    27,0000
29.11.1967 07:00:00   ;    31,0000
30.11.1967 07:00:00   ;    35,0000
01.12.1967 07:00:00   ;    40,0000
02.12.1967 07:00:00   ;    39,0000
03.12.1967 07:00:00   ;    38,0000
04.12.1967 07:00:00   ;    37,0000
05.12.1967 07:00:00   ;    32,0000
06.12.1967 07:00:00   ;    30,0000
07.12.1967 07:00:00   ;    27,0000
08.12.1967 07:00:00   ;    26,0000
09.12.1967 07:00:00   ;    26,0000
10.12.1967 07:00:00   ;    29,0000
11.12.1967 07:00:00   ;    35,0000
12.12.1967 07:00:00   ;    36,0000
13.12.1967 07:00:00   ;    35,0000
14.12.1967 07:00:00   ;    33,0000
15.12.1967 07:00:00   ;    33,0000
16.12.1967 07:00:00   ;    33,0000
17.12.1967 07:00:00   ;    32,0000
18.12.1967 07:00:00   ;    32,0000
19.12.1967 07:00:00   ;    31,0000
20.12.1967 07:00:00   ;    28,0000
21.12.1967 07:00:00   ;    27,0000
22.12.1967 07:00:00   ;    26,0000
23.12.1967 07:00:00   ;    23,0000
24.12.1967 07:00:00   ;    20,0000
25.12.1967 07:00:00   ;    15,0000
26.12.1967 07:00:00   ;    17,0000
27.12.1967 07:00:00   ;    16,0000
28.12.1967 07:00:00   ;    15,0000
29.12.1967 07:00:00   ;    15,0000
30.12.1967 07:00:00   ;    45,0000
31.12.1967 07:00:00   ;    60,0000
01.01.1968 07:00:00   ;    67,0000
02.01.1968 07:00:00   ;    90,0000
03.01.1968 07:00:00   ;    80,0000
04.01.1968 07:00:00   ;    74,0000
05.01.1968 07:00:00   ;    65,0000
06.01.1968 07:00:00   ;    62,0000
07.01.1968 07:00:00   ;    57,0000
08.01.1968 07:00:00   ;    57,0000
09.01.1968 07:00:00   ;    56,0000
10.01.1968 07:00:00   ;    56,0000
11.01.1968 07:00:00   ;    56,0000
12.01.1968 07:00:00   ;    56,0000
13.01.1968 07:00:00   ;    55,0000
14.01.1968 07:00:00   ;    55,0000
15.01.1968 07:00:00   ;    52,0000
16.01.1968 07:00:00   ;    50,0000
17.01.1968 07:00:00   ;    48,0000
18.01.1968 07:00:00   ;    49,0000
19.01.1968 07:00:00   ;    48,0000
20.01.1968 07:00:00   ;    48,0000
21.01.1968 07:00:00   ;    47,0000
22.01.1968 07:00:00   ;    46,0000
23.01.1968 07:00:00   ;    46,0000
24.01.1968 07:00:00   ;    46,0000
25.01.1968 07:00:00   ;    50,0000
26.01.1968 07:00:00   ;    50,0000
27.01.1968 07:00:00   ;    58,0000
28.01.1968 07:00:00   ;    57,0000
29.01.1968 07:00:00   ;    56,0000
30.01.1968 07:00:00   ;    55,0000
31.01.1968 07:00:00   ;    54,0000
01.02.1968 07:00:00   ;    52,0000
02.02.1968 07:00:00   ;    51,0000
03.02.1968 07:00:00   ;    51,0000
04.02.1968 07:00:00   ;    63,0000
05.02.1968 07:00:00   ;    75,0000
06.02.1968 07:00:00   ;    70,0000
07.02.1968 07:00:00   ;    68,0000
08.02.1968 07:00:00   ;    67,0000
09.02.1968 07:00:00   ;    75,0000
10.02.1968 07:00:00   ;    64,0000
11.02.1968 07:00:00   ;    60,0000
12.02.1968 07:00:00   ;    60,0000
13.02.1968 07:00:00   ;    60,0000
14.02.1968 07:00:00   ;    59,0000
15.02.1968 07:00:00   ;    58,0000
16.02.1968 07:00:00   ;    57,0000
17.02.1968 07:00:00   ;    63,0000
18.02.1968 07:00:00   ;    64,0000
19.02.1968 07:00:00   ;    64,0000
20.02.1968 07:00:00   ;    64,0000
21.02.1968 07:00:00   ;    62,0000
22.02.1968 07:00:00   ;    58,0000
23.02.1968 07:00:00   ;    56,0000
24.02.1968 07:00:00   ;    50,0000
25.02.1968 07:00:00   ;    43,0000
26.02.1968 07:00:00   ;    42,0000
27.02.1968 07:00:00   ;    43,0000
28.02.1968 07:00:00   ;    41,0000
29.02.1968 07:00:00   ;    41,0000
01.03.1968 07:00:00   ;    41,0000
02.03.1968 07:00:00   ;    41,0000
03.03.1968 07:00:00   ;    41,0000
04.03.1968 07:00:00   ;    41,0000
05.03.1968 07:00:00   ;    40,0000
06.03.1968 07:00:00   ;    40,0000
07.03.1968 07:00:00   ;    39,0000
08.03.1968 07:00:00   ;    39,0000
09.03.1968 07:00:00   ;    39,0000
10.03.1968 07:00:00   ;    38,0000
11.03.1968 07:00:00   ;    41,0000
12.03.1968 07:00:00   ;    44,0000
13.03.1968 07:00:00   ;    44,0000
14.03.1968 07:00:00   ;    43,0000
15.03.1968 07:00:00   ;    43,0000
16.03.1968 07:00:00   ;    42,0000
17.03.1968 07:00:00   ;    41,0000
18.03.1968 07:00:00   ;    39,0000
19.03.1968 07:00:00   ;    37,0000
20.03.1968 07:00:00   ;    24,0000
21.03.1968 07:00:00   ;    31,0000
22.03.1968 07:00:00   ;    24,0000
23.03.1968 07:00:00   ;    25,0000
24.03.1968 07:00:00   ;    23,0000
25.03.1968 07:00:00   ;    17,0000
26.03.1968 07:00:00   ;     9,0000
27.03.1968 07:00:00   ;     2,0000
28.03.1968 07:00:00   ;     0,0000
29.03.1968 07:00:00   ;     0,0000
30.03.1968 07:00:00   ;     0,0000
31.03.1968 07:00:00   ;     0,0000
01.04.1968 07:00:00   ;     0,0000
02.04.1968 07:00:00   ;     0,0000
03.04.1968 07:00:00   ;     0,0000
04.04.1968 07:00:00   ;    19,0000
05.04.1968 07:00:00   ;    14,0000
06.04.1968 07:00:00   ;     0,0000
07.04.1968 07:00:00   ;     0,0000
08.04.1968 07:00:00   ;     0,0000
09.04.1968 07:00:00   ;    10,0000
10.04.1968 07:00:00   ;     8,0000
11.04.1968 07:00:00   ;     5,0000
12.04.1968 07:00:00   ;     2,0000
13.04.1968 07:00:00   ;     0,0000
14.04.1968 07:00:00   ;     0,0000
15.04.1968 07:00:00   ;     0,0000
16.04.1968 07:00:00   ;     0,0000
17.04.1968 07:00:00   ;     0,0000
18.04.1968 07:00:00   ;     0,0000
19.04.1968 07:00:00   ;     0,0000
20.04.1968 07:00:00   ;     0,0000
21.04.1968 07:00:00   ;     0,0000
22.04.1968 07:00:00   ;     0,0000
23.04.1968 07:00:00   ;     0,0000
24.04.1968 07:00:00   ;     0,0000
25.04.1968 07:00:00   ;     0,0000
26.04.1968 07:00:00   ;     0,0000
27.04.1968 07:00:00   ;     0,0000
28.04.1968 07:00:00   ;     0,0000
29.04.1968 07:00:00   ;     0,0000
30.04.1968 07:00:00   ;     0,0000
01.05.1968 07:00:00   ;     0,0000
02.05.1968 07:00:00   ;     0,0000
03.05.1968 07:00:00   ;     0,0000
04.05.1968 07:00:00   ;     0,0000
05.05.1968 07:00:00   ;     0,0000
06.05.1968 07:00:00   ;     0,0000
07.05.1968 07:00:00   ;     0,0000
08.05.1968 07:00:00   ;     0,0000
09.05.1968 07:00:00   ;     0,0000
10.05.1968 07:00:00   ;     0,0000
11.05.1968 07:00:00   ;     0,0000
12.05.1968 07:00:00   ;     0,0000
13.05.1968 07:00:00   ;     0,0000
14.05.1968 07:00:00   ;     0,0000
15.05.1968 07:00:00   ;     0,0000
16.05.1968 07:00:00   ;     0,0000
17.05.1968 07:00:00   ;     0,0000
18.05.1968 07:00:00   ;     0,0000
19.05.1968 07:00:00   ;     0,0000
20.05.1968 07:00:00   ;     0,0000
21.05.1968 07:00:00   ;     0,0000
22.05.1968 07:00:00   ;     0,0000
23.05.1968 07:00:00   ;     0,0000
24.05.1968 07:00:00   ;     0,0000
25.05.1968 07:00:00   ;     0,0000
26.05.1968 07:00:00   ;     0,0000
27.05.1968 07:00:00   ;     0,0000
28.05.1968 07:00:00   ;     0,0000
29.05.1968 07:00:00   ;     0,0000
30.05.1968 07:00:00   ;     0,0000
31.05.1968 07:00:00   ;     0,0000
01.06.1968 07:00:00   ;     0,0000
02.06.1968 07:00:00   ;     0,0000
03.06.1968 07:00:00   ;     0,0000
04.06.1968 07:00:00   ;     0,0000
05.06.1968 07:00:00   ;     0,0000
06.06.1968 07:00:00   ;     0,0000
07.06.1968 07:00:00   ;     0,0000
08.06.1968 07:00:00   ;     0,0000
09.06.1968 07:00:00   ;     0,0000
10.06.1968 07:00:00   ;     0,0000
11.06.1968 07:00:00   ;     0,0000
12.06.1968 07:00:00   ;     0,0000
13.06.1968 07:00:00   ;     0,0000
14.06.1968 07:00:00   ;     0,0000
15.06.1968 07:00:00   ;     0,0000
16.06.1968 07:00:00   ;     0,0000
17.06.1968 07:00:00   ;     0,0000
18.06.1968 07:00:00   ;     0,0000
19.06.1968 07:00:00   ;     0,0000
20.06.1968 07:00:00   ;     0,0000
21.06.1968 07:00:00   ;     0,0000
22.06.1968 07:00:00   ;     0,0000
23.06.1968 07:00:00   ;     0,0000
24.06.1968 07:00:00   ;     0,0000
25.06.1968 07:00:00   ;     0,0000
26.06.1968 07:00:00   ;     0,0000
27.06.1968 07:00:00   ;     0,0000
28.06.1968 07:00:00   ;     0,0000
29.06.1968 07:00:00   ;     0,0000
30.06.1968 07:00:00   ;     0,0000
01.07.1968 07:00:00   ;     0,0000
02.07.1968 07:00:00   ;     0,0000
03.07.1968 07:00:00   ;     0,0000
04.07.1968 07:00:00   ;     0,0000
05.07.1968 07:00:00   ;     0,0000
06.07.1968 07:00:00   ;     0,0000
07.07.1968 07:00:00   ;     0,0000
08.07.1968 07:00:00   ;     0,0000
09.07.1968 07:00:00   ;     0,0000
10.07.1968 07:00:00   ;     0,0000
11.07.1968 07:00:00   ;     0,0000
12.07.1968 07:00:00   ;     0,0000
13.07.1968 07:00:00   ;     0,0000
14.07.1968 07:00:00   ;     0,0000
15.07.1968 07:00:00   ;     0,0000
16.07.1968 07:00:00   ;     0,0000
17.07.1968 07:00:00   ;     0,0000
18.07.1968 07:00:00   ;     0,0000
19.07.1968 07:00:00   ;     0,0000
20.07.1968 07:00:00   ;     0,0000
21.07.1968 07:00:00   ;     0,0000
22.07.1968 07:00:00   ;     0,0000
23.07.1968 07:00:00   ;     0,0000
24.07.1968 07:00:00   ;     0,0000
25.07.1968 07:00:00   ;     0,0000
26.07.1968 07:00:00   ;     0,0000
27.07.1968 07:00:00   ;     0,0000
28.07.1968 07:00:00   ;     0,0000
29.07.1968 07:00:00   ;     0,0000
30.07.1968 07:00:00   ;     0,0000
31.07.1968 07:00:00   ;     0,0000
01.08.1968 07:00:00   ;     0,0000
02.08.1968 07:00:00   ;     0,0000
03.08.1968 07:00:00   ;     0,0000
04.08.1968 07:00:00   ;     0,0000
05.08.1968 07:00:00   ;     0,0000
06.08.1968 07:00:00   ;     0,0000
07.08.1968 07:00:00   ;     0,0000
08.08.1968 07:00:00   ;     0,0000
09.08.1968 07:00:00   ;     0,0000
10.08.1968 07:00:00   ;     0,0000
11.08.1968 07:00:00   ;     0,0000
12.08.1968 07:00:00   ;     0,0000
13.08.1968 07:00:00   ;     0,0000
14.08.1968 07:00:00   ;     0,0000
15.08.1968 07:00:00   ;     0,0000
16.08.1968 07:00:00   ;     0,0000
17.08.1968 07:00:00   ;     0,0000
18.08.1968 07:00:00   ;     0,0000
19.08.1968 07:00:00   ;     0,0000
20.08.1968 07:00:00   ;     0,0000
21.08.1968 07:00:00   ;     0,0000
22.08.1968 07:00:00   ;     0,0000
23.08.1968 07:00:00   ;     0,0000
24.08.1968 07:00:00   ;     0,0000
25.08.1968 07:00:00   ;     0,0000
26.08.1968 07:00:00   ;     0,0000
27.08.1968 07:00:00   ;     0,0000
28.08.1968 07:00:00   ;     0,0000
29.08.1968 07:00:00   ;     0,0000
30.08.1968 07:00:00   ;     0,0000
31.08.1968 07:00:00   ;     0,0000
01.09.1968 07:00:00   ;     0,0000
02.09.1968 07:00:00   ;     0,0000
03.09.1968 07:00:00   ;     0,0000
04.09.1968 07:00:00   ;     0,0000
05.09.1968 07:00:00   ;     0,0000
06.09.1968 07:00:00   ;     0,0000
07.09.1968 07:00:00   ;     0,0000
08.09.1968 07:00:00   ;     0,0000
09.09.1968 07:00:00   ;     0,0000
10.09.1968 07:00:00   ;     0,0000
11.09.1968 07:00:00   ;     0,0000
12.09.1968 07:00:00   ;     0,0000
13.09.1968 07:00:00   ;     0,0000
14.09.1968 07:00:00   ;     0,0000
15.09.1968 07:00:00   ;     0,0000
16.09.1968 07:00:00   ;     0,0000
17.09.1968 07:00:00   ;     0,0000
18.09.1968 07:00:00   ;     0,0000
19.09.1968 07:00:00   ;     0,0000
20.09.1968 07:00:00   ;     0,0000
21.09.1968 07:00:00   ;     0,0000
22.09.1968 07:00:00   ;     0,0000
23.09.1968 07:00:00   ;     0,0000
24.09.1968 07:00:00   ;     0,0000
25.09.1968 07:00:00   ;     0,0000
26.09.1968 07:00:00   ;     0,0000
27.09.1968 07:00:00   ;     0,0000
28.09.1968 07:00:00   ;     0,0000
29.09.1968 07:00:00   ;     0,0000
30.09.1968 07:00:00   ;     0,0000
01.10.1968 07:00:00   ;     0,0000
02.10.1968 07:00:00   ;     0,0000
03.10.1968 07:00:00   ;     0,0000
04.10.1968 07:00:00   ;     0,0000
05.10.1968 07:00:00   ;     0,0000
06.10.1968 07:00:00   ;     0,0000
07.10.1968 07:00:00   ;     0,0000
08.10.1968 07:00:00   ;     0,0000
09.10.1968 07:00:00   ;     0,0000
10.10.1968 07:00:00   ;     0,0000
11.10.1968 07:00:00   ;     0,0000
12.10.1968 07:00:00   ;     0,0000
13.10.1968 07:00:00   ;     0,0000
14.10.1968 07:00:00   ;     0,0000
15.10.1968 07:00:00   ;     0,0000
16.10.1968 07:00:00   ;     0,0000
17.10.1968 07:00:00   ;     0,0000
18.10.1968 07:00:00   ;     0,0000
19.10.1968 07:00:00   ;     0,0000
20.10.1968 07:00:00   ;     0,0000
21.10.1968 07:00:00   ;     0,0000
22.10.1968 07:00:00   ;     0,0000
23.10.1968 07:00:00   ;     0,0000
24.10.1968 07:00:00   ;     0,0000
25.10.1968 07:00:00   ;     0,0000
26.10.1968 07:00:00   ;     0,0000
27.10.1968 07:00:00   ;     0,0000
28.10.1968 07:00:00   ;     0,0000
29.10.1968 07:00:00   ;     0,0000
30.10.1968 07:00:00   ;     0,0000
31.10.1968 07:00:00   ;     0,0000
01.11.1968 07:00:00   ;     0,0000
02.11.1968 07:00:00   ;     0,0000
03.11.1968 07:00:00   ;     0,0000
04.11.1968 07:00:00   ;     0,0000
05.11.1968 07:00:00   ;     0,0000
06.11.1968 07:00:00   ;     0,0000
07.11.1968 07:00:00   ;     0,0000
08.11.1968 07:00:00   ;     0,0000
09.11.1968 07:00:00   ;     0,0000
10.11.1968 07:00:00   ;     0,0000
11.11.1968 07:00:00   ;     0,0000
12.11.1968 07:00:00   ;     0,0000
13.11.1968 07:00:00   ;     0,0000
14.11.1968 07:00:00   ;     0,0000
15.11.1968 07:00:00   ;     0,0000
16.11.1968 07:00:00   ;    23,0000
17.11.1968 07:00:00   ;    32,0000
18.11.1968 07:00:00   ;    21,0000
19.11.1968 07:00:00   ;    26,0000
20.11.1968 07:00:00   ;    29,0000
21.11.1968 07:00:00   ;    30,0000
22.11.1968 07:00:00   ;    29,0000
23.11.1968 07:00:00   ;    29,0000
24.11.1968 07:00:00   ;    28,0000
25.11.1968 07:00:00   ;    26,0000
26.11.1968 07:00:00   ;    25,0000
27.11.1968 07:00:00   ;    25,0000
28.11.1968 07:00:00   ;    24,0000
29.11.1968 07:00:00   ;    24,0000
30.11.1968 07:00:00   ;    24,0000
01.12.1968 07:00:00   ;    24,0000
02.12.1968 07:00:00   ;    23,0000
03.12.1968 07:00:00   ;    23,0000
04.12.1968 07:00:00   ;    23,0000
05.12.1968 07:00:00   ;    23,0000
06.12.1968 07:00:00   ;    23,0000
07.12.1968 07:00:00   ;    23,0000
08.12.1968 07:00:00   ;    23,0000
09.12.1968 07:00:00   ;    23,0000
10.12.1968 07:00:00   ;    23,0000
11.12.1968 07:00:00   ;    23,0000
12.12.1968 07:00:00   ;    24,0000
13.12.1968 07:00:00   ;    24,0000
14.12.1968 07:00:00   ;    24,0000
15.12.1968 07:00:00   ;    24,0000
16.12.1968 07:00:00   ;    24,0000
17.12.1968 07:00:00   ;    45,0000
18.12.1968 07:00:00   ;    66,0000
19.12.1968 07:00:00   ;    91,0000
20.12.1968 07:00:00   ;    90,0000
21.12.1968 07:00:00   ;    87,0000
22.12.1968 07:00:00   ;    80,0000
23.12.1968 07:00:00   ;    80,0000
24.12.1968 07:00:00   ;    76,0000
25.12.1968 07:00:00   ;    74,0000
26.12.1968 07:00:00   ;    73,0000
27.12.1968 07:00:00   ;    71,0000
28.12.1968 07:00:00   ;    71,0000
29.12.1968 07:00:00   ;    68,0000
30.12.1968 07:00:00   ;    67,0000
31.12.1968 07:00:00   ;    66,0000
01.01.1969 07:00:00   ;    66,0000
02.01.1969 07:00:00   ;    66,0000
03.01.1969 07:00:00   ;    67,0000
04.01.1969 07:00:00   ;    67,0000
05.01.1969 07:00:00   ;    67,0000
06.01.1969 07:00:00   ;    67,0000
07.01.1969 07:00:00   ;    67,0000
08.01.1969 07:00:00   ;    67,0000
09.01.1969 07:00:00   ;    75,0000
10.01.1969 07:00:00   ;    74,0000
11.01.1969 07:00:00   ;    73,0000
12.01.1969 07:00:00   ;    73,0000
13.01.1969 07:00:00   ;    71,0000
14.01.1969 07:00:00   ;    65,0000
15.01.1969 07:00:00   ;    57,0000
16.01.1969 07:00:00   ;    55,0000
17.01.1969 07:00:00   ;    78,0000
18.01.1969 07:00:00   ;    91,0000
19.01.1969 07:00:00   ;    95,0000
20.01.1969 07:00:00   ;    92,0000
21.01.1969 07:00:00   ;    92,0000
22.01.1969 07:00:00   ;    90,0000
23.01.1969 07:00:00   ;    89,0000
24.01.1969 07:00:00   ;    89,0000
25.01.1969 07:00:00   ;    88,0000
26.01.1969 07:00:00   ;    87,0000
27.01.1969 07:00:00   ;    87,0000
28.01.1969 07:00:00   ;    86,0000
29.01.1969 07:00:00   ;    85,0000
30.01.1969 07:00:00   ;    84,0000
31.01.1969 07:00:00   ;    83,0000
01.02.1969 07:00:00   ;    81,0000
02.02.1969 07:00:00   ;    83,0000
03.02.1969 07:00:00   ;    85,0000
04.02.1969 07:00:00   ;   100,0000
05.02.1969 07:00:00   ;   109,0000
06.02.1969 07:00:00   ;   111,0000
07.02.1969 07:00:00   ;   117,0000
08.02.1969 07:00:00   ;   120,0000
09.02.1969 07:00:00   ;   140,0000
10.02.1969 07:00:00   ;   135,0000
11.02.1969 07:00:00   ;   130,0000
12.02.1969 07:00:00   ;   129,0000
13.02.1969 07:00:00   ;   126,0000
14.02.1969 07:00:00   ;   125,0000
15.02.1969 07:00:00   ;   144,0000
16.02.1969 07:00:00   ;   150,0000
17.02.1969 07:00:00   ;   165,0000
18.02.1969 07:00:00   ;   154,0000
19.02.1969 07:00:00   ;   159,0000
20.02.1969 07:00:00   ;   128,0000
21.02.1969 07:00:00   ;   119,0000
22.02.1969 07:00:00   ;   116,0000
23.02.1969 07:00:00   ;   114,0000
24.02.1969 07:00:00   ;   111,0000
25.02.1969 07:00:00   ;   109,0000
26.02.1969 07:00:00   ;   108,0000
27.02.1969 07:00:00   ;   106,0000
28.02.1969 07:00:00   ;   106,0000
01.03.1969 07:00:00   ;   106,0000
02.03.1969 07:00:00   ;   106,0000
03.03.1969 07:00:00   ;   106,0000
04.03.1969 07:00:00   ;   105,0000
05.03.1969 07:00:00   ;   105,0000
06.03.1969 07:00:00   ;   105,0000
07.03.1969 07:00:00   ;   105,0000
08.03.1969 07:00:00   ;   103,0000
09.03.1969 07:00:00   ;   101,0000
10.03.1969 07:00:00   ;   100,0000
11.03.1969 07:00:00   ;    99,0000
12.03.1969 07:00:00   ;    99,0000
13.03.1969 07:00:00   ;    98,0000
14.03.1969 07:00:00   ;    91,0000
15.03.1969 07:00:00   ;    85,0000
16.03.1969 07:00:00   ;    84,0000
17.03.1969 07:00:00   ;    80,0000
18.03.1969 07:00:00   ;    77,0000
19.03.1969 07:00:00   ;    74,0000
20.03.1969 07:00:00   ;    73,0000
21.03.1969 07:00:00   ;    75,0000
22.03.1969 07:00:00   ;    75,0000
23.03.1969 07:00:00   ;    74,0000
24.03.1969 07:00:00   ;    86,0000
25.03.1969 07:00:00   ;    86,0000
26.03.1969 07:00:00   ;   102,0000
27.03.1969 07:00:00   ;    98,0000
28.03.1969 07:00:00   ;    95,0000
29.03.1969 07:00:00   ;    89,0000
30.03.1969 07:00:00   ;    80,0000
31.03.1969 07:00:00   ;    77,0000
01.04.1969 07:00:00   ;    75,0000
02.04.1969 07:00:00   ;    76,0000
03.04.1969 07:00:00   ;    86,0000
04.04.1969 07:00:00   ;    87,0000
05.04.1969 07:00:00   ;    89,0000
06.04.1969 07:00:00   ;    84,0000
07.04.1969 07:00:00   ;    79,0000
08.04.1969 07:00:00   ;    77,0000
09.04.1969 07:00:00   ;    74,0000
10.04.1969 07:00:00   ;    68,0000
11.04.1969 07:00:00   ;    61,0000
12.04.1969 07:00:00   ;    54,0000
13.04.1969 07:00:00   ;    53,0000
14.04.1969 07:00:00   ;    81,0000
15.04.1969 07:00:00   ;    79,0000
16.04.1969 07:00:00   ;    75,0000
17.04.1969 07:00:00   ;    71,0000
18.04.1969 07:00:00   ;    68,0000
19.04.1969 07:00:00   ;    67,0000
20.04.1969 07:00:00   ;    67,0000
21.04.1969 07:00:00   ;    65,0000
22.04.1969 07:00:00   ;    54,0000
23.04.1969 07:00:00   ;    40,0000
24.04.1969 07:00:00   ;    31,0000
25.04.1969 07:00:00   ;    20,0000
26.04.1969 07:00:00   ;     8,0000
27.04.1969 07:00:00   ;     0,0000
28.04.1969 07:00:00   ;     0,0000
29.04.1969 07:00:00   ;     0,0000
30.04.1969 07:00:00   ;     0,0000
01.05.1969 07:00:00   ;     0,0000
02.05.1969 07:00:00   ;     0,0000
03.05.1969 07:00:00   ;     0,0000
04.05.1969 07:00:00   ;     0,0000
05.05.1969 07:00:00   ;     0,0000
06.05.1969 07:00:00   ;     0,0000
07.05.1969 07:00:00   ;     0,0000
08.05.1969 07:00:00   ;     0,0000
09.05.1969 07:00:00   ;     0,0000
10.05.1969 07:00:00   ;     0,0000
11.05.1969 07:00:00   ;     0,0000
12.05.1969 07:00:00   ;     0,0000
13.05.1969 07:00:00   ;     0,0000
14.05.1969 07:00:00   ;     0,0000
15.05.1969 07:00:00   ;     0,0000
16.05.1969 07:00:00   ;     0,0000
17.05.1969 07:00:00   ;     0,0000
18.05.1969 07:00:00   ;     0,0000
19.05.1969 07:00:00   ;     0,0000
20.05.1969 07:00:00   ;     0,0000
21.05.1969 07:00:00   ;     0,0000
22.05.1969 07:00:00   ;     0,0000
23.05.1969 07:00:00   ;     0,0000
24.05.1969 07:00:00   ;     0,0000
25.05.1969 07:00:00   ;     0,0000
26.05.1969 07:00:00   ;     0,0000
27.05.1969 07:00:00   ;     0,0000
28.05.1969 07:00:00   ;     0,0000
29.05.1969 07:00:00   ;     0,0000
30.05.1969 07:00:00   ;     0,0000
31.05.1969 07:00:00   ;     0,0000
01.06.1969 07:00:00   ;     0,0000
02.06.1969 07:00:00   ;     0,0000
03.06.1969 07:00:00   ;     0,0000
04.06.1969 07:00:00   ;     0,0000
05.06.1969 07:00:00   ;     0,0000
06.06.1969 07:00:00   ;     0,0000
07.06.1969 07:00:00   ;     0,0000
08.06.1969 07:00:00   ;     0,0000
09.06.1969 07:00:00   ;     0,0000
10.06.1969 07:00:00   ;     0,0000
11.06.1969 07:00:00   ;     0,0000
12.06.1969 07:00:00   ;     0,0000
13.06.1969 07:00:00   ;     0,0000
14.06.1969 07:00:00   ;     0,0000
15.06.1969 07:00:00   ;     0,0000
16.06.1969 07:00:00   ;     0,0000
17.06.1969 07:00:00   ;     0,0000
18.06.1969 07:00:00   ;     0,0000
19.06.1969 07:00:00   ;     0,0000
20.06.1969 07:00:00   ;     0,0000
21.06.1969 07:00:00   ;     0,0000
22.06.1969 07:00:00   ;     0,0000
23.06.1969 07:00:00   ;     0,0000
24.06.1969 07:00:00   ;     0,0000
25.06.1969 07:00:00   ;     0,0000
26.06.1969 07:00:00   ;     0,0000
27.06.1969 07:00:00   ;     0,0000
28.06.1969 07:00:00   ;     0,0000
29.06.1969 07:00:00   ;     0,0000
30.06.1969 07:00:00   ;     0,0000
01.07.1969 07:00:00   ;     0,0000
02.07.1969 07:00:00   ;     0,0000
03.07.1969 07:00:00   ;     0,0000
04.07.1969 07:00:00   ;     0,0000
05.07.1969 07:00:00   ;     0,0000
06.07.1969 07:00:00   ;     0,0000
07.07.1969 07:00:00   ;     0,0000
08.07.1969 07:00:00   ;     0,0000
09.07.1969 07:00:00   ;     0,0000
10.07.1969 07:00:00   ;     0,0000
11.07.1969 07:00:00   ;     0,0000
12.07.1969 07:00:00   ;     0,0000
13.07.1969 07:00:00   ;     0,0000
14.07.1969 07:00:00   ;     0,0000
15.07.1969 07:00:00   ;     0,0000
16.07.1969 07:00:00   ;     0,0000
17.07.1969 07:00:00   ;     0,0000
18.07.1969 07:00:00   ;     0,0000
19.07.1969 07:00:00   ;     0,0000
20.07.1969 07:00:00   ;     0,0000
21.07.1969 07:00:00   ;     0,0000
22.07.1969 07:00:00   ;     0,0000
23.07.1969 07:00:00   ;     0,0000
24.07.1969 07:00:00   ;     0,0000
25.07.1969 07:00:00   ;     0,0000
26.07.1969 07:00:00   ;     0,0000
27.07.1969 07:00:00   ;     0,0000
28.07.1969 07:00:00   ;     0,0000
29.07.1969 07:00:00   ;     0,0000
30.07.1969 07:00:00   ;     0,0000
31.07.1969 07:00:00   ;     0,0000
01.08.1969 07:00:00   ;     0,0000
02.08.1969 07:00:00   ;     0,0000
03.08.1969 07:00:00   ;     0,0000
04.08.1969 07:00:00   ;     0,0000
05.08.1969 07:00:00   ;     0,0000
06.08.1969 07:00:00   ;     0,0000
07.08.1969 07:00:00   ;     0,0000
08.08.1969 07:00:00   ;     0,0000
09.08.1969 07:00:00   ;     0,0000
10.08.1969 07:00:00   ;     0,0000
11.08.1969 07:00:00   ;     0,0000
12.08.1969 07:00:00   ;     0,0000
13.08.1969 07:00:00   ;     0,0000
14.08.1969 07:00:00   ;     0,0000
15.08.1969 07:00:00   ;     0,0000
16.08.1969 07:00:00   ;     0,0000
17.08.1969 07:00:00   ;     0,0000
18.08.1969 07:00:00   ;     0,0000
19.08.1969 07:00:00   ;     0,0000
20.08.1969 07:00:00   ;     0,0000
21.08.1969 07:00:00   ;     0,0000
22.08.1969 07:00:00   ;     0,0000
23.08.1969 07:00:00   ;     0,0000
24.08.1969 07:00:00   ;     0,0000
25.08.1969 07:00:00   ;     0,0000
26.08.1969 07:00:00   ;     0,0000
27.08.1969 07:00:00   ;     0,0000
28.08.1969 07:00:00   ;     0,0000
29.08.1969 07:00:00   ;     0,0000
30.08.1969 07:00:00   ;     0,0000
31.08.1969 07:00:00   ;     0,0000
01.09.1969 07:00:00   ;     0,0000
02.09.1969 07:00:00   ;     0,0000
03.09.1969 07:00:00   ;     0,0000
04.09.1969 07:00:00   ;     0,0000
05.09.1969 07:00:00   ;     0,0000
06.09.1969 07:00:00   ;     0,0000
07.09.1969 07:00:00   ;     0,0000
08.09.1969 07:00:00   ;     0,0000
09.09.1969 07:00:00   ;     0,0000
10.09.1969 07:00:00   ;     0,0000
11.09.1969 07:00:00   ;     0,0000
12.09.1969 07:00:00   ;     0,0000
13.09.1969 07:00:00   ;     0,0000
14.09.1969 07:00:00   ;     0,0000
15.09.1969 07:00:00   ;     0,0000
16.09.1969 07:00:00   ;     0,0000
17.09.1969 07:00:00   ;     0,0000
18.09.1969 07:00:00   ;     0,0000
19.09.1969 07:00:00   ;     0,0000
20.09.1969 07:00:00   ;     0,0000
21.09.1969 07:00:00   ;     0,0000
22.09.1969 07:00:00   ;     0,0000
23.09.1969 07:00:00   ;     0,0000
24.09.1969 07:00:00   ;     0,0000
25.09.1969 07:00:00   ;     0,0000
26.09.1969 07:00:00   ;     0,0000
27.09.1969 07:00:00   ;     0,0000
28.09.1969 07:00:00   ;     0,0000
29.09.1969 07:00:00   ;     0,0000
30.09.1969 07:00:00   ;     0,0000
01.10.1969 07:00:00   ;     0,0000
02.10.1969 07:00:00   ;     0,0000
03.10.1969 07:00:00   ;     0,0000
04.10.1969 07:00:00   ;     0,0000
05.10.1969 07:00:00   ;     0,0000
06.10.1969 07:00:00   ;     0,0000
07.10.1969 07:00:00   ;     0,0000
08.10.1969 07:00:00   ;     0,0000
09.10.1969 07:00:00   ;     0,0000
10.10.1969 07:00:00   ;     0,0000
11.10.1969 07:00:00   ;     0,0000
12.10.1969 07:00:00   ;     0,0000
13.10.1969 07:00:00   ;     0,0000
14.10.1969 07:00:00   ;     0,0000
15.10.1969 07:00:00   ;     0,0000
16.10.1969 07:00:00   ;     0,0000
17.10.1969 07:00:00   ;     0,0000
18.10.1969 07:00:00   ;     0,0000
19.10.1969 07:00:00   ;     0,0000
20.10.1969 07:00:00   ;     0,0000
21.10.1969 07:00:00   ;     0,0000
22.10.1969 07:00:00   ;     0,0000
23.10.1969 07:00:00   ;     0,0000
24.10.1969 07:00:00   ;     0,0000
25.10.1969 07:00:00   ;     0,0000
26.10.1969 07:00:00   ;     0,0000
27.10.1969 07:00:00   ;     0,0000
28.10.1969 07:00:00   ;     0,0000
29.10.1969 07:00:00   ;     0,0000
30.10.1969 07:00:00   ;     0,0000
31.10.1969 07:00:00   ;     0,0000
01.11.1969 07:00:00   ;     0,0000
02.11.1969 07:00:00   ;     0,0000
03.11.1969 07:00:00   ;     0,0000
04.11.1969 07:00:00   ;     0,0000
05.11.1969 07:00:00   ;     0,0000
06.11.1969 07:00:00   ;     0,0000
07.11.1969 07:00:00   ;     0,0000
08.11.1969 07:00:00   ;     1,0000
09.11.1969 07:00:00   ;     0,0000
10.11.1969 07:00:00   ;     0,0000
11.11.1969 07:00:00   ;     0,0000
12.11.1969 07:00:00   ;     0,0000
13.11.1969 07:00:00   ;     0,0000
14.11.1969 07:00:00   ;     0,0000
15.11.1969 07:00:00   ;     0,0000
16.11.1969 07:00:00   ;     0,0000
17.11.1969 07:00:00   ;     0,0000
18.11.1969 07:00:00   ;     8,0000
19.11.1969 07:00:00   ;     9,0000
20.11.1969 07:00:00   ;     6,0000
21.11.1969 07:00:00   ;     3,0000
22.11.1969 07:00:00   ;     0,0000
23.11.1969 07:00:00   ;     0,0000
24.11.1969 07:00:00   ;     0,0000
25.11.1969 07:00:00   ;     0,0000
26.11.1969 07:00:00   ;    11,0000
27.11.1969 07:00:00   ;    14,0000
28.11.1969 07:00:00   ;    14,0000
29.11.1969 07:00:00   ;    13,0000
30.11.1969 07:00:00   ;    14,0000
01.12.1969 07:00:00   ;    25,0000
02.12.1969 07:00:00   ;    25,0000
03.12.1969 07:00:00   ;    24,0000
04.12.1969 07:00:00   ;    23,0000
05.12.1969 07:00:00   ;    41,0000
06.12.1969 07:00:00   ;    60,0000
07.12.1969 07:00:00   ;    57,0000
08.12.1969 07:00:00   ;    55,0000
09.12.1969 07:00:00   ;    53,0000
10.12.1969 07:00:00   ;    54,0000
11.12.1969 07:00:00   ;    52,0000
12.12.1969 07:00:00   ;    50,0000
13.12.1969 07:00:00   ;    49,0000
14.12.1969 07:00:00   ;    49,0000
15.12.1969 07:00:00   ;    48,0000
16.12.1969 07:00:00   ;    48,0000
17.12.1969 07:00:00   ;    47,0000
18.12.1969 07:00:00   ;    42,0000
19.12.1969 07:00:00   ;    60,0000
20.12.1969 07:00:00   ;    80,0000
21.12.1969 07:00:00   ;    79,0000
22.12.1969 07:00:00   ;    77,0000
23.12.1969 07:00:00   ;    76,0000
24.12.1969 07:00:00   ;    74,0000
25.12.1969 07:00:00   ;    70,0000
26.12.1969 07:00:00   ;    66,0000
27.12.1969 07:00:00   ;    63,0000
28.12.1969 07:00:00   ;    59,0000
29.12.1969 07:00:00   ;    58,0000
30.12.1969 07:00:00   ;    57,0000
31.12.1969 07:00:00   ;    56,0000
01.01.1970 07:00:00   ;    60,0000
02.01.1970 07:00:00   ;    60,0000
03.01.1970 07:00:00   ;    59,0000
04.01.1970 07:00:00   ;    58,0000
05.01.1970 07:00:00   ;    51,0000
06.01.1970 07:00:00   ;    43,0000
07.01.1970 07:00:00   ;    48,0000
08.01.1970 07:00:00   ;    49,0000
09.01.1970 07:00:00   ;    48,0000
10.01.1970 07:00:00   ;    47,0000
11.01.1970 07:00:00   ;    45,0000
12.01.1970 07:00:00   ;    40,0000
13.01.1970 07:00:00   ;    36,0000
14.01.1970 07:00:00   ;    33,0000
15.01.1970 07:00:00   ;    30,0000
16.01.1970 07:00:00   ;    30,0000
17.01.1970 07:00:00   ;    29,0000
18.01.1970 07:00:00   ;    28,0000
19.01.1970 07:00:00   ;    28,0000
20.01.1970 07:00:00   ;    28,0000
21.01.1970 07:00:00   ;    28,0000
22.01.1970 07:00:00   ;    28,0000
23.01.1970 07:00:00   ;    28,0000
24.01.1970 07:00:00   ;    28,0000
25.01.1970 07:00:00   ;    29,0000
26.01.1970 07:00:00   ;    29,0000
27.01.1970 07:00:00   ;    29,0000
28.01.1970 07:00:00   ;    28,0000
29.01.1970 07:00:00   ;    28,0000
30.01.1970 07:00:00   ;    28,0000
31.01.1970 07:00:00   ;    28,0000
01.02.1970 07:00:00   ;    28,0000
02.02.1970 07:00:00   ;    28,0000
03.02.1970 07:00:00   ;    27,0000
04.02.1970 07:00:00   ;    27,0000
05.02.1970 07:00:00   ;    24,0000
06.02.1970 07:00:00   ;    23,0000
07.02.1970 07:00:00   ;    23,0000
08.02.1970 07:00:00   ;    23,0000
09.02.1970 07:00:00   ;    23,0000
10.02.1970 07:00:00   ;    28,0000
11.02.1970 07:00:00   ;    42,0000
12.02.1970 07:00:00   ;    42,0000
13.02.1970 07:00:00   ;    43,0000
14.02.1970 07:00:00   ;    53,0000
15.02.1970 07:00:00   ;    80,0000
16.02.1970 07:00:00   ;    74,0000
17.02.1970 07:00:00   ;    70,0000
18.02.1970 07:00:00   ;    64,0000
19.02.1970 07:00:00   ;    65,0000
20.02.1970 07:00:00   ;    63,0000
21.02.1970 07:00:00   ;    63,0000
22.02.1970 07:00:00   ;    63,0000
23.02.1970 07:00:00   ;    60,0000
24.02.1970 07:00:00   ;    57,0000
25.02.1970 07:00:00   ;    55,0000
26.02.1970 07:00:00   ;    53,0000
27.02.1970 07:00:00   ;    52,0000
28.02.1970 07:00:00   ;    52,0000
01.03.1970 07:00:00   ;    49,0000
02.03.1970 07:00:00   ;    47,0000
03.03.1970 07:00:00   ;    60,0000
04.03.1970 07:00:00   ;   105,0000
05.03.1970 07:00:00   ;   138,0000
06.03.1970 07:00:00   ;   127,0000
07.03.1970 07:00:00   ;   125,0000
08.03.1970 07:00:00   ;   120,0000
09.03.1970 07:00:00   ;   135,0000
10.03.1970 07:00:00   ;   140,0000
11.03.1970 07:00:00   ;   125,0000
12.03.1970 07:00:00   ;   134,0000
13.03.1970 07:00:00   ;   131,0000
14.03.1970 07:00:00   ;   123,0000
15.03.1970 07:00:00   ;   140,0000
16.03.1970 07:00:00   ;   142,0000
17.03.1970 07:00:00   ;   130,0000
18.03.1970 07:00:00   ;   120,0000
19.03.1970 07:00:00   ;   123,0000
20.03.1970 07:00:00   ;   120,0000
21.03.1970 07:00:00   ;   117,0000
22.03.1970 07:00:00   ;   112,0000
23.03.1970 07:00:00   ;   103,0000
24.03.1970 07:00:00   ;    95,0000
25.03.1970 07:00:00   ;    84,0000
26.03.1970 07:00:00   ;    71,0000
27.03.1970 07:00:00   ;    67,0000
28.03.1970 07:00:00   ;   106,0000
29.03.1970 07:00:00   ;   102,0000
30.03.1970 07:00:00   ;    95,0000
31.03.1970 07:00:00   ;    83,0000
01.04.1970 07:00:00   ;     0,0000
02.04.1970 07:00:00   ;     0,0000
03.04.1970 07:00:00   ;     0,0000
04.04.1970 07:00:00   ;     0,0000
05.04.1970 07:00:00   ;     0,0000
06.04.1970 07:00:00   ;     0,0000
07.04.1970 07:00:00   ;     0,0000
08.04.1970 07:00:00   ;     0,0000
09.04.1970 07:00:00   ;     0,0000
10.04.1970 07:00:00   ;     0,0000
11.04.1970 07:00:00   ;     0,0000
12.04.1970 07:00:00   ;     0,0000
13.04.1970 07:00:00   ;     0,0000
14.04.1970 07:00:00   ;     0,0000
15.04.1970 07:00:00   ;     0,0000
16.04.1970 07:00:00   ;     0,0000
17.04.1970 07:00:00   ;     0,0000
18.04.1970 07:00:00   ;     0,0000
19.04.1970 07:00:00   ;     0,0000
20.04.1970 07:00:00   ;     0,0000
21.04.1970 07:00:00   ;     0,0000
22.04.1970 07:00:00   ;     0,0000
23.04.1970 07:00:00   ;     0,0000
24.04.1970 07:00:00   ;     0,0000
25.04.1970 07:00:00   ;     0,0000
26.04.1970 07:00:00   ;     0,0000
27.04.1970 07:00:00   ;     0,0000
28.04.1970 07:00:00   ;     0,0000
29.04.1970 07:00:00   ;     0,0000
30.04.1970 07:00:00   ;     0,0000
01.05.1970 07:00:00   ;     0,0000
02.05.1970 07:00:00   ;     0,0000
03.05.1970 07:00:00   ;     0,0000
04.05.1970 07:00:00   ;     0,0000
05.05.1970 07:00:00   ;     0,0000
06.05.1970 07:00:00   ;     0,0000
07.05.1970 07:00:00   ;     0,0000
08.05.1970 07:00:00   ;     0,0000
09.05.1970 07:00:00   ;     0,0000
10.05.1970 07:00:00   ;     0,0000
11.05.1970 07:00:00   ;     0,0000
12.05.1970 07:00:00   ;     0,0000
13.05.1970 07:00:00   ;     0,0000
14.05.1970 07:00:00   ;     0,0000
15.05.1970 07:00:00   ;     0,0000
16.05.1970 07:00:00   ;     0,0000
17.05.1970 07:00:00   ;     0,0000
18.05.1970 07:00:00   ;     0,0000
19.05.1970 07:00:00   ;     0,0000
20.05.1970 07:00:00   ;     0,0000
21.05.1970 07:00:00   ;     0,0000
22.05.1970 07:00:00   ;     0,0000
23.05.1970 07:00:00   ;     0,0000
24.05.1970 07:00:00   ;     0,0000
25.05.1970 07:00:00   ;     0,0000
26.05.1970 07:00:00   ;     0,0000
27.05.1970 07:00:00   ;     0,0000
28.05.1970 07:00:00   ;     0,0000
29.05.1970 07:00:00   ;     0,0000
30.05.1970 07:00:00   ;     0,0000
31.05.1970 07:00:00   ;     0,0000
01.06.1970 07:00:00   ;     0,0000
02.06.1970 07:00:00   ;     0,0000
03.06.1970 07:00:00   ;     0,0000
04.06.1970 07:00:00   ;     0,0000
05.06.1970 07:00:00   ;     0,0000
06.06.1970 07:00:00   ;     0,0000
07.06.1970 07:00:00   ;     0,0000
08.06.1970 07:00:00   ;     0,0000
09.06.1970 07:00:00   ;     0,0000
10.06.1970 07:00:00   ;     0,0000
11.06.1970 07:00:00   ;     0,0000
12.06.1970 07:00:00   ;     0,0000
13.06.1970 07:00:00   ;     0,0000
14.06.1970 07:00:00   ;     0,0000
15.06.1970 07:00:00   ;     0,0000
16.06.1970 07:00:00   ;     0,0000
17.06.1970 07:00:00   ;     0,0000
18.06.1970 07:00:00   ;     0,0000
19.06.1970 07:00:00   ;     0,0000
20.06.1970 07:00:00   ;     0,0000
21.06.1970 07:00:00   ;     0,0000
22.06.1970 07:00:00   ;     0,0000
23.06.1970 07:00:00   ;     0,0000
24.06.1970 07:00:00   ;     0,0000
25.06.1970 07:00:00   ;     0,0000
26.06.1970 07:00:00   ;     0,0000
27.06.1970 07:00:00   ;     0,0000
28.06.1970 07:00:00   ;     0,0000
29.06.1970 07:00:00   ;     0,0000
30.06.1970 07:00:00   ;     0,0000
01.07.1970 07:00:00   ;     0,0000
02.07.1970 07:00:00   ;     0,0000
03.07.1970 07:00:00   ;     0,0000
04.07.1970 07:00:00   ;     0,0000
05.07.1970 07:00:00   ;     0,0000
06.07.1970 07:00:00   ;     0,0000
07.07.1970 07:00:00   ;     0,0000
08.07.1970 07:00:00   ;     0,0000
09.07.1970 07:00:00   ;     0,0000
10.07.1970 07:00:00   ;     0,0000
11.07.1970 07:00:00   ;     0,0000
12.07.1970 07:00:00   ;     0,0000
13.07.1970 07:00:00   ;     0,0000
14.07.1970 07:00:00   ;     0,0000
15.07.1970 07:00:00   ;     0,0000
16.07.1970 07:00:00   ;     0,0000
17.07.1970 07:00:00   ;     0,0000
18.07.1970 07:00:00   ;     0,0000
19.07.1970 07:00:00   ;     0,0000
20.07.1970 07:00:00   ;     0,0000
21.07.1970 07:00:00   ;     0,0000
22.07.1970 07:00:00   ;     0,0000
23.07.1970 07:00:00   ;     0,0000
24.07.1970 07:00:00   ;     0,0000
25.07.1970 07:00:00   ;     0,0000
26.07.1970 07:00:00   ;     0,0000
27.07.1970 07:00:00   ;     0,0000
28.07.1970 07:00:00   ;     0,0000
29.07.1970 07:00:00   ;     0,0000
30.07.1970 07:00:00   ;     0,0000
31.07.1970 07:00:00   ;     0,0000
01.08.1970 07:00:00   ;     0,0000
02.08.1970 07:00:00   ;     0,0000
03.08.1970 07:00:00   ;     0,0000
04.08.1970 07:00:00   ;     0,0000
05.08.1970 07:00:00   ;     0,0000
06.08.1970 07:00:00   ;     0,0000
07.08.1970 07:00:00   ;     0,0000
08.08.1970 07:00:00   ;     0,0000
09.08.1970 07:00:00   ;     0,0000
10.08.1970 07:00:00   ;     0,0000
11.08.1970 07:00:00   ;     0,0000
12.08.1970 07:00:00   ;     0,0000
13.08.1970 07:00:00   ;     0,0000
14.08.1970 07:00:00   ;     0,0000
15.08.1970 07:00:00   ;     0,0000
16.08.1970 07:00:00   ;     0,0000
17.08.1970 07:00:00   ;     0,0000
18.08.1970 07:00:00   ;     0,0000
19.08.1970 07:00:00   ;     0,0000
20.08.1970 07:00:00   ;     0,0000
21.08.1970 07:00:00   ;     0,0000
22.08.1970 07:00:00   ;     0,0000
23.08.1970 07:00:00   ;     0,0000
24.08.1970 07:00:00   ;     0,0000
25.08.1970 07:00:00   ;     0,0000
26.08.1970 07:00:00   ;     0,0000
27.08.1970 07:00:00   ;     0,0000
28.08.1970 07:00:00   ;     0,0000
29.08.1970 07:00:00   ;     0,0000
30.08.1970 07:00:00   ;     0,0000
31.08.1970 07:00:00   ;     0,0000
01.09.1970 07:00:00   ;     0,0000
02.09.1970 07:00:00   ;     0,0000
03.09.1970 07:00:00   ;     0,0000
04.09.1970 07:00:00   ;     0,0000
05.09.1970 07:00:00   ;     0,0000
06.09.1970 07:00:00   ;     0,0000
07.09.1970 07:00:00   ;     0,0000
08.09.1970 07:00:00   ;     0,0000
09.09.1970 07:00:00   ;     0,0000
10.09.1970 07:00:00   ;     0,0000
11.09.1970 07:00:00   ;     0,0000
12.09.1970 07:00:00   ;     0,0000
13.09.1970 07:00:00   ;     0,0000
14.09.1970 07:00:00   ;     0,0000
15.09.1970 07:00:00   ;     0,0000
16.09.1970 07:00:00   ;     0,0000
17.09.1970 07:00:00   ;     0,0000
18.09.1970 07:00:00   ;     0,0000
19.09.1970 07:00:00   ;     0,0000
20.09.1970 07:00:00   ;     0,0000
21.09.1970 07:00:00   ;     0,0000
22.09.1970 07:00:00   ;     0,0000
23.09.1970 07:00:00   ;     0,0000
24.09.1970 07:00:00   ;     0,0000
25.09.1970 07:00:00   ;     0,0000
26.09.1970 07:00:00   ;     0,0000
27.09.1970 07:00:00   ;     0,0000
28.09.1970 07:00:00   ;     0,0000
29.09.1970 07:00:00   ;     0,0000
30.09.1970 07:00:00   ;     0,0000
01.10.1970 07:00:00   ;     0,0000
02.10.1970 07:00:00   ;     0,0000
03.10.1970 07:00:00   ;     0,0000
04.10.1970 07:00:00   ;     0,0000
05.10.1970 07:00:00   ;     0,0000
06.10.1970 07:00:00   ;     0,0000
07.10.1970 07:00:00   ;     0,0000
08.10.1970 07:00:00   ;     0,0000
09.10.1970 07:00:00   ;     0,0000
10.10.1970 07:00:00   ;     0,0000
11.10.1970 07:00:00   ;     0,0000
12.10.1970 07:00:00   ;     0,0000
13.10.1970 07:00:00   ;     0,0000
14.10.1970 07:00:00   ;     0,0000
15.10.1970 07:00:00   ;     0,0000
16.10.1970 07:00:00   ;     0,0000
17.10.1970 07:00:00   ;     0,0000
18.10.1970 07:00:00   ;     0,0000
19.10.1970 07:00:00   ;     0,0000
20.10.1970 07:00:00   ;     0,0000
21.10.1970 07:00:00   ;    38,0000
22.10.1970 07:00:00   ;    29,0000
23.10.1970 07:00:00   ;    25,0000
24.10.1970 07:00:00   ;    24,0000
25.10.1970 07:00:00   ;    23,0000
26.10.1970 07:00:00   ;    20,0000
27.10.1970 07:00:00   ;    19,0000
28.10.1970 07:00:00   ;    17,0000
29.10.1970 07:00:00   ;    16,0000
30.10.1970 07:00:00   ;    14,0000
31.10.1970 07:00:00   ;    12,0000
01.11.1970 07:00:00   ;     9,0000
02.11.1970 07:00:00   ;     5,0000
03.11.1970 07:00:00   ;     1,0000
04.11.1970 07:00:00   ;     0,0000
05.11.1970 07:00:00   ;     0,0000
06.11.1970 07:00:00   ;     0,0000
07.11.1970 07:00:00   ;     0,0000
08.11.1970 07:00:00   ;     0,0000
09.11.1970 07:00:00   ;     0,0000
10.11.1970 07:00:00   ;     0,0000
11.11.1970 07:00:00   ;     0,0000
12.11.1970 07:00:00   ;     0,0000
13.11.1970 07:00:00   ;     0,0000
14.11.1970 07:00:00   ;     0,0000
15.11.1970 07:00:00   ;     0,0000
16.11.1970 07:00:00   ;    26,0000
17.11.1970 07:00:00   ;    25,0000
18.11.1970 07:00:00   ;    24,0000
19.11.1970 07:00:00   ;    11,0000
20.11.1970 07:00:00   ;     3,0000
21.11.1970 07:00:00   ;     0,0000
22.11.1970 07:00:00   ;     6,0000
23.11.1970 07:00:00   ;     5,0000
24.11.1970 07:00:00   ;     5,0000
25.11.1970 07:00:00   ;     5,0000
26.11.1970 07:00:00   ;     5,0000
27.11.1970 07:00:00   ;     5,0000
28.11.1970 07:00:00   ;     4,0000
29.11.1970 07:00:00   ;     4,0000
30.11.1970 07:00:00   ;     0,0000
01.12.1970 07:00:00   ;     0,0000
02.12.1970 07:00:00   ;     0,0000
03.12.1970 07:00:00   ;     0,0000
04.12.1970 07:00:00   ;     0,0000
05.12.1970 07:00:00   ;     0,0000
06.12.1970 07:00:00   ;     0,0000
07.12.1970 07:00:00   ;     0,0000
08.12.1970 07:00:00   ;    12,0000
09.12.1970 07:00:00   ;    11,0000
10.12.1970 07:00:00   ;    10,0000
11.12.1970 07:00:00   ;    10,0000
12.12.1970 07:00:00   ;    10,0000
13.12.1970 07:00:00   ;    10,0000
14.12.1970 07:00:00   ;    10,0000
15.12.1970 07:00:00   ;    10,0000
16.12.1970 07:00:00   ;    10,0000
17.12.1970 07:00:00   ;    10,0000
18.12.1970 07:00:00   ;    10,0000
19.12.1970 07:00:00   ;    10,0000
20.12.1970 07:00:00   ;    10,0000
21.12.1970 07:00:00   ;    10,0000
22.12.1970 07:00:00   ;    14,0000
23.12.1970 07:00:00   ;    14,0000
24.12.1970 07:00:00   ;    26,0000
25.12.1970 07:00:00   ;    26,0000
26.12.1970 07:00:00   ;    27,0000
27.12.1970 07:00:00   ;    38,0000
28.12.1970 07:00:00   ;    60,0000
29.12.1970 07:00:00   ;    58,0000
30.12.1970 07:00:00   ;    66,0000
31.12.1970 07:00:00   ;    58,0000
01.01.1971 07:00:00   ;    95,0000
02.01.1971 07:00:00   ;    99,0000
03.01.1971 07:00:00   ;   102,0000
04.01.1971 07:00:00   ;   102,0000
05.01.1971 07:00:00   ;   106,0000
06.01.1971 07:00:00   ;   108,0000
07.01.1971 07:00:00   ;   104,0000
08.01.1971 07:00:00   ;   100,0000
09.01.1971 07:00:00   ;    94,0000
10.01.1971 07:00:00   ;    88,0000
11.01.1971 07:00:00   ;    83,0000
12.01.1971 07:00:00   ;    79,0000
13.01.1971 07:00:00   ;    78,0000
14.01.1971 07:00:00   ;    77,0000
15.01.1971 07:00:00   ;    76,0000
16.01.1971 07:00:00   ;    75,0000
17.01.1971 07:00:00   ;    75,0000
18.01.1971 07:00:00   ;    74,0000
19.01.1971 07:00:00   ;    73,0000
20.01.1971 07:00:00   ;    66,0000
21.01.1971 07:00:00   ;    66,0000
22.01.1971 07:00:00   ;    66,0000
23.01.1971 07:00:00   ;    75,0000
24.01.1971 07:00:00   ;    71,0000
25.01.1971 07:00:00   ;    68,0000
26.01.1971 07:00:00   ;    66,0000
27.01.1971 07:00:00   ;    64,0000
28.01.1971 07:00:00   ;    67,0000
29.01.1971 07:00:00   ;    67,0000
30.01.1971 07:00:00   ;    66,0000
31.01.1971 07:00:00   ;    64,0000
01.02.1971 07:00:00   ;    63,0000
02.02.1971 07:00:00   ;    65,0000
03.02.1971 07:00:00   ;    65,0000
04.02.1971 07:00:00   ;    64,0000
05.02.1971 07:00:00   ;    63,0000
06.02.1971 07:00:00   ;    63,0000
07.02.1971 07:00:00   ;    62,0000
08.02.1971 07:00:00   ;    62,0000
09.02.1971 07:00:00   ;    62,0000
10.02.1971 07:00:00   ;    61,0000
11.02.1971 07:00:00   ;    61,0000
12.02.1971 07:00:00   ;    61,0000
13.02.1971 07:00:00   ;    61,0000
14.02.1971 07:00:00   ;    60,0000
15.02.1971 07:00:00   ;    63,0000
16.02.1971 07:00:00   ;    64,0000
17.02.1971 07:00:00   ;    95,0000
18.02.1971 07:00:00   ;   102,0000
19.02.1971 07:00:00   ;   100,0000
20.02.1971 07:00:00   ;    94,0000
21.02.1971 07:00:00   ;    92,0000
22.02.1971 07:00:00   ;    91,0000
23.02.1971 07:00:00   ;    90,0000
24.02.1971 07:00:00   ;    89,0000
25.02.1971 07:00:00   ;    89,0000
26.02.1971 07:00:00   ;    88,0000
27.02.1971 07:00:00   ;    88,0000
28.02.1971 07:00:00   ;    87,0000
01.03.1971 07:00:00   ;    87,0000
02.03.1971 07:00:00   ;    87,0000
03.03.1971 07:00:00   ;    87,0000
04.03.1971 07:00:00   ;    87,0000
05.03.1971 07:00:00   ;    86,0000
06.03.1971 07:00:00   ;    87,0000
07.03.1971 07:00:00   ;    96,0000
08.03.1971 07:00:00   ;    94,0000
09.03.1971 07:00:00   ;    92,0000
10.03.1971 07:00:00   ;    92,0000
11.03.1971 07:00:00   ;    88,0000
12.03.1971 07:00:00   ;    86,0000
13.03.1971 07:00:00   ;    86,0000
14.03.1971 07:00:00   ;    84,0000
15.03.1971 07:00:00   ;    83,0000
16.03.1971 07:00:00   ;    79,0000
17.03.1971 07:00:00   ;    81,0000
18.03.1971 07:00:00   ;    80,0000
19.03.1971 07:00:00   ;    73,0000
20.03.1971 07:00:00   ;    69,0000
21.03.1971 07:00:00   ;    63,0000
22.03.1971 07:00:00   ;    59,0000
23.03.1971 07:00:00   ;    56,0000
24.03.1971 07:00:00   ;    55,0000
25.03.1971 07:00:00   ;    53,0000
26.03.1971 07:00:00   ;    51,0000
27.03.1971 07:00:00   ;    66,0000
28.03.1971 07:00:00   ;    73,0000
29.03.1971 07:00:00   ;    66,0000
30.03.1971 07:00:00   ;    58,0000
31.03.1971 07:00:00   ;    55,0000
01.04.1971 07:00:00   ;    53,0000
02.04.1971 07:00:00   ;    51,0000
03.04.1971 07:00:00   ;    48,0000
04.04.1971 07:00:00   ;    41,0000
05.04.1971 07:00:00   ;    38,0000
06.04.1971 07:00:00   ;    31,0000
07.04.1971 07:00:00   ;    26,0000
08.04.1971 07:00:00   ;    21,0000
09.04.1971 07:00:00   ;    15,0000
10.04.1971 07:00:00   ;     9,0000
11.04.1971 07:00:00   ;     3,0000
12.04.1971 07:00:00   ;     0,0000
13.04.1971 07:00:00   ;     0,0000
14.04.1971 07:00:00   ;     0,0000
15.04.1971 07:00:00   ;     0,0000
16.04.1971 07:00:00   ;     0,0000
17.04.1971 07:00:00   ;     0,0000
18.04.1971 07:00:00   ;     0,0000
19.04.1971 07:00:00   ;     0,0000
20.04.1971 07:00:00   ;     0,0000
21.04.1971 07:00:00   ;     0,0000
22.04.1971 07:00:00   ;     0,0000
23.04.1971 07:00:00   ;     0,0000
24.04.1971 07:00:00   ;     0,0000
25.04.1971 07:00:00   ;     0,0000
26.04.1971 07:00:00   ;     0,0000
27.04.1971 07:00:00   ;     0,0000
28.04.1971 07:00:00   ;     0,0000
29.04.1971 07:00:00   ;     4,0000
30.04.1971 07:00:00   ;     0,0000
01.05.1971 07:00:00   ;     0,0000
02.05.1971 07:00:00   ;     0,0000
03.05.1971 07:00:00   ;     0,0000
04.05.1971 07:00:00   ;     0,0000
05.05.1971 07:00:00   ;     0,0000
06.05.1971 07:00:00   ;     0,0000
07.05.1971 07:00:00   ;     0,0000
08.05.1971 07:00:00   ;     0,0000
09.05.1971 07:00:00   ;     0,0000
10.05.1971 07:00:00   ;     0,0000
11.05.1971 07:00:00   ;     0,0000
12.05.1971 07:00:00   ;     0,0000
13.05.1971 07:00:00   ;     0,0000
14.05.1971 07:00:00   ;     0,0000
15.05.1971 07:00:00   ;     0,0000
16.05.1971 07:00:00   ;     0,0000
17.05.1971 07:00:00   ;     0,0000
18.05.1971 07:00:00   ;     0,0000
19.05.1971 07:00:00   ;     0,0000
20.05.1971 07:00:00   ;     0,0000
21.05.1971 07:00:00   ;     0,0000
22.05.1971 07:00:00   ;     0,0000
23.05.1971 07:00:00   ;     0,0000
24.05.1971 07:00:00   ;     0,0000
25.05.1971 07:00:00   ;     0,0000
26.05.1971 07:00:00   ;     0,0000
27.05.1971 07:00:00   ;     0,0000
28.05.1971 07:00:00   ;     0,0000
29.05.1971 07:00:00   ;     0,0000
30.05.1971 07:00:00   ;     0,0000
31.05.1971 07:00:00   ;     0,0000
01.06.1971 07:00:00   ;     0,0000
02.06.1971 07:00:00   ;     0,0000
03.06.1971 07:00:00   ;     0,0000
04.06.1971 07:00:00   ;     0,0000
05.06.1971 07:00:00   ;     0,0000
06.06.1971 07:00:00   ;     0,0000
07.06.1971 07:00:00   ;     0,0000
08.06.1971 07:00:00   ;     0,0000
09.06.1971 07:00:00   ;     0,0000
10.06.1971 07:00:00   ;     0,0000
11.06.1971 07:00:00   ;     0,0000
12.06.1971 07:00:00   ;     0,0000
13.06.1971 07:00:00   ;     0,0000
14.06.1971 07:00:00   ;     0,0000
15.06.1971 07:00:00   ;     0,0000
16.06.1971 07:00:00   ;     0,0000
17.06.1971 07:00:00   ;     0,0000
18.06.1971 07:00:00   ;     0,0000
19.06.1971 07:00:00   ;     0,0000
20.06.1971 07:00:00   ;     0,0000
21.06.1971 07:00:00   ;     0,0000
22.06.1971 07:00:00   ;     0,0000
23.06.1971 07:00:00   ;     0,0000
24.06.1971 07:00:00   ;     0,0000
25.06.1971 07:00:00   ;     0,0000
26.06.1971 07:00:00   ;     0,0000
27.06.1971 07:00:00   ;     0,0000
28.06.1971 07:00:00   ;     0,0000
29.06.1971 07:00:00   ;     0,0000
30.06.1971 07:00:00   ;     0,0000
01.07.1971 07:00:00   ;     0,0000
02.07.1971 07:00:00   ;     0,0000
03.07.1971 07:00:00   ;     0,0000
04.07.1971 07:00:00   ;     0,0000
05.07.1971 07:00:00   ;     0,0000
06.07.1971 07:00:00   ;     0,0000
07.07.1971 07:00:00   ;     0,0000
08.07.1971 07:00:00   ;     0,0000
09.07.1971 07:00:00   ;     0,0000
10.07.1971 07:00:00   ;     0,0000
11.07.1971 07:00:00   ;     0,0000
12.07.1971 07:00:00   ;     0,0000
13.07.1971 07:00:00   ;     0,0000
14.07.1971 07:00:00   ;     0,0000
15.07.1971 07:00:00   ;     0,0000
16.07.1971 07:00:00   ;     0,0000
17.07.1971 07:00:00   ;     0,0000
18.07.1971 07:00:00   ;     0,0000
19.07.1971 07:00:00   ;     0,0000
20.07.1971 07:00:00   ;     0,0000
21.07.1971 07:00:00   ;     0,0000
22.07.1971 07:00:00   ;     0,0000
23.07.1971 07:00:00   ;     0,0000
24.07.1971 07:00:00   ;     0,0000
25.07.1971 07:00:00   ;     0,0000
26.07.1971 07:00:00   ;     0,0000
27.07.1971 07:00:00   ;     0,0000
28.07.1971 07:00:00   ;     0,0000
29.07.1971 07:00:00   ;     0,0000
30.07.1971 07:00:00   ;     0,0000
31.07.1971 07:00:00   ;     0,0000
01.08.1971 07:00:00   ;     0,0000
02.08.1971 07:00:00   ;     0,0000
03.08.1971 07:00:00   ;     0,0000
04.08.1971 07:00:00   ;     0,0000
05.08.1971 07:00:00   ;     0,0000
06.08.1971 07:00:00   ;     0,0000
07.08.1971 07:00:00   ;     0,0000
08.08.1971 07:00:00   ;     0,0000
09.08.1971 07:00:00   ;     0,0000
10.08.1971 07:00:00   ;     0,0000
11.08.1971 07:00:00   ;     0,0000
12.08.1971 07:00:00   ;     0,0000
13.08.1971 07:00:00   ;     0,0000
14.08.1971 07:00:00   ;     0,0000
15.08.1971 07:00:00   ;     0,0000
16.08.1971 07:00:00   ;     0,0000
17.08.1971 07:00:00   ;     0,0000
18.08.1971 07:00:00   ;     0,0000
19.08.1971 07:00:00   ;     0,0000
20.08.1971 07:00:00   ;     0,0000
21.08.1971 07:00:00   ;     0,0000
22.08.1971 07:00:00   ;     0,0000
23.08.1971 07:00:00   ;     0,0000
24.08.1971 07:00:00   ;     0,0000
25.08.1971 07:00:00   ;     0,0000
26.08.1971 07:00:00   ;     0,0000
27.08.1971 07:00:00   ;     0,0000
28.08.1971 07:00:00   ;     0,0000
29.08.1971 07:00:00   ;     0,0000
30.08.1971 07:00:00   ;     0,0000
31.08.1971 07:00:00   ;     0,0000
01.09.1971 07:00:00   ;     0,0000
02.09.1971 07:00:00   ;     0,0000
03.09.1971 07:00:00   ;     0,0000
04.09.1971 07:00:00   ;     0,0000
05.09.1971 07:00:00   ;     0,0000
06.09.1971 07:00:00   ;     0,0000
07.09.1971 07:00:00   ;     0,0000
08.09.1971 07:00:00   ;     0,0000
09.09.1971 07:00:00   ;     0,0000
10.09.1971 07:00:00   ;     0,0000
11.09.1971 07:00:00   ;     0,0000
12.09.1971 07:00:00   ;     0,0000
13.09.1971 07:00:00   ;     0,0000
14.09.1971 07:00:00   ;     0,0000
15.09.1971 07:00:00   ;     0,0000
16.09.1971 07:00:00   ;     0,0000
17.09.1971 07:00:00   ;     0,0000
18.09.1971 07:00:00   ;     0,0000
19.09.1971 07:00:00   ;     0,0000
20.09.1971 07:00:00   ;     0,0000
21.09.1971 07:00:00   ;     0,0000
22.09.1971 07:00:00   ;     0,0000
23.09.1971 07:00:00   ;     0,0000
24.09.1971 07:00:00   ;     0,0000
25.09.1971 07:00:00   ;     0,0000
26.09.1971 07:00:00   ;     0,0000
27.09.1971 07:00:00   ;     0,0000
28.09.1971 07:00:00   ;     0,0000
29.09.1971 07:00:00   ;     0,0000
30.09.1971 07:00:00   ;     0,0000
01.10.1971 07:00:00   ;     0,0000
02.10.1971 07:00:00   ;     0,0000
03.10.1971 07:00:00   ;     0,0000
04.10.1971 07:00:00   ;     0,0000
05.10.1971 07:00:00   ;     0,0000
06.10.1971 07:00:00   ;     0,0000
07.10.1971 07:00:00   ;     0,0000
08.10.1971 07:00:00   ;     0,0000
09.10.1971 07:00:00   ;     0,0000
10.10.1971 07:00:00   ;     0,0000
11.10.1971 07:00:00   ;     0,0000
12.10.1971 07:00:00   ;     0,0000
13.10.1971 07:00:00   ;     0,0000
14.10.1971 07:00:00   ;     0,0000
15.10.1971 07:00:00   ;     0,0000
16.10.1971 07:00:00   ;     0,0000
17.10.1971 07:00:00   ;     0,0000
18.10.1971 07:00:00   ;     0,0000
19.10.1971 07:00:00   ;     0,0000
20.10.1971 07:00:00   ;     0,0000
21.10.1971 07:00:00   ;     0,0000
22.10.1971 07:00:00   ;     0,0000
23.10.1971 07:00:00   ;     0,0000
24.10.1971 07:00:00   ;     0,0000
25.10.1971 07:00:00   ;     0,0000
26.10.1971 07:00:00   ;     0,0000
27.10.1971 07:00:00   ;     0,0000
28.10.1971 07:00:00   ;     0,0000
29.10.1971 07:00:00   ;     0,0000
30.10.1971 07:00:00   ;     0,0000
31.10.1971 07:00:00   ;     0,0000
01.11.1971 07:00:00   ;     0,0000
02.11.1971 07:00:00   ;     0,0000
03.11.1971 07:00:00   ;     0,0000
04.11.1971 07:00:00   ;     0,0000
05.11.1971 07:00:00   ;     0,0000
06.11.1971 07:00:00   ;     0,0000
07.11.1971 07:00:00   ;     0,0000
08.11.1971 07:00:00   ;     0,0000
09.11.1971 07:00:00   ;     0,0000
10.11.1971 07:00:00   ;     0,0000
11.11.1971 07:00:00   ;     0,0000
12.11.1971 07:00:00   ;     0,0000
13.11.1971 07:00:00   ;     0,0000
14.11.1971 07:00:00   ;     0,0000
15.11.1971 07:00:00   ;     0,0000
16.11.1971 07:00:00   ;     0,0000
17.11.1971 07:00:00   ;     0,0000
18.11.1971 07:00:00   ;     0,0000
19.11.1971 07:00:00   ;     0,0000
20.11.1971 07:00:00   ;    20,0000
21.11.1971 07:00:00   ;    19,0000
22.11.1971 07:00:00   ;    18,0000
23.11.1971 07:00:00   ;    53,0000
24.11.1971 07:00:00   ;    48,0000
25.11.1971 07:00:00   ;    46,0000
26.11.1971 07:00:00   ;    41,0000
27.11.1971 07:00:00   ;    37,0000
28.11.1971 07:00:00   ;    36,0000
29.11.1971 07:00:00   ;    56,0000
30.11.1971 07:00:00   ;    55,0000
01.12.1971 07:00:00   ;    53,0000
02.12.1971 07:00:00   ;    63,0000
03.12.1971 07:00:00   ;    68,0000
04.12.1971 07:00:00   ;    66,0000
05.12.1971 07:00:00   ;    63,0000
06.12.1971 07:00:00   ;    61,0000
07.12.1971 07:00:00   ;    60,0000
08.12.1971 07:00:00   ;    58,0000
09.12.1971 07:00:00   ;    58,0000
10.12.1971 07:00:00   ;    57,0000
11.12.1971 07:00:00   ;    53,0000
12.12.1971 07:00:00   ;    53,0000
13.12.1971 07:00:00   ;    52,0000
14.12.1971 07:00:00   ;    52,0000
15.12.1971 07:00:00   ;    52,0000
16.12.1971 07:00:00   ;    50,0000
17.12.1971 07:00:00   ;    48,0000
18.12.1971 07:00:00   ;    46,0000
19.12.1971 07:00:00   ;    45,0000
20.12.1971 07:00:00   ;    43,0000
21.12.1971 07:00:00   ;    41,0000
22.12.1971 07:00:00   ;    41,0000
23.12.1971 07:00:00   ;    41,0000
24.12.1971 07:00:00   ;    41,0000
25.12.1971 07:00:00   ;    40,0000
26.12.1971 07:00:00   ;    40,0000
27.12.1971 07:00:00   ;    40,0000
28.12.1971 07:00:00   ;    40,0000
29.12.1971 07:00:00   ;    40,0000
30.12.1971 07:00:00   ;    63,0000
31.12.1971 07:00:00   ;    63,0000
01.01.1972 07:00:00   ;    80,0000
02.01.1972 07:00:00   ;    75,0000
03.01.1972 07:00:00   ;    70,0000
04.01.1972 07:00:00   ;    89,0000
05.01.1972 07:00:00   ;    86,0000
06.01.1972 07:00:00   ;    83,0000
07.01.1972 07:00:00   ;    80,0000
08.01.1972 07:00:00   ;    78,0000
09.01.1972 07:00:00   ;    77,0000
10.01.1972 07:00:00   ;    75,0000
11.01.1972 07:00:00   ;    72,0000
12.01.1972 07:00:00   ;    72,0000
13.01.1972 07:00:00   ;    74,0000
14.01.1972 07:00:00   ;    70,0000
15.01.1972 07:00:00   ;    68,0000
16.01.1972 07:00:00   ;    67,0000
17.01.1972 07:00:00   ;    70,0000
18.01.1972 07:00:00   ;    80,0000
19.01.1972 07:00:00   ;    80,0000
20.01.1972 07:00:00   ;    78,0000
21.01.1972 07:00:00   ;    78,0000
22.01.1972 07:00:00   ;    78,0000
23.01.1972 07:00:00   ;    75,0000
24.01.1972 07:00:00   ;    73,0000
25.01.1972 07:00:00   ;    75,0000
26.01.1972 07:00:00   ;    72,0000
27.01.1972 07:00:00   ;    72,0000
28.01.1972 07:00:00   ;    83,0000
29.01.1972 07:00:00   ;    95,0000
30.01.1972 07:00:00   ;    99,0000
31.01.1972 07:00:00   ;    98,0000
01.02.1972 07:00:00   ;    97,0000
02.02.1972 07:00:00   ;    95,0000
03.02.1972 07:00:00   ;    92,0000
04.02.1972 07:00:00   ;    90,0000
05.02.1972 07:00:00   ;    90,0000
06.02.1972 07:00:00   ;    85,0000
07.02.1972 07:00:00   ;    80,0000
08.02.1972 07:00:00   ;    76,0000
09.02.1972 07:00:00   ;    70,0000
10.02.1972 07:00:00   ;    55,0000
11.02.1972 07:00:00   ;    53,0000
12.02.1972 07:00:00   ;    66,0000
13.02.1972 07:00:00   ;    96,0000
14.02.1972 07:00:00   ;    96,0000
15.02.1972 07:00:00   ;    96,0000
16.02.1972 07:00:00   ;    96,0000
17.02.1972 07:00:00   ;    90,0000
18.02.1972 07:00:00   ;    83,0000
19.02.1972 07:00:00   ;    78,0000
20.02.1972 07:00:00   ;    72,0000
21.02.1972 07:00:00   ;    64,0000
22.02.1972 07:00:00   ;    61,0000
23.02.1972 07:00:00   ;    71,0000
24.02.1972 07:00:00   ;    70,0000
25.02.1972 07:00:00   ;    70,0000
26.02.1972 07:00:00   ;    72,0000
27.02.1972 07:00:00   ;    66,0000
28.02.1972 07:00:00   ;    62,0000
29.02.1972 07:00:00   ;    58,0000
01.03.1972 07:00:00   ;    56,0000
02.03.1972 07:00:00   ;    55,0000
03.03.1972 07:00:00   ;    55,0000
04.03.1972 07:00:00   ;    54,0000
05.03.1972 07:00:00   ;    53,0000
06.03.1972 07:00:00   ;    72,0000
07.03.1972 07:00:00   ;    68,0000
08.03.1972 07:00:00   ;    62,0000
09.03.1972 07:00:00   ;    60,0000
10.03.1972 07:00:00   ;    60,0000
11.03.1972 07:00:00   ;    57,0000
12.03.1972 07:00:00   ;    54,0000
13.03.1972 07:00:00   ;    61,0000
14.03.1972 07:00:00   ;    58,0000
15.03.1972 07:00:00   ;    55,0000
16.03.1972 07:00:00   ;    52,0000
17.03.1972 07:00:00   ;    48,0000
18.03.1972 07:00:00   ;    44,0000
19.03.1972 07:00:00   ;    42,0000
20.03.1972 07:00:00   ;    42,0000
21.03.1972 07:00:00   ;    40,0000
22.03.1972 07:00:00   ;    38,0000
23.03.1972 07:00:00   ;    34,0000
24.03.1972 07:00:00   ;    33,0000
25.03.1972 07:00:00   ;    32,0000
26.03.1972 07:00:00   ;    30,0000
27.03.1972 07:00:00   ;    30,0000
28.03.1972 07:00:00   ;    28,0000
29.03.1972 07:00:00   ;    27,0000
30.03.1972 07:00:00   ;    25,0000
31.03.1972 07:00:00   ;    23,0000
01.04.1972 07:00:00   ;    15,0000
02.04.1972 07:00:00   ;    13,0000
03.04.1972 07:00:00   ;    10,0000
04.04.1972 07:00:00   ;     5,0000
05.04.1972 07:00:00   ;     3,0000
06.04.1972 07:00:00   ;     2,0000
07.04.1972 07:00:00   ;     0,0000
08.04.1972 07:00:00   ;     0,0000
09.04.1972 07:00:00   ;     0,0000
10.04.1972 07:00:00   ;     0,0000
11.04.1972 07:00:00   ;     0,0000
12.04.1972 07:00:00   ;     0,0000
13.04.1972 07:00:00   ;     0,0000
14.04.1972 07:00:00   ;     0,0000
15.04.1972 07:00:00   ;     0,0000
16.04.1972 07:00:00   ;     0,0000
17.04.1972 07:00:00   ;    15,0000
18.04.1972 07:00:00   ;    10,0000
19.04.1972 07:00:00   ;     8,0000
20.04.1972 07:00:00   ;     7,0000
21.04.1972 07:00:00   ;     3,0000
22.04.1972 07:00:00   ;     0,0000
23.04.1972 07:00:00   ;     0,0000
24.04.1972 07:00:00   ;     0,0000
25.04.1972 07:00:00   ;     3,0000
26.04.1972 07:00:00   ;     0,0000
27.04.1972 07:00:00   ;     0,0000
28.04.1972 07:00:00   ;     0,0000
29.04.1972 07:00:00   ;     0,0000
30.04.1972 07:00:00   ;     0,0000
01.05.1972 07:00:00   ;     0,0000
02.05.1972 07:00:00   ;     0,0000
03.05.1972 07:00:00   ;     0,0000
04.05.1972 07:00:00   ;     0,0000
05.05.1972 07:00:00   ;     0,0000
06.05.1972 07:00:00   ;     0,0000
07.05.1972 07:00:00   ;     0,0000
08.05.1972 07:00:00   ;     0,0000
09.05.1972 07:00:00   ;     0,0000
10.05.1972 07:00:00   ;     0,0000
11.05.1972 07:00:00   ;     0,0000
12.05.1972 07:00:00   ;     0,0000
13.05.1972 07:00:00   ;     0,0000
14.05.1972 07:00:00   ;     0,0000
15.05.1972 07:00:00   ;     0,0000
16.05.1972 07:00:00   ;     0,0000
17.05.1972 07:00:00   ;     0,0000
18.05.1972 07:00:00   ;     0,0000
19.05.1972 07:00:00   ;     0,0000
20.05.1972 07:00:00   ;     0,0000
21.05.1972 07:00:00   ;     0,0000
22.05.1972 07:00:00   ;     0,0000
23.05.1972 07:00:00   ;     0,0000
24.05.1972 07:00:00   ;     0,0000
25.05.1972 07:00:00   ;     0,0000
26.05.1972 07:00:00   ;     0,0000
27.05.1972 07:00:00   ;     0,0000
28.05.1972 07:00:00   ;     0,0000
29.05.1972 07:00:00   ;     0,0000
30.05.1972 07:00:00   ;     0,0000
31.05.1972 07:00:00   ;     0,0000
01.06.1972 07:00:00   ;     0,0000
02.06.1972 07:00:00   ;     0,0000
03.06.1972 07:00:00   ;     0,0000
04.06.1972 07:00:00   ;     0,0000
05.06.1972 07:00:00   ;     0,0000
06.06.1972 07:00:00   ;     0,0000
07.06.1972 07:00:00   ;     0,0000
08.06.1972 07:00:00   ;     0,0000
09.06.1972 07:00:00   ;     0,0000
10.06.1972 07:00:00   ;     0,0000
11.06.1972 07:00:00   ;     0,0000
12.06.1972 07:00:00   ;     0,0000
13.06.1972 07:00:00   ;     0,0000
14.06.1972 07:00:00   ;     0,0000
15.06.1972 07:00:00   ;     0,0000
16.06.1972 07:00:00   ;     0,0000
17.06.1972 07:00:00   ;     0,0000
18.06.1972 07:00:00   ;     0,0000
19.06.1972 07:00:00   ;     0,0000
20.06.1972 07:00:00   ;     0,0000
21.06.1972 07:00:00   ;     0,0000
22.06.1972 07:00:00   ;     0,0000
23.06.1972 07:00:00   ;     0,0000
24.06.1972 07:00:00   ;     0,0000
25.06.1972 07:00:00   ;     0,0000
26.06.1972 07:00:00   ;     0,0000
27.06.1972 07:00:00   ;     0,0000
28.06.1972 07:00:00   ;     0,0000
29.06.1972 07:00:00   ;     0,0000
30.06.1972 07:00:00   ;     0,0000
01.07.1972 07:00:00   ;     0,0000
02.07.1972 07:00:00   ;     0,0000
03.07.1972 07:00:00   ;     0,0000
04.07.1972 07:00:00   ;     0,0000
05.07.1972 07:00:00   ;     0,0000
06.07.1972 07:00:00   ;     0,0000
07.07.1972 07:00:00   ;     0,0000
08.07.1972 07:00:00   ;     0,0000
09.07.1972 07:00:00   ;     0,0000
10.07.1972 07:00:00   ;     0,0000
11.07.1972 07:00:00   ;     0,0000
12.07.1972 07:00:00   ;     0,0000
13.07.1972 07:00:00   ;     0,0000
14.07.1972 07:00:00   ;     0,0000
15.07.1972 07:00:00   ;     0,0000
16.07.1972 07:00:00   ;     0,0000
17.07.1972 07:00:00   ;     0,0000
18.07.1972 07:00:00   ;     0,0000
19.07.1972 07:00:00   ;     0,0000
20.07.1972 07:00:00   ;     0,0000
21.07.1972 07:00:00   ;     0,0000
22.07.1972 07:00:00   ;     0,0000
23.07.1972 07:00:00   ;     0,0000
24.07.1972 07:00:00   ;     0,0000
25.07.1972 07:00:00   ;     0,0000
26.07.1972 07:00:00   ;     0,0000
27.07.1972 07:00:00   ;     0,0000
28.07.1972 07:00:00   ;     0,0000
29.07.1972 07:00:00   ;     0,0000
30.07.1972 07:00:00   ;     0,0000
31.07.1972 07:00:00   ;     0,0000
01.08.1972 07:00:00   ;     0,0000
02.08.1972 07:00:00   ;     0,0000
03.08.1972 07:00:00   ;     0,0000
04.08.1972 07:00:00   ;     0,0000
05.08.1972 07:00:00   ;     0,0000
06.08.1972 07:00:00   ;     0,0000
07.08.1972 07:00:00   ;     0,0000
08.08.1972 07:00:00   ;     0,0000
09.08.1972 07:00:00   ;     0,0000
10.08.1972 07:00:00   ;     0,0000
11.08.1972 07:00:00   ;     0,0000
12.08.1972 07:00:00   ;     0,0000
13.08.1972 07:00:00   ;     0,0000
14.08.1972 07:00:00   ;     0,0000
15.08.1972 07:00:00   ;     0,0000
16.08.1972 07:00:00   ;     0,0000
17.08.1972 07:00:00   ;     0,0000
18.08.1972 07:00:00   ;     0,0000
19.08.1972 07:00:00   ;     0,0000
20.08.1972 07:00:00   ;     0,0000
21.08.1972 07:00:00   ;     0,0000
22.08.1972 07:00:00   ;     0,0000
23.08.1972 07:00:00   ;     0,0000
24.08.1972 07:00:00   ;     0,0000
25.08.1972 07:00:00   ;     0,0000
26.08.1972 07:00:00   ;     0,0000
27.08.1972 07:00:00   ;     0,0000
28.08.1972 07:00:00   ;     0,0000
29.08.1972 07:00:00   ;     0,0000
30.08.1972 07:00:00   ;     0,0000
31.08.1972 07:00:00   ;     0,0000
01.09.1972 07:00:00   ;     0,0000
02.09.1972 07:00:00   ;     0,0000
03.09.1972 07:00:00   ;     0,0000
04.09.1972 07:00:00   ;     0,0000
05.09.1972 07:00:00   ;     0,0000
06.09.1972 07:00:00   ;     0,0000
07.09.1972 07:00:00   ;     0,0000
08.09.1972 07:00:00   ;     0,0000
09.09.1972 07:00:00   ;     0,0000
10.09.1972 07:00:00   ;     0,0000
11.09.1972 07:00:00   ;     0,0000
12.09.1972 07:00:00   ;     0,0000
13.09.1972 07:00:00   ;     0,0000
14.09.1972 07:00:00   ;     0,0000
15.09.1972 07:00:00   ;     0,0000
16.09.1972 07:00:00   ;     0,0000
17.09.1972 07:00:00   ;     0,0000
18.09.1972 07:00:00   ;     0,0000
19.09.1972 07:00:00   ;     0,0000
20.09.1972 07:00:00   ;     0,0000
21.09.1972 07:00:00   ;     0,0000
22.09.1972 07:00:00   ;     0,0000
23.09.1972 07:00:00   ;     0,0000
24.09.1972 07:00:00   ;     0,0000
25.09.1972 07:00:00   ;     0,0000
26.09.1972 07:00:00   ;     0,0000
27.09.1972 07:00:00   ;     0,0000
28.09.1972 07:00:00   ;     0,0000
29.09.1972 07:00:00   ;     0,0000
30.09.1972 07:00:00   ;     0,0000
01.10.1972 07:00:00   ;     0,0000
02.10.1972 07:00:00   ;     0,0000
03.10.1972 07:00:00   ;     0,0000
04.10.1972 07:00:00   ;     0,0000
05.10.1972 07:00:00   ;     0,0000
06.10.1972 07:00:00   ;     0,0000
07.10.1972 07:00:00   ;     0,0000
08.10.1972 07:00:00   ;     0,0000
09.10.1972 07:00:00   ;     0,0000
10.10.1972 07:00:00   ;     0,0000
11.10.1972 07:00:00   ;     0,0000
12.10.1972 07:00:00   ;     0,0000
13.10.1972 07:00:00   ;     0,0000
14.10.1972 07:00:00   ;     0,0000
15.10.1972 07:00:00   ;     0,0000
16.10.1972 07:00:00   ;     0,0000
17.10.1972 07:00:00   ;     0,0000
18.10.1972 07:00:00   ;     0,0000
19.10.1972 07:00:00   ;     0,0000
20.10.1972 07:00:00   ;     0,0000
21.10.1972 07:00:00   ;     0,0000
22.10.1972 07:00:00   ;     4,0000
23.10.1972 07:00:00   ;     0,0000
24.10.1972 07:00:00   ;     0,0000
25.10.1972 07:00:00   ;     0,0000
26.10.1972 07:00:00   ;     0,0000
27.10.1972 07:00:00   ;     0,0000
28.10.1972 07:00:00   ;     0,0000
29.10.1972 07:00:00   ;     0,0000
30.10.1972 07:00:00   ;     0,0000
31.10.1972 07:00:00   ;     0,0000
01.11.1972 07:00:00   ;     0,0000
02.11.1972 07:00:00   ;     0,0000
03.11.1972 07:00:00   ;     0,0000
04.11.1972 07:00:00   ;     0,0000
05.11.1972 07:00:00   ;     0,0000
06.11.1972 07:00:00   ;     0,0000
07.11.1972 07:00:00   ;     0,0000
08.11.1972 07:00:00   ;     0,0000
09.11.1972 07:00:00   ;     0,0000
10.11.1972 07:00:00   ;     0,0000
11.11.1972 07:00:00   ;     0,0000
12.11.1972 07:00:00   ;    21,0000
13.11.1972 07:00:00   ;    15,0000
14.11.1972 07:00:00   ;    13,0000
15.11.1972 07:00:00   ;     8,0000
16.11.1972 07:00:00   ;    14,0000
17.11.1972 07:00:00   ;    10,0000
18.11.1972 07:00:00   ;    13,0000
19.11.1972 07:00:00   ;    30,0000
20.11.1972 07:00:00   ;    20,0000
21.11.1972 07:00:00   ;    26,0000
22.11.1972 07:00:00   ;    22,0000
23.11.1972 07:00:00   ;    18,0000
24.11.1972 07:00:00   ;    36,0000
25.11.1972 07:00:00   ;    36,0000
26.11.1972 07:00:00   ;    33,0000
27.11.1972 07:00:00   ;    31,0000
28.11.1972 07:00:00   ;    31,0000
29.11.1972 07:00:00   ;    31,0000
30.11.1972 07:00:00   ;    28,0000
01.12.1972 07:00:00   ;    25,0000
02.12.1972 07:00:00   ;    24,0000
03.12.1972 07:00:00   ;    24,0000
04.12.1972 07:00:00   ;    22,0000
05.12.1972 07:00:00   ;    20,0000
06.12.1972 07:00:00   ;    19,0000
07.12.1972 07:00:00   ;    19,0000
08.12.1972 07:00:00   ;    18,0000
09.12.1972 07:00:00   ;    15,0000
10.12.1972 07:00:00   ;    18,0000
11.12.1972 07:00:00   ;    18,0000
12.12.1972 07:00:00   ;    18,0000
13.12.1972 07:00:00   ;    18,0000
14.12.1972 07:00:00   ;    18,0000
15.12.1972 07:00:00   ;    18,0000
16.12.1972 07:00:00   ;    18,0000
17.12.1972 07:00:00   ;    18,0000
18.12.1972 07:00:00   ;    18,0000
19.12.1972 07:00:00   ;    18,0000
20.12.1972 07:00:00   ;    20,0000
21.12.1972 07:00:00   ;    24,0000
22.12.1972 07:00:00   ;    23,0000
23.12.1972 07:00:00   ;    23,0000
24.12.1972 07:00:00   ;    23,0000
25.12.1972 07:00:00   ;    23,0000
26.12.1972 07:00:00   ;    23,0000
27.12.1972 07:00:00   ;    23,0000
28.12.1972 07:00:00   ;    23,0000
29.12.1972 07:00:00   ;    23,0000
30.12.1972 07:00:00   ;    23,0000
31.12.1972 07:00:00   ;    23,0000
01.01.1973 07:00:00   ;    23,0000
02.01.1973 07:00:00   ;    26,0000
03.01.1973 07:00:00   ;    26,0000
04.01.1973 07:00:00   ;    31,0000
05.01.1973 07:00:00   ;    31,0000
06.01.1973 07:00:00   ;    30,0000
07.01.1973 07:00:00   ;    30,0000
08.01.1973 07:00:00   ;    30,0000
09.01.1973 07:00:00   ;    30,0000
10.01.1973 07:00:00   ;    30,0000
11.01.1973 07:00:00   ;    30,0000
12.01.1973 07:00:00   ;    30,0000
13.01.1973 07:00:00   ;    30,0000
14.01.1973 07:00:00   ;    30,0000
15.01.1973 07:00:00   ;    30,0000
16.01.1973 07:00:00   ;    30,0000
17.01.1973 07:00:00   ;    45,0000
18.01.1973 07:00:00   ;    43,0000
19.01.1973 07:00:00   ;    40,0000
20.01.1973 07:00:00   ;    57,0000
21.01.1973 07:00:00   ;    57,0000
22.01.1973 07:00:00   ;    51,0000
23.01.1973 07:00:00   ;    49,0000
24.01.1973 07:00:00   ;    56,0000
25.01.1973 07:00:00   ;    63,0000
26.01.1973 07:00:00   ;    60,0000
27.01.1973 07:00:00   ;    60,0000
28.01.1973 07:00:00   ;    59,0000
29.01.1973 07:00:00   ;    58,0000
30.01.1973 07:00:00   ;    57,0000
31.01.1973 07:00:00   ;    57,0000
01.02.1973 07:00:00   ;    57,0000
02.02.1973 07:00:00   ;    82,0000
03.02.1973 07:00:00   ;    81,0000
04.02.1973 07:00:00   ;    80,0000
05.02.1973 07:00:00   ;    78,0000
06.02.1973 07:00:00   ;    75,0000
07.02.1973 07:00:00   ;    74,0000
08.02.1973 07:00:00   ;    74,0000
09.02.1973 07:00:00   ;    70,0000
10.02.1973 07:00:00   ;    51,0000
11.02.1973 07:00:00   ;    80,0000
12.02.1973 07:00:00   ;    78,0000
13.02.1973 07:00:00   ;    75,0000
14.02.1973 07:00:00   ;   120,0000
15.02.1973 07:00:00   ;   137,0000
16.02.1973 07:00:00   ;   125,0000
17.02.1973 07:00:00   ;   118,0000
18.02.1973 07:00:00   ;   115,0000
19.02.1973 07:00:00   ;   110,0000
20.02.1973 07:00:00   ;   101,0000
21.02.1973 07:00:00   ;   100,0000
22.02.1973 07:00:00   ;    97,0000
23.02.1973 07:00:00   ;    97,0000
24.02.1973 07:00:00   ;    95,0000
25.02.1973 07:00:00   ;    93,0000
26.02.1973 07:00:00   ;    93,0000
27.02.1973 07:00:00   ;    90,0000
28.02.1973 07:00:00   ;    90,0000
01.03.1973 07:00:00   ;    89,0000
02.03.1973 07:00:00   ;    89,0000
03.03.1973 07:00:00   ;    88,0000
04.03.1973 07:00:00   ;    87,0000
05.03.1973 07:00:00   ;    83,0000
06.03.1973 07:00:00   ;    80,0000
07.03.1973 07:00:00   ;    80,0000
08.03.1973 07:00:00   ;   100,0000
09.03.1973 07:00:00   ;    97,0000
10.03.1973 07:00:00   ;    96,0000
11.03.1973 07:00:00   ;    96,0000
12.03.1973 07:00:00   ;    94,0000
13.03.1973 07:00:00   ;    87,0000
14.03.1973 07:00:00   ;    87,0000
15.03.1973 07:00:00   ;    96,0000
16.03.1973 07:00:00   ;    93,0000
17.03.1973 07:00:00   ;    91,0000
18.03.1973 07:00:00   ;    87,0000
19.03.1973 07:00:00   ;    84,0000
20.03.1973 07:00:00   ;    84,0000
21.03.1973 07:00:00   ;    84,0000
22.03.1973 07:00:00   ;    76,0000
23.03.1973 07:00:00   ;    74,0000
24.03.1973 07:00:00   ;    71,0000
25.03.1973 07:00:00   ;    69,0000
26.03.1973 07:00:00   ;    66,0000
27.03.1973 07:00:00   ;    64,0000
28.03.1973 07:00:00   ;    60,0000
29.03.1973 07:00:00   ;    56,0000
30.03.1973 07:00:00   ;    50,0000
31.03.1973 07:00:00   ;    48,0000
01.04.1973 07:00:00   ;    47,0000
02.04.1973 07:00:00   ;    45,0000
03.04.1973 07:00:00   ;    46,0000
04.04.1973 07:00:00   ;    55,0000
05.04.1973 07:00:00   ;    45,0000
06.04.1973 07:00:00   ;    42,0000
07.04.1973 07:00:00   ;    38,0000
08.04.1973 07:00:00   ;    33,0000
09.04.1973 07:00:00   ;    68,0000
10.04.1973 07:00:00   ;    40,0000
11.04.1973 07:00:00   ;    50,0000
12.04.1973 07:00:00   ;    43,0000
13.04.1973 07:00:00   ;    54,0000
14.04.1973 07:00:00   ;    47,0000
15.04.1973 07:00:00   ;    47,0000
16.04.1973 07:00:00   ;    46,0000
17.04.1973 07:00:00   ;    44,0000
18.04.1973 07:00:00   ;    40,0000
19.04.1973 07:00:00   ;    35,0000
20.04.1973 07:00:00   ;    47,0000
21.04.1973 07:00:00   ;    43,0000
22.04.1973 07:00:00   ;    39,0000
23.04.1973 07:00:00   ;    36,0000
24.04.1973 07:00:00   ;    32,0000
25.04.1973 07:00:00   ;    39,0000
26.04.1973 07:00:00   ;    38,0000
27.04.1973 07:00:00   ;    30,0000
28.04.1973 07:00:00   ;    25,0000
29.04.1973 07:00:00   ;    20,0000
30.04.1973 07:00:00   ;    10,0000
01.05.1973 07:00:00   ;     0,0000
02.05.1973 07:00:00   ;     0,0000
03.05.1973 07:00:00   ;     0,0000
04.05.1973 07:00:00   ;     0,0000
05.05.1973 07:00:00   ;     0,0000
06.05.1973 07:00:00   ;     0,0000
07.05.1973 07:00:00   ;     0,0000
08.05.1973 07:00:00   ;     0,0000
09.05.1973 07:00:00   ;     0,0000
10.05.1973 07:00:00   ;     0,0000
11.05.1973 07:00:00   ;     0,0000
12.05.1973 07:00:00   ;     0,0000
13.05.1973 07:00:00   ;     0,0000
14.05.1973 07:00:00   ;     0,0000
15.05.1973 07:00:00   ;     0,0000
16.05.1973 07:00:00   ;     0,0000
17.05.1973 07:00:00   ;     0,0000
18.05.1973 07:00:00   ;     0,0000
19.05.1973 07:00:00   ;     0,0000
20.05.1973 07:00:00   ;     0,0000
21.05.1973 07:00:00   ;     0,0000
22.05.1973 07:00:00   ;     0,0000
23.05.1973 07:00:00   ;     0,0000
24.05.1973 07:00:00   ;     0,0000
25.05.1973 07:00:00   ;     0,0000
26.05.1973 07:00:00   ;     0,0000
27.05.1973 07:00:00   ;     0,0000
28.05.1973 07:00:00   ;     0,0000
29.05.1973 07:00:00   ;     0,0000
30.05.1973 07:00:00   ;     0,0000
31.05.1973 07:00:00   ;     0,0000
01.06.1973 07:00:00   ;     0,0000
02.06.1973 07:00:00   ;     0,0000
03.06.1973 07:00:00   ;     0,0000
04.06.1973 07:00:00   ;     0,0000
05.06.1973 07:00:00   ;     0,0000
06.06.1973 07:00:00   ;     0,0000
07.06.1973 07:00:00   ;     0,0000
08.06.1973 07:00:00   ;     0,0000
09.06.1973 07:00:00   ;     0,0000
10.06.1973 07:00:00   ;     0,0000
11.06.1973 07:00:00   ;     0,0000
12.06.1973 07:00:00   ;     0,0000
13.06.1973 07:00:00   ;     0,0000
14.06.1973 07:00:00   ;     0,0000
15.06.1973 07:00:00   ;     0,0000
16.06.1973 07:00:00   ;     0,0000
17.06.1973 07:00:00   ;     0,0000
18.06.1973 07:00:00   ;     0,0000
19.06.1973 07:00:00   ;     0,0000
20.06.1973 07:00:00   ;     0,0000
21.06.1973 07:00:00   ;     0,0000
22.06.1973 07:00:00   ;     0,0000
23.06.1973 07:00:00   ;     0,0000
24.06.1973 07:00:00   ;     0,0000
25.06.1973 07:00:00   ;     0,0000
26.06.1973 07:00:00   ;     0,0000
27.06.1973 07:00:00   ;     0,0000
28.06.1973 07:00:00   ;     0,0000
29.06.1973 07:00:00   ;     0,0000
30.06.1973 07:00:00   ;     0,0000
01.07.1973 07:00:00   ;     0,0000
02.07.1973 07:00:00   ;     0,0000
03.07.1973 07:00:00   ;     0,0000
04.07.1973 07:00:00   ;     0,0000
05.07.1973 07:00:00   ;     0,0000
06.07.1973 07:00:00   ;     0,0000
07.07.1973 07:00:00   ;     0,0000
08.07.1973 07:00:00   ;     0,0000
09.07.1973 07:00:00   ;     0,0000
10.07.1973 07:00:00   ;     0,0000
11.07.1973 07:00:00   ;     0,0000
12.07.1973 07:00:00   ;     0,0000
13.07.1973 07:00:00   ;     0,0000
14.07.1973 07:00:00   ;     0,0000
15.07.1973 07:00:00   ;     0,0000
16.07.1973 07:00:00   ;     0,0000
17.07.1973 07:00:00   ;     0,0000
18.07.1973 07:00:00   ;     0,0000
19.07.1973 07:00:00   ;     0,0000
20.07.1973 07:00:00   ;     0,0000
21.07.1973 07:00:00   ;     0,0000
22.07.1973 07:00:00   ;     0,0000
23.07.1973 07:00:00   ;     0,0000
24.07.1973 07:00:00   ;     0,0000
25.07.1973 07:00:00   ;     0,0000
26.07.1973 07:00:00   ;     0,0000
27.07.1973 07:00:00   ;     0,0000
28.07.1973 07:00:00   ;     0,0000
29.07.1973 07:00:00   ;     0,0000
30.07.1973 07:00:00   ;     0,0000
31.07.1973 07:00:00   ;     0,0000
01.08.1973 07:00:00   ;     0,0000
02.08.1973 07:00:00   ;     0,0000
03.08.1973 07:00:00   ;     0,0000
04.08.1973 07:00:00   ;     0,0000
05.08.1973 07:00:00   ;     0,0000
06.08.1973 07:00:00   ;     0,0000
07.08.1973 07:00:00   ;     0,0000
08.08.1973 07:00:00   ;     0,0000
09.08.1973 07:00:00   ;     0,0000
10.08.1973 07:00:00   ;     0,0000
11.08.1973 07:00:00   ;     0,0000
12.08.1973 07:00:00   ;     0,0000
13.08.1973 07:00:00   ;     0,0000
14.08.1973 07:00:00   ;     0,0000
15.08.1973 07:00:00   ;     0,0000
16.08.1973 07:00:00   ;     0,0000
17.08.1973 07:00:00   ;     0,0000
18.08.1973 07:00:00   ;     0,0000
19.08.1973 07:00:00   ;     0,0000
20.08.1973 07:00:00   ;     0,0000
21.08.1973 07:00:00   ;     0,0000
22.08.1973 07:00:00   ;     0,0000
23.08.1973 07:00:00   ;     0,0000
24.08.1973 07:00:00   ;     0,0000
25.08.1973 07:00:00   ;     0,0000
26.08.1973 07:00:00   ;     0,0000
27.08.1973 07:00:00   ;     0,0000
28.08.1973 07:00:00   ;     0,0000
29.08.1973 07:00:00   ;     0,0000
30.08.1973 07:00:00   ;     0,0000
31.08.1973 07:00:00   ;     0,0000
01.09.1973 07:00:00   ;     0,0000
02.09.1973 07:00:00   ;     0,0000
03.09.1973 07:00:00   ;     0,0000
04.09.1973 07:00:00   ;     0,0000
05.09.1973 07:00:00   ;     0,0000
06.09.1973 07:00:00   ;     0,0000
07.09.1973 07:00:00   ;     0,0000
08.09.1973 07:00:00   ;     0,0000
09.09.1973 07:00:00   ;     0,0000
10.09.1973 07:00:00   ;     0,0000
11.09.1973 07:00:00   ;     0,0000
12.09.1973 07:00:00   ;     0,0000
13.09.1973 07:00:00   ;     0,0000
14.09.1973 07:00:00   ;     0,0000
15.09.1973 07:00:00   ;     0,0000
16.09.1973 07:00:00   ;     0,0000
17.09.1973 07:00:00   ;     0,0000
18.09.1973 07:00:00   ;     0,0000
19.09.1973 07:00:00   ;     0,0000
20.09.1973 07:00:00   ;     0,0000
21.09.1973 07:00:00   ;     0,0000
22.09.1973 07:00:00   ;     0,0000
23.09.1973 07:00:00   ;     0,0000
24.09.1973 07:00:00   ;     0,0000
25.09.1973 07:00:00   ;     0,0000
26.09.1973 07:00:00   ;     0,0000
27.09.1973 07:00:00   ;     0,0000
28.09.1973 07:00:00   ;     0,0000
29.09.1973 07:00:00   ;     0,0000
30.09.1973 07:00:00   ;     0,0000
01.10.1973 07:00:00   ;     0,0000
02.10.1973 07:00:00   ;     0,0000
03.10.1973 07:00:00   ;     0,0000
04.10.1973 07:00:00   ;     0,0000
05.10.1973 07:00:00   ;     0,0000
06.10.1973 07:00:00   ;     0,0000
07.10.1973 07:00:00   ;     0,0000
08.10.1973 07:00:00   ;     0,0000
09.10.1973 07:00:00   ;     0,0000
10.10.1973 07:00:00   ;     0,0000
11.10.1973 07:00:00   ;     0,0000
12.10.1973 07:00:00   ;     0,0000
13.10.1973 07:00:00   ;     0,0000
14.10.1973 07:00:00   ;     0,0000
15.10.1973 07:00:00   ;     0,0000
16.10.1973 07:00:00   ;     0,0000
17.10.1973 07:00:00   ;     0,0000
18.10.1973 07:00:00   ;     0,0000
19.10.1973 07:00:00   ;     0,0000
20.10.1973 07:00:00   ;     0,0000
21.10.1973 07:00:00   ;     0,0000
22.10.1973 07:00:00   ;     0,0000
23.10.1973 07:00:00   ;     0,0000
24.10.1973 07:00:00   ;     0,0000
25.10.1973 07:00:00   ;     0,0000
26.10.1973 07:00:00   ;     0,0000
27.10.1973 07:00:00   ;     0,0000
28.10.1973 07:00:00   ;     0,0000
29.10.1973 07:00:00   ;     0,0000
30.10.1973 07:00:00   ;     0,0000
31.10.1973 07:00:00   ;     0,0000
01.11.1973 07:00:00   ;     0,0000
02.11.1973 07:00:00   ;     0,0000
03.11.1973 07:00:00   ;     0,0000
04.11.1973 07:00:00   ;     0,0000
05.11.1973 07:00:00   ;     0,0000
06.11.1973 07:00:00   ;     0,0000
07.11.1973 07:00:00   ;     6,0000
08.11.1973 07:00:00   ;     4,0000
09.11.1973 07:00:00   ;     2,0000
10.11.1973 07:00:00   ;     0,0000
11.11.1973 07:00:00   ;     0,0000
12.11.1973 07:00:00   ;     0,0000
13.11.1973 07:00:00   ;     0,0000
14.11.1973 07:00:00   ;     0,0000
15.11.1973 07:00:00   ;     0,0000
16.11.1973 07:00:00   ;     0,0000
17.11.1973 07:00:00   ;     0,0000
18.11.1973 07:00:00   ;     0,0000
19.11.1973 07:00:00   ;     0,0000
20.11.1973 07:00:00   ;     0,0000
21.11.1973 07:00:00   ;     0,0000
22.11.1973 07:00:00   ;     0,0000
23.11.1973 07:00:00   ;     0,0000
24.11.1973 07:00:00   ;     0,0000
25.11.1973 07:00:00   ;     0,0000
26.11.1973 07:00:00   ;     0,0000
27.11.1973 07:00:00   ;     8,0000
28.11.1973 07:00:00   ;     8,0000
29.11.1973 07:00:00   ;     7,0000
30.11.1973 07:00:00   ;     7,0000
01.12.1973 07:00:00   ;     7,0000
02.12.1973 07:00:00   ;     7,0000
03.12.1973 07:00:00   ;     7,0000
04.12.1973 07:00:00   ;     7,0000
05.12.1973 07:00:00   ;     7,0000
06.12.1973 07:00:00   ;     7,0000
07.12.1973 07:00:00   ;     7,0000
08.12.1973 07:00:00   ;     3,0000
09.12.1973 07:00:00   ;     9,0000
10.12.1973 07:00:00   ;     8,0000
11.12.1973 07:00:00   ;     7,0000
12.12.1973 07:00:00   ;     7,0000
13.12.1973 07:00:00   ;     7,0000
14.12.1973 07:00:00   ;     7,0000
15.12.1973 07:00:00   ;    13,0000
16.12.1973 07:00:00   ;    12,0000
17.12.1973 07:00:00   ;    12,0000
18.12.1973 07:00:00   ;    11,0000
19.12.1973 07:00:00   ;    11,0000
20.12.1973 07:00:00   ;     9,0000
21.12.1973 07:00:00   ;     8,0000
22.12.1973 07:00:00   ;     8,0000
23.12.1973 07:00:00   ;     8,0000
24.12.1973 07:00:00   ;     8,0000
25.12.1973 07:00:00   ;     8,0000
26.12.1973 07:00:00   ;     8,0000
27.12.1973 07:00:00   ;     8,0000
28.12.1973 07:00:00   ;     8,0000
29.12.1973 07:00:00   ;     8,0000
30.12.1973 07:00:00   ;     8,0000
31.12.1973 07:00:00   ;     8,0000
01.01.1974 07:00:00   ;    15,0000
02.01.1974 07:00:00   ;    21,0000
03.01.1974 07:00:00   ;    25,0000
04.01.1974 07:00:00   ;    23,0000
05.01.1974 07:00:00   ;    23,0000
06.01.1974 07:00:00   ;    22,0000
07.01.1974 07:00:00   ;    20,0000
08.01.1974 07:00:00   ;    20,0000
09.01.1974 07:00:00   ;    20,0000
10.01.1974 07:00:00   ;    20,0000
11.01.1974 07:00:00   ;    20,0000
12.01.1974 07:00:00   ;    20,0000
13.01.1974 07:00:00   ;    20,0000
14.01.1974 07:00:00   ;    19,0000
15.01.1974 07:00:00   ;    19,0000
16.01.1974 07:00:00   ;    19,0000
17.01.1974 07:00:00   ;    18,0000
18.01.1974 07:00:00   ;    18,0000
19.01.1974 07:00:00   ;    18,0000
20.01.1974 07:00:00   ;    17,0000
21.01.1974 07:00:00   ;    17,0000
22.01.1974 07:00:00   ;    17,0000
23.01.1974 07:00:00   ;    17,0000
24.01.1974 07:00:00   ;    17,0000
25.01.1974 07:00:00   ;    17,0000
26.01.1974 07:00:00   ;    17,0000
27.01.1974 07:00:00   ;    17,0000
28.01.1974 07:00:00   ;    17,0000
29.01.1974 07:00:00   ;    17,0000
30.01.1974 07:00:00   ;    16,0000
31.01.1974 07:00:00   ;    16,0000
01.02.1974 07:00:00   ;    16,0000
02.02.1974 07:00:00   ;    15,0000
03.02.1974 07:00:00   ;    13,0000
04.02.1974 07:00:00   ;    11,0000
05.02.1974 07:00:00   ;    11,0000
06.02.1974 07:00:00   ;    11,0000
07.02.1974 07:00:00   ;    36,0000
08.02.1974 07:00:00   ;    34,0000
09.02.1974 07:00:00   ;    33,0000
10.02.1974 07:00:00   ;    32,0000
11.02.1974 07:00:00   ;    31,0000
12.02.1974 07:00:00   ;    29,0000
13.02.1974 07:00:00   ;    27,0000
14.02.1974 07:00:00   ;    26,0000
15.02.1974 07:00:00   ;    23,0000
16.02.1974 07:00:00   ;    21,0000
17.02.1974 07:00:00   ;    19,0000
18.02.1974 07:00:00   ;    18,0000
19.02.1974 07:00:00   ;    16,0000
20.02.1974 07:00:00   ;    16,0000
21.02.1974 07:00:00   ;    15,0000
22.02.1974 07:00:00   ;    15,0000
23.02.1974 07:00:00   ;    15,0000
24.02.1974 07:00:00   ;    15,0000
25.02.1974 07:00:00   ;    18,0000
26.02.1974 07:00:00   ;    22,0000
27.02.1974 07:00:00   ;    23,0000
28.02.1974 07:00:00   ;    25,0000
01.03.1974 07:00:00   ;    25,0000
02.03.1974 07:00:00   ;    28,0000
03.03.1974 07:00:00   ;    36,0000
04.03.1974 07:00:00   ;    42,0000
05.03.1974 07:00:00   ;    94,0000
06.03.1974 07:00:00   ;   114,0000
07.03.1974 07:00:00   ;   130,0000
08.03.1974 07:00:00   ;   112,0000
09.03.1974 07:00:00   ;   108,0000
10.03.1974 07:00:00   ;    89,0000
11.03.1974 07:00:00   ;    78,0000
12.03.1974 07:00:00   ;    72,0000
13.03.1974 07:00:00   ;    68,0000
14.03.1974 07:00:00   ;    62,0000
15.03.1974 07:00:00   ;    56,0000
16.03.1974 07:00:00   ;    58,0000
17.03.1974 07:00:00   ;    54,0000
18.03.1974 07:00:00   ;    40,0000
19.03.1974 07:00:00   ;    36,0000
20.03.1974 07:00:00   ;    28,0000
21.03.1974 07:00:00   ;    26,0000
22.03.1974 07:00:00   ;    24,0000
23.03.1974 07:00:00   ;    20,0000
24.03.1974 07:00:00   ;    18,0000
25.03.1974 07:00:00   ;    12,0000
26.03.1974 07:00:00   ;     8,0000
27.03.1974 07:00:00   ;     6,0000
28.03.1974 07:00:00   ;     4,0000
29.03.1974 07:00:00   ;     2,0000
30.03.1974 07:00:00   ;     0,0000
31.03.1974 07:00:00   ;     0,0000
01.04.1974 07:00:00   ;     0,0000
02.04.1974 07:00:00   ;     0,0000
03.04.1974 07:00:00   ;     0,0000
04.04.1974 07:00:00   ;     0,0000
05.04.1974 07:00:00   ;     0,0000
06.04.1974 07:00:00   ;     0,0000
07.04.1974 07:00:00   ;     0,0000
08.04.1974 07:00:00   ;     0,0000
09.04.1974 07:00:00   ;     0,0000
10.04.1974 07:00:00   ;     0,0000
11.04.1974 07:00:00   ;     0,0000
12.04.1974 07:00:00   ;     0,0000
13.04.1974 07:00:00   ;     0,0000
14.04.1974 07:00:00   ;     0,0000
15.04.1974 07:00:00   ;     0,0000
16.04.1974 07:00:00   ;     0,0000
17.04.1974 07:00:00   ;     2,0000
18.04.1974 07:00:00   ;     0,0000
19.04.1974 07:00:00   ;     0,0000
20.04.1974 07:00:00   ;     0,0000
21.04.1974 07:00:00   ;     0,0000
22.04.1974 07:00:00   ;     0,0000
23.04.1974 07:00:00   ;     0,0000
24.04.1974 07:00:00   ;     0,0000
25.04.1974 07:00:00   ;     0,0000
26.04.1974 07:00:00   ;     0,0000
27.04.1974 07:00:00   ;     0,0000
28.04.1974 07:00:00   ;     0,0000
29.04.1974 07:00:00   ;     0,0000
30.04.1974 07:00:00   ;     0,0000
01.05.1974 07:00:00   ;     0,0000
02.05.1974 07:00:00   ;     0,0000
03.05.1974 07:00:00   ;     0,0000
04.05.1974 07:00:00   ;     0,0000
05.05.1974 07:00:00   ;     0,0000
06.05.1974 07:00:00   ;     0,0000
07.05.1974 07:00:00   ;     0,0000
08.05.1974 07:00:00   ;     0,0000
09.05.1974 07:00:00   ;     0,0000
10.05.1974 07:00:00   ;     0,0000
11.05.1974 07:00:00   ;     0,0000
12.05.1974 07:00:00   ;     0,0000
13.05.1974 07:00:00   ;     0,0000
14.05.1974 07:00:00   ;     0,0000
15.05.1974 07:00:00   ;     0,0000
16.05.1974 07:00:00   ;     0,0000
17.05.1974 07:00:00   ;     0,0000
18.05.1974 07:00:00   ;     0,0000
19.05.1974 07:00:00   ;     0,0000
20.05.1974 07:00:00   ;     0,0000
21.05.1974 07:00:00   ;     0,0000
22.05.1974 07:00:00   ;     0,0000
23.05.1974 07:00:00   ;     0,0000
24.05.1974 07:00:00   ;     0,0000
25.05.1974 07:00:00   ;     0,0000
26.05.1974 07:00:00   ;     0,0000
27.05.1974 07:00:00   ;     0,0000
28.05.1974 07:00:00   ;     0,0000
29.05.1974 07:00:00   ;     0,0000
30.05.1974 07:00:00   ;     0,0000
31.05.1974 07:00:00   ;     0,0000
01.06.1974 07:00:00   ;     0,0000
02.06.1974 07:00:00   ;     0,0000
03.06.1974 07:00:00   ;     0,0000
04.06.1974 07:00:00   ;     0,0000
05.06.1974 07:00:00   ;     0,0000
06.06.1974 07:00:00   ;     0,0000
07.06.1974 07:00:00   ;     0,0000
08.06.1974 07:00:00   ;     0,0000
09.06.1974 07:00:00   ;     0,0000
10.06.1974 07:00:00   ;     4,0000
11.06.1974 07:00:00   ;     0,0000
12.06.1974 07:00:00   ;     0,0000
13.06.1974 07:00:00   ;     0,0000
14.06.1974 07:00:00   ;     0,0000
15.06.1974 07:00:00   ;     0,0000
16.06.1974 07:00:00   ;     0,0000
17.06.1974 07:00:00   ;     0,0000
18.06.1974 07:00:00   ;     0,0000
19.06.1974 07:00:00   ;     0,0000
20.06.1974 07:00:00   ;     0,0000
21.06.1974 07:00:00   ;     0,0000
22.06.1974 07:00:00   ;     0,0000
23.06.1974 07:00:00   ;     0,0000
24.06.1974 07:00:00   ;     0,0000
25.06.1974 07:00:00   ;     0,0000
26.06.1974 07:00:00   ;     0,0000
27.06.1974 07:00:00   ;     0,0000
28.06.1974 07:00:00   ;     0,0000
29.06.1974 07:00:00   ;     0,0000
30.06.1974 07:00:00   ;     0,0000
01.07.1974 07:00:00   ;     0,0000
02.07.1974 07:00:00   ;     0,0000
03.07.1974 07:00:00   ;     0,0000
04.07.1974 07:00:00   ;     0,0000
05.07.1974 07:00:00   ;     0,0000
06.07.1974 07:00:00   ;     0,0000
07.07.1974 07:00:00   ;     0,0000
08.07.1974 07:00:00   ;     0,0000
09.07.1974 07:00:00   ;     0,0000
10.07.1974 07:00:00   ;     0,0000
11.07.1974 07:00:00   ;     0,0000
12.07.1974 07:00:00   ;     0,0000
13.07.1974 07:00:00   ;     0,0000
14.07.1974 07:00:00   ;     0,0000
15.07.1974 07:00:00   ;     0,0000
16.07.1974 07:00:00   ;     0,0000
17.07.1974 07:00:00   ;     0,0000
18.07.1974 07:00:00   ;     0,0000
19.07.1974 07:00:00   ;     0,0000
20.07.1974 07:00:00   ;     0,0000
21.07.1974 07:00:00   ;     0,0000
22.07.1974 07:00:00   ;     0,0000
23.07.1974 07:00:00   ;     0,0000
24.07.1974 07:00:00   ;     0,0000
25.07.1974 07:00:00   ;     0,0000
26.07.1974 07:00:00   ;     0,0000
27.07.1974 07:00:00   ;     0,0000
28.07.1974 07:00:00   ;     0,0000
29.07.1974 07:00:00   ;     0,0000
30.07.1974 07:00:00   ;     0,0000
31.07.1974 07:00:00   ;     0,0000
01.08.1974 07:00:00   ;     0,0000
02.08.1974 07:00:00   ;     0,0000
03.08.1974 07:00:00   ;     0,0000
04.08.1974 07:00:00   ;     0,0000
05.08.1974 07:00:00   ;     0,0000
06.08.1974 07:00:00   ;     0,0000
07.08.1974 07:00:00   ;     0,0000
08.08.1974 07:00:00   ;     0,0000
09.08.1974 07:00:00   ;     0,0000
10.08.1974 07:00:00   ;     0,0000
11.08.1974 07:00:00   ;     0,0000
12.08.1974 07:00:00   ;     0,0000
13.08.1974 07:00:00   ;     0,0000
14.08.1974 07:00:00   ;     0,0000
15.08.1974 07:00:00   ;     0,0000
16.08.1974 07:00:00   ;     0,0000
17.08.1974 07:00:00   ;     0,0000
18.08.1974 07:00:00   ;     0,0000
19.08.1974 07:00:00   ;     0,0000
20.08.1974 07:00:00   ;     0,0000
21.08.1974 07:00:00   ;     0,0000
22.08.1974 07:00:00   ;     0,0000
23.08.1974 07:00:00   ;     0,0000
24.08.1974 07:00:00   ;     0,0000
25.08.1974 07:00:00   ;     0,0000
26.08.1974 07:00:00   ;     0,0000
27.08.1974 07:00:00   ;     0,0000
28.08.1974 07:00:00   ;     0,0000
29.08.1974 07:00:00   ;     0,0000
30.08.1974 07:00:00   ;     0,0000
31.08.1974 07:00:00   ;     0,0000
01.09.1974 07:00:00   ;     0,0000
02.09.1974 07:00:00   ;     0,0000
03.09.1974 07:00:00   ;     0,0000
04.09.1974 07:00:00   ;     0,0000
05.09.1974 07:00:00   ;     0,0000
06.09.1974 07:00:00   ;     0,0000
07.09.1974 07:00:00   ;     0,0000
08.09.1974 07:00:00   ;     0,0000
09.09.1974 07:00:00   ;     0,0000
10.09.1974 07:00:00   ;     0,0000
11.09.1974 07:00:00   ;     0,0000
12.09.1974 07:00:00   ;     0,0000
13.09.1974 07:00:00   ;     0,0000
14.09.1974 07:00:00   ;     0,0000
15.09.1974 07:00:00   ;     0,0000
16.09.1974 07:00:00   ;     0,0000
17.09.1974 07:00:00   ;     0,0000
18.09.1974 07:00:00   ;     0,0000
19.09.1974 07:00:00   ;     0,0000
20.09.1974 07:00:00   ;     0,0000
21.09.1974 07:00:00   ;     0,0000
22.09.1974 07:00:00   ;     0,0000
23.09.1974 07:00:00   ;     0,0000
24.09.1974 07:00:00   ;     0,0000
25.09.1974 07:00:00   ;     0,0000
26.09.1974 07:00:00   ;     0,0000
27.09.1974 07:00:00   ;     0,0000
28.09.1974 07:00:00   ;     0,0000
29.09.1974 07:00:00   ;     0,0000
30.09.1974 07:00:00   ;     0,0000
01.10.1974 07:00:00   ;     0,0000
02.10.1974 07:00:00   ;     0,0000
03.10.1974 07:00:00   ;     0,0000
04.10.1974 07:00:00   ;     2,0000
05.10.1974 07:00:00   ;     0,0000
06.10.1974 07:00:00   ;     2,0000
07.10.1974 07:00:00   ;     0,0000
08.10.1974 07:00:00   ;     0,0000
09.10.1974 07:00:00   ;     5,0000
10.10.1974 07:00:00   ;     3,0000
11.10.1974 07:00:00   ;     2,0000
12.10.1974 07:00:00   ;     0,0000
13.10.1974 07:00:00   ;     0,0000
14.10.1974 07:00:00   ;     0,0000
15.10.1974 07:00:00   ;     0,0000
16.10.1974 07:00:00   ;     2,0000
17.10.1974 07:00:00   ;     0,0000
18.10.1974 07:00:00   ;     0,0000
19.10.1974 07:00:00   ;     0,0000
20.10.1974 07:00:00   ;     0,0000
21.10.1974 07:00:00   ;     2,0000
22.10.1974 07:00:00   ;     0,0000
23.10.1974 07:00:00   ;     0,0000
24.10.1974 07:00:00   ;     0,0000
25.10.1974 07:00:00   ;     0,0000
26.10.1974 07:00:00   ;     0,0000
27.10.1974 07:00:00   ;     0,0000
28.10.1974 07:00:00   ;     0,0000
29.10.1974 07:00:00   ;     9,0000
30.10.1974 07:00:00   ;     9,0000
31.10.1974 07:00:00   ;     9,0000
01.11.1974 07:00:00   ;     9,0000
02.11.1974 07:00:00   ;     9,0000
03.11.1974 07:00:00   ;     8,0000
04.11.1974 07:00:00   ;     8,0000
05.11.1974 07:00:00   ;    15,0000
06.11.1974 07:00:00   ;    25,0000
07.11.1974 07:00:00   ;    23,0000
08.11.1974 07:00:00   ;    24,0000
09.11.1974 07:00:00   ;    22,0000
10.11.1974 07:00:00   ;    20,0000
11.11.1974 07:00:00   ;    19,0000
12.11.1974 07:00:00   ;    15,0000
13.11.1974 07:00:00   ;    10,0000
14.11.1974 07:00:00   ;     7,0000
15.11.1974 07:00:00   ;     5,0000
16.11.1974 07:00:00   ;     0,0000
17.11.1974 07:00:00   ;     0,0000
18.11.1974 07:00:00   ;     0,0000
19.11.1974 07:00:00   ;     0,0000
20.11.1974 07:00:00   ;     0,0000
21.11.1974 07:00:00   ;     0,0000
22.11.1974 07:00:00   ;     0,0000
23.11.1974 07:00:00   ;     0,0000
24.11.1974 07:00:00   ;     0,0000
25.11.1974 07:00:00   ;     0,0000
26.11.1974 07:00:00   ;     4,0000
27.11.1974 07:00:00   ;     2,0000
28.11.1974 07:00:00   ;     2,0000
29.11.1974 07:00:00   ;    14,0000
30.11.1974 07:00:00   ;    12,0000
01.12.1974 07:00:00   ;    10,0000
02.12.1974 07:00:00   ;    10,0000
03.12.1974 07:00:00   ;    10,0000
04.12.1974 07:00:00   ;    10,0000
05.12.1974 07:00:00   ;     8,0000
06.12.1974 07:00:00   ;     8,0000
07.12.1974 07:00:00   ;     8,0000
08.12.1974 07:00:00   ;     8,0000
09.12.1974 07:00:00   ;     7,0000
10.12.1974 07:00:00   ;     7,0000
11.12.1974 07:00:00   ;     7,0000
12.12.1974 07:00:00   ;    16,0000
13.12.1974 07:00:00   ;    15,0000
14.12.1974 07:00:00   ;    15,0000
15.12.1974 07:00:00   ;    15,0000
16.12.1974 07:00:00   ;    15,0000
17.12.1974 07:00:00   ;    15,0000
18.12.1974 07:00:00   ;    14,0000
19.12.1974 07:00:00   ;    15,0000
20.12.1974 07:00:00   ;    15,0000
21.12.1974 07:00:00   ;    14,0000
22.12.1974 07:00:00   ;    14,0000
23.12.1974 07:00:00   ;    14,0000
24.12.1974 07:00:00   ;    13,0000
25.12.1974 07:00:00   ;    12,0000
26.12.1974 07:00:00   ;    11,0000
27.12.1974 07:00:00   ;    10,0000
28.12.1974 07:00:00   ;     9,0000
29.12.1974 07:00:00   ;     9,0000
30.12.1974 07:00:00   ;     9,0000
31.12.1974 07:00:00   ;     8,0000
01.01.1975 07:00:00   ;     8,0000
02.01.1975 07:00:00   ;     8,0000
03.01.1975 07:00:00   ;     8,0000
04.01.1975 07:00:00   ;     8,0000
05.01.1975 07:00:00   ;     8,0000
06.01.1975 07:00:00   ;     8,0000
07.01.1975 07:00:00   ;     8,0000
08.01.1975 07:00:00   ;     8,0000
09.01.1975 07:00:00   ;    12,0000
10.01.1975 07:00:00   ;    11,0000
11.01.1975 07:00:00   ;    10,0000
12.01.1975 07:00:00   ;     9,0000
13.01.1975 07:00:00   ;     9,0000
14.01.1975 07:00:00   ;     9,0000
15.01.1975 07:00:00   ;     7,0000
16.01.1975 07:00:00   ;     6,0000
17.01.1975 07:00:00   ;     6,0000
18.01.1975 07:00:00   ;     4,0000
19.01.1975 07:00:00   ;     0,0000
20.01.1975 07:00:00   ;     0,0000
21.01.1975 07:00:00   ;     0,0000
22.01.1975 07:00:00   ;     0,0000
23.01.1975 07:00:00   ;     0,0000
24.01.1975 07:00:00   ;     0,0000
25.01.1975 07:00:00   ;     0,0000
26.01.1975 07:00:00   ;     0,0000
27.01.1975 07:00:00   ;     0,0000
28.01.1975 07:00:00   ;     4,0000
29.01.1975 07:00:00   ;     2,0000
30.01.1975 07:00:00   ;     2,0000
31.01.1975 07:00:00   ;     2,0000
01.02.1975 07:00:00   ;     2,0000
02.02.1975 07:00:00   ;     2,0000
03.02.1975 07:00:00   ;     2,0000
04.02.1975 07:00:00   ;     6,0000
05.02.1975 07:00:00   ;     5,0000
06.02.1975 07:00:00   ;     5,0000
07.02.1975 07:00:00   ;     4,0000
08.02.1975 07:00:00   ;     4,0000
09.02.1975 07:00:00   ;     4,0000
10.02.1975 07:00:00   ;     4,0000
11.02.1975 07:00:00   ;     2,0000
12.02.1975 07:00:00   ;     0,0000
13.02.1975 07:00:00   ;     0,0000
14.02.1975 07:00:00   ;     0,0000
15.02.1975 07:00:00   ;    12,0000
16.02.1975 07:00:00   ;    12,0000
17.02.1975 07:00:00   ;    11,0000
18.02.1975 07:00:00   ;    10,0000
19.02.1975 07:00:00   ;    10,0000
20.02.1975 07:00:00   ;    14,0000
21.02.1975 07:00:00   ;    14,0000
22.02.1975 07:00:00   ;    14,0000
23.02.1975 07:00:00   ;    13,0000
24.02.1975 07:00:00   ;    12,0000
25.02.1975 07:00:00   ;    11,0000
26.02.1975 07:00:00   ;    10,0000
27.02.1975 07:00:00   ;     9,0000
28.02.1975 07:00:00   ;     8,0000
01.03.1975 07:00:00   ;     7,0000
02.03.1975 07:00:00   ;     5,0000
03.03.1975 07:00:00   ;     4,0000
04.03.1975 07:00:00   ;     0,0000
05.03.1975 07:00:00   ;     0,0000
06.03.1975 07:00:00   ;     0,0000
07.03.1975 07:00:00   ;     0,0000
08.03.1975 07:00:00   ;     0,0000
09.03.1975 07:00:00   ;     0,0000
10.03.1975 07:00:00   ;     0,0000
11.03.1975 07:00:00   ;     0,0000
12.03.1975 07:00:00   ;     0,0000
13.03.1975 07:00:00   ;     2,0000
14.03.1975 07:00:00   ;     1,0000
15.03.1975 07:00:00   ;     1,0000
16.03.1975 07:00:00   ;     0,0000
17.03.1975 07:00:00   ;    16,0000
18.03.1975 07:00:00   ;    44,0000
19.03.1975 07:00:00   ;    78,0000
20.03.1975 07:00:00   ;    46,0000
21.03.1975 07:00:00   ;    44,0000
22.03.1975 07:00:00   ;    44,0000
23.03.1975 07:00:00   ;    44,0000
24.03.1975 07:00:00   ;    44,0000
25.03.1975 07:00:00   ;    44,0000
26.03.1975 07:00:00   ;    42,0000
27.03.1975 07:00:00   ;    38,0000
28.03.1975 07:00:00   ;    30,0000
29.03.1975 07:00:00   ;    75,0000
30.03.1975 07:00:00   ;   127,0000
31.03.1975 07:00:00   ;   127,0000
01.04.1975 07:00:00   ;   104,0000
02.04.1975 07:00:00   ;    97,0000
03.04.1975 07:00:00   ;    80,0000
04.04.1975 07:00:00   ;    75,0000
05.04.1975 07:00:00   ;    68,0000
06.04.1975 07:00:00   ;    50,0000
07.04.1975 07:00:00   ;    45,0000
08.04.1975 07:00:00   ;    42,0000
09.04.1975 07:00:00   ;    38,0000
10.04.1975 07:00:00   ;    37,0000
11.04.1975 07:00:00   ;    45,0000
12.04.1975 07:00:00   ;    37,0000
13.04.1975 07:00:00   ;    33,0000
14.04.1975 07:00:00   ;    31,0000
15.04.1975 07:00:00   ;    28,0000
16.04.1975 07:00:00   ;    25,0000
17.04.1975 07:00:00   ;    16,0000
18.04.1975 07:00:00   ;    10,0000
19.04.1975 07:00:00   ;     5,0000
20.04.1975 07:00:00   ;     0,0000
21.04.1975 07:00:00   ;     0,0000
22.04.1975 07:00:00   ;     0,0000
23.04.1975 07:00:00   ;     0,0000
24.04.1975 07:00:00   ;     0,0000
25.04.1975 07:00:00   ;     0,0000
26.04.1975 07:00:00   ;     0,0000
27.04.1975 07:00:00   ;     0,0000
28.04.1975 07:00:00   ;     0,0000
29.04.1975 07:00:00   ;     0,0000
30.04.1975 07:00:00   ;     0,0000
01.05.1975 07:00:00   ;     0,0000
02.05.1975 07:00:00   ;     0,0000
03.05.1975 07:00:00   ;     0,0000
04.05.1975 07:00:00   ;     0,0000
05.05.1975 07:00:00   ;     0,0000
06.05.1975 07:00:00   ;     0,0000
07.05.1975 07:00:00   ;     0,0000
08.05.1975 07:00:00   ;     0,0000
09.05.1975 07:00:00   ;     0,0000
10.05.1975 07:00:00   ;     0,0000
11.05.1975 07:00:00   ;     0,0000
12.05.1975 07:00:00   ;     0,0000
13.05.1975 07:00:00   ;     0,0000
14.05.1975 07:00:00   ;     0,0000
15.05.1975 07:00:00   ;     0,0000
16.05.1975 07:00:00   ;     0,0000
17.05.1975 07:00:00   ;     0,0000
18.05.1975 07:00:00   ;     0,0000
19.05.1975 07:00:00   ;     0,0000
20.05.1975 07:00:00   ;     0,0000
21.05.1975 07:00:00   ;     0,0000
22.05.1975 07:00:00   ;     0,0000
23.05.1975 07:00:00   ;     0,0000
24.05.1975 07:00:00   ;     0,0000
25.05.1975 07:00:00   ;     0,0000
26.05.1975 07:00:00   ;     0,0000
27.05.1975 07:00:00   ;     0,0000
28.05.1975 07:00:00   ;     0,0000
29.05.1975 07:00:00   ;     0,0000
30.05.1975 07:00:00   ;     0,0000
31.05.1975 07:00:00   ;     0,0000
01.06.1975 07:00:00   ;     0,0000
02.06.1975 07:00:00   ;     0,0000
03.06.1975 07:00:00   ;     0,0000
04.06.1975 07:00:00   ;     0,0000
05.06.1975 07:00:00   ;     0,0000
06.06.1975 07:00:00   ;     0,0000
07.06.1975 07:00:00   ;     0,0000
08.06.1975 07:00:00   ;     0,0000
09.06.1975 07:00:00   ;     0,0000
10.06.1975 07:00:00   ;     0,0000
11.06.1975 07:00:00   ;     0,0000
12.06.1975 07:00:00   ;     0,0000
13.06.1975 07:00:00   ;     0,0000
14.06.1975 07:00:00   ;     0,0000
15.06.1975 07:00:00   ;     0,0000
16.06.1975 07:00:00   ;     0,0000
17.06.1975 07:00:00   ;     0,0000
18.06.1975 07:00:00   ;     0,0000
19.06.1975 07:00:00   ;     0,0000
20.06.1975 07:00:00   ;     0,0000
21.06.1975 07:00:00   ;     0,0000
22.06.1975 07:00:00   ;     0,0000
23.06.1975 07:00:00   ;     0,0000
24.06.1975 07:00:00   ;     0,0000
25.06.1975 07:00:00   ;     0,0000
26.06.1975 07:00:00   ;     0,0000
27.06.1975 07:00:00   ;     0,0000
28.06.1975 07:00:00   ;     0,0000
29.06.1975 07:00:00   ;     0,0000
30.06.1975 07:00:00   ;     0,0000
01.07.1975 07:00:00   ;     0,0000
02.07.1975 07:00:00   ;     0,0000
03.07.1975 07:00:00   ;     0,0000
04.07.1975 07:00:00   ;     0,0000
05.07.1975 07:00:00   ;     0,0000
06.07.1975 07:00:00   ;     0,0000
07.07.1975 07:00:00   ;     0,0000
08.07.1975 07:00:00   ;     0,0000
09.07.1975 07:00:00   ;     0,0000
10.07.1975 07:00:00   ;     0,0000
11.07.1975 07:00:00   ;     0,0000
12.07.1975 07:00:00   ;     0,0000
13.07.1975 07:00:00   ;     0,0000
14.07.1975 07:00:00   ;     0,0000
15.07.1975 07:00:00   ;     0,0000
16.07.1975 07:00:00   ;     0,0000
17.07.1975 07:00:00   ;     0,0000
18.07.1975 07:00:00   ;     0,0000
19.07.1975 07:00:00   ;     0,0000
20.07.1975 07:00:00   ;     0,0000
21.07.1975 07:00:00   ;     0,0000
22.07.1975 07:00:00   ;     0,0000
23.07.1975 07:00:00   ;     0,0000
24.07.1975 07:00:00   ;     0,0000
25.07.1975 07:00:00   ;     0,0000
26.07.1975 07:00:00   ;     0,0000
27.07.1975 07:00:00   ;     0,0000
28.07.1975 07:00:00   ;     0,0000
29.07.1975 07:00:00   ;     0,0000
30.07.1975 07:00:00   ;     0,0000
31.07.1975 07:00:00   ;     0,0000
01.08.1975 07:00:00   ;     0,0000
02.08.1975 07:00:00   ;     0,0000
03.08.1975 07:00:00   ;     0,0000
04.08.1975 07:00:00   ;     0,0000
05.08.1975 07:00:00   ;     0,0000
06.08.1975 07:00:00   ;     0,0000
07.08.1975 07:00:00   ;     0,0000
08.08.1975 07:00:00   ;     0,0000
09.08.1975 07:00:00   ;     0,0000
10.08.1975 07:00:00   ;     0,0000
11.08.1975 07:00:00   ;     0,0000
12.08.1975 07:00:00   ;     0,0000
13.08.1975 07:00:00   ;     0,0000
14.08.1975 07:00:00   ;     0,0000
15.08.1975 07:00:00   ;     0,0000
16.08.1975 07:00:00   ;     0,0000
17.08.1975 07:00:00   ;     0,0000
18.08.1975 07:00:00   ;     0,0000
19.08.1975 07:00:00   ;     0,0000
20.08.1975 07:00:00   ;     0,0000
21.08.1975 07:00:00   ;     0,0000
22.08.1975 07:00:00   ;     0,0000
23.08.1975 07:00:00   ;     0,0000
24.08.1975 07:00:00   ;     0,0000
25.08.1975 07:00:00   ;     0,0000
26.08.1975 07:00:00   ;     0,0000
27.08.1975 07:00:00   ;     0,0000
28.08.1975 07:00:00   ;     0,0000
29.08.1975 07:00:00   ;     0,0000
30.08.1975 07:00:00   ;     0,0000
31.08.1975 07:00:00   ;     0,0000
01.09.1975 07:00:00   ;     0,0000
02.09.1975 07:00:00   ;     0,0000
03.09.1975 07:00:00   ;     0,0000
04.09.1975 07:00:00   ;     0,0000
05.09.1975 07:00:00   ;     0,0000
06.09.1975 07:00:00   ;     0,0000
07.09.1975 07:00:00   ;     0,0000
08.09.1975 07:00:00   ;     0,0000
09.09.1975 07:00:00   ;     0,0000
10.09.1975 07:00:00   ;     0,0000
11.09.1975 07:00:00   ;     0,0000
12.09.1975 07:00:00   ;     0,0000
13.09.1975 07:00:00   ;     0,0000
14.09.1975 07:00:00   ;     0,0000
15.09.1975 07:00:00   ;     0,0000
16.09.1975 07:00:00   ;     0,0000
17.09.1975 07:00:00   ;     0,0000
18.09.1975 07:00:00   ;     0,0000
19.09.1975 07:00:00   ;     0,0000
20.09.1975 07:00:00   ;     0,0000
21.09.1975 07:00:00   ;     0,0000
22.09.1975 07:00:00   ;     0,0000
23.09.1975 07:00:00   ;     0,0000
24.09.1975 07:00:00   ;     0,0000
25.09.1975 07:00:00   ;     0,0000
26.09.1975 07:00:00   ;     0,0000
27.09.1975 07:00:00   ;     0,0000
28.09.1975 07:00:00   ;     0,0000
29.09.1975 07:00:00   ;     0,0000
30.09.1975 07:00:00   ;     0,0000
01.10.1975 07:00:00   ;     0,0000
02.10.1975 07:00:00   ;     0,0000
03.10.1975 07:00:00   ;     0,0000
04.10.1975 07:00:00   ;     0,0000
05.10.1975 07:00:00   ;     0,0000
06.10.1975 07:00:00   ;     0,0000
07.10.1975 07:00:00   ;     0,0000
08.10.1975 07:00:00   ;     0,0000
09.10.1975 07:00:00   ;     0,0000
10.10.1975 07:00:00   ;     0,0000
11.10.1975 07:00:00   ;     0,0000
12.10.1975 07:00:00   ;     4,0000
13.10.1975 07:00:00   ;     5,0000
14.10.1975 07:00:00   ;    11,0000
15.10.1975 07:00:00   ;     7,0000
16.10.1975 07:00:00   ;     5,0000
17.10.1975 07:00:00   ;     2,0000
18.10.1975 07:00:00   ;     0,0000
19.10.1975 07:00:00   ;     0,0000
20.10.1975 07:00:00   ;     0,0000
21.10.1975 07:00:00   ;     0,0000
22.10.1975 07:00:00   ;     0,0000
23.10.1975 07:00:00   ;     0,0000
24.10.1975 07:00:00   ;     0,0000
25.10.1975 07:00:00   ;     0,0000
26.10.1975 07:00:00   ;     0,0000
27.10.1975 07:00:00   ;     0,0000
28.10.1975 07:00:00   ;     0,0000
29.10.1975 07:00:00   ;     0,0000
30.10.1975 07:00:00   ;     0,0000
31.10.1975 07:00:00   ;     0,0000
01.11.1975 07:00:00   ;     0,0000
02.11.1975 07:00:00   ;     0,0000
03.11.1975 07:00:00   ;     0,0000
04.11.1975 07:00:00   ;     0,0000
05.11.1975 07:00:00   ;     0,0000
06.11.1975 07:00:00   ;     0,0000
07.11.1975 07:00:00   ;     0,0000
08.11.1975 07:00:00   ;     0,0000
09.11.1975 07:00:00   ;     0,0000
10.11.1975 07:00:00   ;     0,0000
11.11.1975 07:00:00   ;     6,0000
12.11.1975 07:00:00   ;     4,0000
13.11.1975 07:00:00   ;     2,0000
14.11.1975 07:00:00   ;     0,0000
15.11.1975 07:00:00   ;     0,0000
16.11.1975 07:00:00   ;     6,0000
17.11.1975 07:00:00   ;     7,0000
18.11.1975 07:00:00   ;    25,0000
19.11.1975 07:00:00   ;    18,0000
20.11.1975 07:00:00   ;    18,0000
21.11.1975 07:00:00   ;    18,0000
22.11.1975 07:00:00   ;    18,0000
23.11.1975 07:00:00   ;    18,0000
24.11.1975 07:00:00   ;    18,0000
25.11.1975 07:00:00   ;    18,0000
26.11.1975 07:00:00   ;    18,0000
27.11.1975 07:00:00   ;    18,0000
28.11.1975 07:00:00   ;    18,0000
29.11.1975 07:00:00   ;    18,0000
30.11.1975 07:00:00   ;    18,0000
01.12.1975 07:00:00   ;    13,0000
02.12.1975 07:00:00   ;    13,0000
03.12.1975 07:00:00   ;    13,0000
04.12.1975 07:00:00   ;    13,0000
05.12.1975 07:00:00   ;    13,0000
06.12.1975 07:00:00   ;    13,0000
07.12.1975 07:00:00   ;    13,0000
08.12.1975 07:00:00   ;    13,0000
09.12.1975 07:00:00   ;    13,0000
10.12.1975 07:00:00   ;    13,0000
11.12.1975 07:00:00   ;    13,0000
12.12.1975 07:00:00   ;    13,0000
13.12.1975 07:00:00   ;    13,0000
14.12.1975 07:00:00   ;    13,0000
15.12.1975 07:00:00   ;    17,0000
16.12.1975 07:00:00   ;    15,0000
17.12.1975 07:00:00   ;    15,0000
18.12.1975 07:00:00   ;    22,0000
19.12.1975 07:00:00   ;    19,0000
20.12.1975 07:00:00   ;    19,0000
21.12.1975 07:00:00   ;    19,0000
22.12.1975 07:00:00   ;    19,0000
23.12.1975 07:00:00   ;    19,0000
24.12.1975 07:00:00   ;    19,0000
25.12.1975 07:00:00   ;    19,0000
26.12.1975 07:00:00   ;    19,0000
27.12.1975 07:00:00   ;    19,0000
28.12.1975 07:00:00   ;    19,0000
29.12.1975 07:00:00   ;    19,0000
30.12.1975 07:00:00   ;    19,0000
31.12.1975 07:00:00   ;    19,0000
01.01.1976 07:00:00   ;    19,0000
02.01.1976 07:00:00   ;    19,0000
03.01.1976 07:00:00   ;    19,0000
04.01.1976 07:00:00   ;    19,0000
05.01.1976 07:00:00   ;    19,0000
06.01.1976 07:00:00   ;    19,0000
07.01.1976 07:00:00   ;    19,0000
08.01.1976 07:00:00   ;    19,0000
09.01.1976 07:00:00   ;    19,0000
10.01.1976 07:00:00   ;    19,0000
11.01.1976 07:00:00   ;    19,0000
12.01.1976 07:00:00   ;    19,0000
13.01.1976 07:00:00   ;    19,0000
14.01.1976 07:00:00   ;    19,0000
15.01.1976 07:00:00   ;    19,0000
16.01.1976 07:00:00   ;    19,0000
17.01.1976 07:00:00   ;    22,0000
18.01.1976 07:00:00   ;    22,0000
19.01.1976 07:00:00   ;    22,0000
20.01.1976 07:00:00   ;    22,0000
21.01.1976 07:00:00   ;    22,0000
22.01.1976 07:00:00   ;    22,0000
23.01.1976 07:00:00   ;    22,0000
24.01.1976 07:00:00   ;    22,0000
25.01.1976 07:00:00   ;    22,0000
26.01.1976 07:00:00   ;    24,0000
27.01.1976 07:00:00   ;    24,0000
28.01.1976 07:00:00   ;    24,0000
29.01.1976 07:00:00   ;    24,0000
30.01.1976 07:00:00   ;    24,0000
31.01.1976 07:00:00   ;    24,0000
01.02.1976 07:00:00   ;    25,0000
02.02.1976 07:00:00   ;    32,0000
03.02.1976 07:00:00   ;    32,0000
04.02.1976 07:00:00   ;    31,0000
05.02.1976 07:00:00   ;    31,0000
06.02.1976 07:00:00   ;    30,0000
07.02.1976 07:00:00   ;    30,0000
08.02.1976 07:00:00   ;    30,0000
09.02.1976 07:00:00   ;    30,0000
10.02.1976 07:00:00   ;    30,0000
11.02.1976 07:00:00   ;    30,0000
12.02.1976 07:00:00   ;    57,0000
13.02.1976 07:00:00   ;    57,0000
14.02.1976 07:00:00   ;    57,0000
15.02.1976 07:00:00   ;   108,0000
16.02.1976 07:00:00   ;   120,0000
17.02.1976 07:00:00   ;   115,0000
18.02.1976 07:00:00   ;   108,0000
19.02.1976 07:00:00   ;   104,0000
20.02.1976 07:00:00   ;   100,0000
21.02.1976 07:00:00   ;    98,0000
22.02.1976 07:00:00   ;    94,0000
23.02.1976 07:00:00   ;    90,0000
24.02.1976 07:00:00   ;    87,0000
25.02.1976 07:00:00   ;    85,0000
26.02.1976 07:00:00   ;    83,0000
27.02.1976 07:00:00   ;    81,0000
28.02.1976 07:00:00   ;    80,0000
29.02.1976 07:00:00   ;    78,0000
01.03.1976 07:00:00   ;    78,0000
02.03.1976 07:00:00   ;    76,0000
03.03.1976 07:00:00   ;    75,0000
04.03.1976 07:00:00   ;    72,0000
05.03.1976 07:00:00   ;    72,0000
06.03.1976 07:00:00   ;    72,0000
07.03.1976 07:00:00   ;    72,0000
08.03.1976 07:00:00   ;    72,0000
09.03.1976 07:00:00   ;    72,0000
10.03.1976 07:00:00   ;   105,0000
11.03.1976 07:00:00   ;    98,0000
12.03.1976 07:00:00   ;    98,0000
13.03.1976 07:00:00   ;    97,0000
14.03.1976 07:00:00   ;    97,0000
15.03.1976 07:00:00   ;    95,0000
16.03.1976 07:00:00   ;    92,0000
17.03.1976 07:00:00   ;    88,0000
18.03.1976 07:00:00   ;    85,0000
19.03.1976 07:00:00   ;    84,0000
20.03.1976 07:00:00   ;    84,0000
21.03.1976 07:00:00   ;    84,0000
22.03.1976 07:00:00   ;    84,0000
23.03.1976 07:00:00   ;    84,0000
24.03.1976 07:00:00   ;    84,0000
25.03.1976 07:00:00   ;    84,0000
26.03.1976 07:00:00   ;    79,0000
27.03.1976 07:00:00   ;    74,0000
28.03.1976 07:00:00   ;    71,0000
29.03.1976 07:00:00   ;    68,0000
30.03.1976 07:00:00   ;    59,0000
31.03.1976 07:00:00   ;    56,0000
01.04.1976 07:00:00   ;    50,0000
02.04.1976 07:00:00   ;    46,0000
03.04.1976 07:00:00   ;    40,0000
04.04.1976 07:00:00   ;    35,0000
05.04.1976 07:00:00   ;    30,0000
06.04.1976 07:00:00   ;    28,0000
07.04.1976 07:00:00   ;    28,0000
08.04.1976 07:00:00   ;    25,0000
09.04.1976 07:00:00   ;    25,0000
10.04.1976 07:00:00   ;    22,0000
11.04.1976 07:00:00   ;    20,0000
12.04.1976 07:00:00   ;    20,0000
13.04.1976 07:00:00   ;    15,0000
14.04.1976 07:00:00   ;    10,0000
15.04.1976 07:00:00   ;     4,0000
16.04.1976 07:00:00   ;     2,0000
17.04.1976 07:00:00   ;     0,0000
18.04.1976 07:00:00   ;     0,0000
19.04.1976 07:00:00   ;     0,0000
20.04.1976 07:00:00   ;     0,0000
21.04.1976 07:00:00   ;     0,0000
22.04.1976 07:00:00   ;     0,0000
23.04.1976 07:00:00   ;     7,0000
24.04.1976 07:00:00   ;     2,0000
25.04.1976 07:00:00   ;     0,0000
26.04.1976 07:00:00   ;     0,0000
27.04.1976 07:00:00   ;     0,0000
28.04.1976 07:00:00   ;     0,0000
29.04.1976 07:00:00   ;    25,0000
30.04.1976 07:00:00   ;    15,0000
01.05.1976 07:00:00   ;     8,0000
02.05.1976 07:00:00   ;     0,0000
03.05.1976 07:00:00   ;     0,0000
04.05.1976 07:00:00   ;     0,0000
05.05.1976 07:00:00   ;     0,0000
06.05.1976 07:00:00   ;     0,0000
07.05.1976 07:00:00   ;     0,0000
08.05.1976 07:00:00   ;     0,0000
09.05.1976 07:00:00   ;     0,0000
10.05.1976 07:00:00   ;     0,0000
11.05.1976 07:00:00   ;     0,0000
12.05.1976 07:00:00   ;     0,0000
13.05.1976 07:00:00   ;     0,0000
14.05.1976 07:00:00   ;    11,0000
15.05.1976 07:00:00   ;     5,0000
16.05.1976 07:00:00   ;     3,0000
17.05.1976 07:00:00   ;     0,0000
18.05.1976 07:00:00   ;     0,0000
19.05.1976 07:00:00   ;     0,0000
20.05.1976 07:00:00   ;     0,0000
21.05.1976 07:00:00   ;     0,0000
22.05.1976 07:00:00   ;     0,0000
23.05.1976 07:00:00   ;     0,0000
24.05.1976 07:00:00   ;     0,0000
25.05.1976 07:00:00   ;     0,0000
26.05.1976 07:00:00   ;     0,0000
27.05.1976 07:00:00   ;     0,0000
28.05.1976 07:00:00   ;     0,0000
29.05.1976 07:00:00   ;     0,0000
30.05.1976 07:00:00   ;     0,0000
31.05.1976 07:00:00   ;     0,0000
01.06.1976 07:00:00   ;     0,0000
02.06.1976 07:00:00   ;     0,0000
03.06.1976 07:00:00   ;     0,0000
04.06.1976 07:00:00   ;     0,0000
05.06.1976 07:00:00   ;     0,0000
06.06.1976 07:00:00   ;     0,0000
07.06.1976 07:00:00   ;     0,0000
08.06.1976 07:00:00   ;     0,0000
09.06.1976 07:00:00   ;     0,0000
10.06.1976 07:00:00   ;     0,0000
11.06.1976 07:00:00   ;     0,0000
12.06.1976 07:00:00   ;     0,0000
13.06.1976 07:00:00   ;     0,0000
14.06.1976 07:00:00   ;     0,0000
15.06.1976 07:00:00   ;     0,0000
16.06.1976 07:00:00   ;     0,0000
17.06.1976 07:00:00   ;     0,0000
18.06.1976 07:00:00   ;     0,0000
19.06.1976 07:00:00   ;     0,0000
20.06.1976 07:00:00   ;     0,0000
21.06.1976 07:00:00   ;     0,0000
22.06.1976 07:00:00   ;     0,0000
23.06.1976 07:00:00   ;     0,0000
24.06.1976 07:00:00   ;     0,0000
25.06.1976 07:00:00   ;     0,0000
26.06.1976 07:00:00   ;     0,0000
27.06.1976 07:00:00   ;     0,0000
28.06.1976 07:00:00   ;     0,0000
29.06.1976 07:00:00   ;     0,0000
30.06.1976 07:00:00   ;     0,0000
01.07.1976 07:00:00   ;     0,0000
02.07.1976 07:00:00   ;     0,0000
03.07.1976 07:00:00   ;     0,0000
04.07.1976 07:00:00   ;     0,0000
05.07.1976 07:00:00   ;     0,0000
06.07.1976 07:00:00   ;     0,0000
07.07.1976 07:00:00   ;     0,0000
08.07.1976 07:00:00   ;     0,0000
09.07.1976 07:00:00   ;     0,0000
10.07.1976 07:00:00   ;     0,0000
11.07.1976 07:00:00   ;     0,0000
12.07.1976 07:00:00   ;     0,0000
13.07.1976 07:00:00   ;     0,0000
14.07.1976 07:00:00   ;     0,0000
15.07.1976 07:00:00   ;     0,0000
16.07.1976 07:00:00   ;     0,0000
17.07.1976 07:00:00   ;     0,0000
18.07.1976 07:00:00   ;     0,0000
19.07.1976 07:00:00   ;     0,0000
20.07.1976 07:00:00   ;     0,0000
21.07.1976 07:00:00   ;     0,0000
22.07.1976 07:00:00   ;     0,0000
23.07.1976 07:00:00   ;     0,0000
24.07.1976 07:00:00   ;     0,0000
25.07.1976 07:00:00   ;     0,0000
26.07.1976 07:00:00   ;     0,0000
27.07.1976 07:00:00   ;     0,0000
28.07.1976 07:00:00   ;     0,0000
29.07.1976 07:00:00   ;     0,0000
30.07.1976 07:00:00   ;     0,0000
31.07.1976 07:00:00   ;     0,0000
01.08.1976 07:00:00   ;     0,0000
02.08.1976 07:00:00   ;     0,0000
03.08.1976 07:00:00   ;     0,0000
04.08.1976 07:00:00   ;     0,0000
05.08.1976 07:00:00   ;     0,0000
06.08.1976 07:00:00   ;     0,0000
07.08.1976 07:00:00   ;     0,0000
08.08.1976 07:00:00   ;     0,0000
09.08.1976 07:00:00   ;     0,0000
10.08.1976 07:00:00   ;     0,0000
11.08.1976 07:00:00   ;     0,0000
12.08.1976 07:00:00   ;     0,0000
13.08.1976 07:00:00   ;     0,0000
14.08.1976 07:00:00   ;     0,0000
15.08.1976 07:00:00   ;     0,0000
16.08.1976 07:00:00   ;     0,0000
17.08.1976 07:00:00   ;     0,0000
18.08.1976 07:00:00   ;     0,0000
19.08.1976 07:00:00   ;     0,0000
20.08.1976 07:00:00   ;     0,0000
21.08.1976 07:00:00   ;     0,0000
22.08.1976 07:00:00   ;     0,0000
23.08.1976 07:00:00   ;     0,0000
24.08.1976 07:00:00   ;     0,0000
25.08.1976 07:00:00   ;     0,0000
26.08.1976 07:00:00   ;     0,0000
27.08.1976 07:00:00   ;     0,0000
28.08.1976 07:00:00   ;     0,0000
29.08.1976 07:00:00   ;     0,0000
30.08.1976 07:00:00   ;     0,0000
31.08.1976 07:00:00   ;     0,0000
01.09.1976 07:00:00   ;     0,0000
02.09.1976 07:00:00   ;     0,0000
03.09.1976 07:00:00   ;     0,0000
04.09.1976 07:00:00   ;     0,0000
05.09.1976 07:00:00   ;     0,0000
06.09.1976 07:00:00   ;     0,0000
07.09.1976 07:00:00   ;     0,0000
08.09.1976 07:00:00   ;     0,0000
09.09.1976 07:00:00   ;     0,0000
10.09.1976 07:00:00   ;     0,0000
11.09.1976 07:00:00   ;     0,0000
12.09.1976 07:00:00   ;     0,0000
13.09.1976 07:00:00   ;     0,0000
14.09.1976 07:00:00   ;     0,0000
15.09.1976 07:00:00   ;     0,0000
16.09.1976 07:00:00   ;     0,0000
17.09.1976 07:00:00   ;     0,0000
18.09.1976 07:00:00   ;     0,0000
19.09.1976 07:00:00   ;     0,0000
20.09.1976 07:00:00   ;     0,0000
21.09.1976 07:00:00   ;     0,0000
22.09.1976 07:00:00   ;     0,0000
23.09.1976 07:00:00   ;     0,0000
24.09.1976 07:00:00   ;     0,0000
25.09.1976 07:00:00   ;     0,0000
26.09.1976 07:00:00   ;     0,0000
27.09.1976 07:00:00   ;     0,0000
28.09.1976 07:00:00   ;     0,0000
29.09.1976 07:00:00   ;     0,0000
30.09.1976 07:00:00   ;     0,0000
01.10.1976 07:00:00   ;     0,0000
02.10.1976 07:00:00   ;     0,0000
03.10.1976 07:00:00   ;     0,0000
04.10.1976 07:00:00   ;     0,0000
05.10.1976 07:00:00   ;     0,0000
06.10.1976 07:00:00   ;     0,0000
07.10.1976 07:00:00   ;     0,0000
08.10.1976 07:00:00   ;     0,0000
09.10.1976 07:00:00   ;     0,0000
10.10.1976 07:00:00   ;     0,0000
11.10.1976 07:00:00   ;     0,0000
12.10.1976 07:00:00   ;     0,0000
13.10.1976 07:00:00   ;     0,0000
14.10.1976 07:00:00   ;     0,0000
15.10.1976 07:00:00   ;     0,0000
16.10.1976 07:00:00   ;     0,0000
17.10.1976 07:00:00   ;     0,0000
18.10.1976 07:00:00   ;     0,0000
19.10.1976 07:00:00   ;     0,0000
20.10.1976 07:00:00   ;     0,0000
21.10.1976 07:00:00   ;     0,0000
22.10.1976 07:00:00   ;     0,0000
23.10.1976 07:00:00   ;     0,0000
24.10.1976 07:00:00   ;     0,0000
25.10.1976 07:00:00   ;     0,0000
26.10.1976 07:00:00   ;     0,0000
27.10.1976 07:00:00   ;     0,0000
28.10.1976 07:00:00   ;     0,0000
29.10.1976 07:00:00   ;     0,0000
30.10.1976 07:00:00   ;     0,0000
31.10.1976 07:00:00   ;     0,0000
01.11.1976 07:00:00   ;     0,0000
02.11.1976 07:00:00   ;     0,0000
03.11.1976 07:00:00   ;     0,0000
04.11.1976 07:00:00   ;     0,0000
05.11.1976 07:00:00   ;     0,0000
06.11.1976 07:00:00   ;     0,0000
07.11.1976 07:00:00   ;     0,0000
08.11.1976 07:00:00   ;     0,0000
09.11.1976 07:00:00   ;     0,0000
10.11.1976 07:00:00   ;     0,0000
11.11.1976 07:00:00   ;     0,0000
12.11.1976 07:00:00   ;     0,0000
13.11.1976 07:00:00   ;     0,0000
14.11.1976 07:00:00   ;     0,0000
15.11.1976 07:00:00   ;     0,0000
16.11.1976 07:00:00   ;     0,0000
17.11.1976 07:00:00   ;     0,0000
18.11.1976 07:00:00   ;     0,0000
19.11.1976 07:00:00   ;     0,0000
20.11.1976 07:00:00   ;     0,0000
21.11.1976 07:00:00   ;    18,0000
22.11.1976 07:00:00   ;    10,0000
23.11.1976 07:00:00   ;    10,0000
24.11.1976 07:00:00   ;    10,0000
25.11.1976 07:00:00   ;     9,0000
26.11.1976 07:00:00   ;     9,0000
27.11.1976 07:00:00   ;     9,0000
28.11.1976 07:00:00   ;     9,0000
29.11.1976 07:00:00   ;     9,0000
30.11.1976 07:00:00   ;     9,0000
01.12.1976 07:00:00   ;     0,0000
02.12.1976 07:00:00   ;     0,0000
03.12.1976 07:00:00   ;    11,0000
04.12.1976 07:00:00   ;     9,0000
05.12.1976 07:00:00   ;     9,0000
06.12.1976 07:00:00   ;     9,0000
07.12.1976 07:00:00   ;    13,0000
08.12.1976 07:00:00   ;    17,0000
09.12.1976 07:00:00   ;    17,0000
10.12.1976 07:00:00   ;    25,0000
11.12.1976 07:00:00   ;    43,0000
12.12.1976 07:00:00   ;    40,0000
13.12.1976 07:00:00   ;    40,0000
14.12.1976 07:00:00   ;    40,0000
15.12.1976 07:00:00   ;    38,0000
16.12.1976 07:00:00   ;    38,0000
17.12.1976 07:00:00   ;    38,0000
18.12.1976 07:00:00   ;    34,0000
19.12.1976 07:00:00   ;    30,0000
20.12.1976 07:00:00   ;    28,0000
21.12.1976 07:00:00   ;    26,0000
22.12.1976 07:00:00   ;    26,0000
23.12.1976 07:00:00   ;    26,0000
24.12.1976 07:00:00   ;    26,0000
25.12.1976 07:00:00   ;    26,0000
26.12.1976 07:00:00   ;    26,0000
27.12.1976 07:00:00   ;    26,0000
28.12.1976 07:00:00   ;    26,0000
29.12.1976 07:00:00   ;    50,0000
30.12.1976 07:00:00   ;    60,0000
31.12.1976 07:00:00   ;    57,0000
01.01.1977 07:00:00   ;    57,0000
02.01.1977 07:00:00   ;    48,0000
03.01.1977 07:00:00   ;    45,0000
04.01.1977 07:00:00   ;    53,0000
05.01.1977 07:00:00   ;    70,0000
06.01.1977 07:00:00   ;    63,0000
07.01.1977 07:00:00   ;    62,0000
08.01.1977 07:00:00   ;    60,0000
09.01.1977 07:00:00   ;    60,0000
10.01.1977 07:00:00   ;    60,0000
11.01.1977 07:00:00   ;    56,0000
12.01.1977 07:00:00   ;    52,0000
13.01.1977 07:00:00   ;    65,0000
14.01.1977 07:00:00   ;    62,0000
15.01.1977 07:00:00   ;    97,0000
16.01.1977 07:00:00   ;    97,0000
17.01.1977 07:00:00   ;    95,0000
18.01.1977 07:00:00   ;    93,0000
19.01.1977 07:00:00   ;    92,0000
20.01.1977 07:00:00   ;    93,0000
21.01.1977 07:00:00   ;    93,0000
22.01.1977 07:00:00   ;    85,0000
23.01.1977 07:00:00   ;    70,0000
24.01.1977 07:00:00   ;    70,0000
25.01.1977 07:00:00   ;    70,0000
26.01.1977 07:00:00   ;    68,0000
27.01.1977 07:00:00   ;    62,0000
28.01.1977 07:00:00   ;    65,0000
29.01.1977 07:00:00   ;    65,0000
30.01.1977 07:00:00   ;    82,0000
31.01.1977 07:00:00   ;    80,0000
01.02.1977 07:00:00   ;    80,0000
02.02.1977 07:00:00   ;    88,0000
03.02.1977 07:00:00   ;    85,0000
04.02.1977 07:00:00   ;    85,0000
05.02.1977 07:00:00   ;    84,0000
06.02.1977 07:00:00   ;    80,0000
07.02.1977 07:00:00   ;    80,0000
08.02.1977 07:00:00   ;    80,0000
09.02.1977 07:00:00   ;    80,0000
10.02.1977 07:00:00   ;    78,0000
11.02.1977 07:00:00   ;    70,0000
12.02.1977 07:00:00   ;    68,0000
13.02.1977 07:00:00   ;    80,0000
14.02.1977 07:00:00   ;    79,0000
15.02.1977 07:00:00   ;    79,0000
16.02.1977 07:00:00   ;    79,0000
17.02.1977 07:00:00   ;    79,0000
18.02.1977 07:00:00   ;    78,0000
19.02.1977 07:00:00   ;    78,0000
20.02.1977 07:00:00   ;    75,0000
21.02.1977 07:00:00   ;    73,0000
22.02.1977 07:00:00   ;    72,0000
23.02.1977 07:00:00   ;    70,0000
24.02.1977 07:00:00   ;    69,0000
25.02.1977 07:00:00   ;    68,0000
26.02.1977 07:00:00   ;    68,0000
27.02.1977 07:00:00   ;    68,0000
28.02.1977 07:00:00   ;    71,0000
01.03.1977 07:00:00   ;    71,0000
02.03.1977 07:00:00   ;    71,0000
03.03.1977 07:00:00   ;    70,0000
04.03.1977 07:00:00   ;    68,0000
05.03.1977 07:00:00   ;    65,0000
06.03.1977 07:00:00   ;    63,0000
07.03.1977 07:00:00   ;    63,0000
08.03.1977 07:00:00   ;    60,0000
09.03.1977 07:00:00   ;    60,0000
10.03.1977 07:00:00   ;    57,0000
11.03.1977 07:00:00   ;    50,0000
12.03.1977 07:00:00   ;    48,0000
13.03.1977 07:00:00   ;    45,0000
14.03.1977 07:00:00   ;    45,0000
15.03.1977 07:00:00   ;    43,0000
16.03.1977 07:00:00   ;    40,0000
17.03.1977 07:00:00   ;    40,0000
18.03.1977 07:00:00   ;    38,0000
19.03.1977 07:00:00   ;    38,0000
20.03.1977 07:00:00   ;    36,0000
21.03.1977 07:00:00   ;    35,0000
22.03.1977 07:00:00   ;    25,0000
23.03.1977 07:00:00   ;    20,0000
24.03.1977 07:00:00   ;    15,0000
25.03.1977 07:00:00   ;     0,0000
26.03.1977 07:00:00   ;     0,0000
27.03.1977 07:00:00   ;     0,0000
28.03.1977 07:00:00   ;     0,0000
29.03.1977 07:00:00   ;    20,0000
30.03.1977 07:00:00   ;    20,0000
31.03.1977 07:00:00   ;    40,0000
01.04.1977 07:00:00   ;    35,0000
02.04.1977 07:00:00   ;    30,0000
03.04.1977 07:00:00   ;    20,0000
04.04.1977 07:00:00   ;    10,0000
05.04.1977 07:00:00   ;    17,0000
06.04.1977 07:00:00   ;    12,0000
07.04.1977 07:00:00   ;    10,0000
08.04.1977 07:00:00   ;     0,0000
09.04.1977 07:00:00   ;    34,0000
10.04.1977 07:00:00   ;    27,0000
11.04.1977 07:00:00   ;    22,0000
12.04.1977 07:00:00   ;    18,0000
13.04.1977 07:00:00   ;    15,0000
14.04.1977 07:00:00   ;    10,0000
15.04.1977 07:00:00   ;    17,0000
16.04.1977 07:00:00   ;    15,0000
17.04.1977 07:00:00   ;    15,0000
18.04.1977 07:00:00   ;    10,0000
19.04.1977 07:00:00   ;    10,0000
20.04.1977 07:00:00   ;     8,0000
21.04.1977 07:00:00   ;     0,0000
22.04.1977 07:00:00   ;     0,0000
23.04.1977 07:00:00   ;     0,0000
24.04.1977 07:00:00   ;     0,0000
25.04.1977 07:00:00   ;     0,0000
26.04.1977 07:00:00   ;     0,0000
27.04.1977 07:00:00   ;     0,0000
28.04.1977 07:00:00   ;     0,0000
29.04.1977 07:00:00   ;     0,0000
30.04.1977 07:00:00   ;     0,0000
01.05.1977 07:00:00   ;     0,0000
02.05.1977 07:00:00   ;     0,0000
03.05.1977 07:00:00   ;     0,0000
04.05.1977 07:00:00   ;     0,0000
05.05.1977 07:00:00   ;     0,0000
06.05.1977 07:00:00   ;     0,0000
07.05.1977 07:00:00   ;     0,0000
08.05.1977 07:00:00   ;     0,0000
09.05.1977 07:00:00   ;     0,0000
10.05.1977 07:00:00   ;     0,0000
11.05.1977 07:00:00   ;     0,0000
12.05.1977 07:00:00   ;     0,0000
13.05.1977 07:00:00   ;     0,0000
14.05.1977 07:00:00   ;     0,0000
15.05.1977 07:00:00   ;     0,0000
16.05.1977 07:00:00   ;     0,0000
17.05.1977 07:00:00   ;     0,0000
18.05.1977 07:00:00   ;     0,0000
19.05.1977 07:00:00   ;     0,0000
20.05.1977 07:00:00   ;     0,0000
21.05.1977 07:00:00   ;     0,0000
22.05.1977 07:00:00   ;     0,0000
23.05.1977 07:00:00   ;     0,0000
24.05.1977 07:00:00   ;     0,0000
25.05.1977 07:00:00   ;     0,0000
26.05.1977 07:00:00   ;     0,0000
27.05.1977 07:00:00   ;     0,0000
28.05.1977 07:00:00   ;     0,0000
29.05.1977 07:00:00   ;     0,0000
30.05.1977 07:00:00   ;     0,0000
31.05.1977 07:00:00   ;     0,0000
01.06.1977 07:00:00   ;     0,0000
02.06.1977 07:00:00   ;     0,0000
03.06.1977 07:00:00   ;     0,0000
04.06.1977 07:00:00   ;     0,0000
05.06.1977 07:00:00   ;     0,0000
06.06.1977 07:00:00   ;     0,0000
07.06.1977 07:00:00   ;     0,0000
08.06.1977 07:00:00   ;     0,0000
09.06.1977 07:00:00   ;     0,0000
10.06.1977 07:00:00   ;     0,0000
11.06.1977 07:00:00   ;     0,0000
12.06.1977 07:00:00   ;     0,0000
13.06.1977 07:00:00   ;     0,0000
14.06.1977 07:00:00   ;     0,0000
15.06.1977 07:00:00   ;     0,0000
16.06.1977 07:00:00   ;     0,0000
17.06.1977 07:00:00   ;     0,0000
18.06.1977 07:00:00   ;     0,0000
19.06.1977 07:00:00   ;     0,0000
20.06.1977 07:00:00   ;     0,0000
21.06.1977 07:00:00   ;     0,0000
22.06.1977 07:00:00   ;     0,0000
23.06.1977 07:00:00   ;     0,0000
24.06.1977 07:00:00   ;     0,0000
25.06.1977 07:00:00   ;     0,0000
26.06.1977 07:00:00   ;     0,0000
27.06.1977 07:00:00   ;     0,0000
28.06.1977 07:00:00   ;     0,0000
29.06.1977 07:00:00   ;     0,0000
30.06.1977 07:00:00   ;     0,0000
01.07.1977 07:00:00   ;     0,0000
02.07.1977 07:00:00   ;     0,0000
03.07.1977 07:00:00   ;     0,0000
04.07.1977 07:00:00   ;     0,0000
05.07.1977 07:00:00   ;     0,0000
06.07.1977 07:00:00   ;     0,0000
07.07.1977 07:00:00   ;     0,0000
08.07.1977 07:00:00   ;     0,0000
09.07.1977 07:00:00   ;     0,0000
10.07.1977 07:00:00   ;     0,0000
11.07.1977 07:00:00   ;     0,0000
12.07.1977 07:00:00   ;     0,0000
13.07.1977 07:00:00   ;     0,0000
14.07.1977 07:00:00   ;     0,0000
15.07.1977 07:00:00   ;     0,0000
16.07.1977 07:00:00   ;     0,0000
17.07.1977 07:00:00   ;     0,0000
18.07.1977 07:00:00   ;     0,0000
19.07.1977 07:00:00   ;     0,0000
20.07.1977 07:00:00   ;     0,0000
21.07.1977 07:00:00   ;     0,0000
22.07.1977 07:00:00   ;     0,0000
23.07.1977 07:00:00   ;     0,0000
24.07.1977 07:00:00   ;     0,0000
25.07.1977 07:00:00   ;     0,0000
26.07.1977 07:00:00   ;     0,0000
27.07.1977 07:00:00   ;     0,0000
28.07.1977 07:00:00   ;     0,0000
29.07.1977 07:00:00   ;     0,0000
30.07.1977 07:00:00   ;     0,0000
31.07.1977 07:00:00   ;     0,0000
01.08.1977 07:00:00   ;     0,0000
02.08.1977 07:00:00   ;     0,0000
03.08.1977 07:00:00   ;     0,0000
04.08.1977 07:00:00   ;     0,0000
05.08.1977 07:00:00   ;     0,0000
06.08.1977 07:00:00   ;     0,0000
07.08.1977 07:00:00   ;     0,0000
08.08.1977 07:00:00   ;     0,0000
09.08.1977 07:00:00   ;     0,0000
10.08.1977 07:00:00   ;     0,0000
11.08.1977 07:00:00   ;     0,0000
12.08.1977 07:00:00   ;     0,0000
13.08.1977 07:00:00   ;     0,0000
14.08.1977 07:00:00   ;     0,0000
15.08.1977 07:00:00   ;     0,0000
16.08.1977 07:00:00   ;     0,0000
17.08.1977 07:00:00   ;     0,0000
18.08.1977 07:00:00   ;     0,0000
19.08.1977 07:00:00   ;     0,0000
20.08.1977 07:00:00   ;     0,0000
21.08.1977 07:00:00   ;     0,0000
22.08.1977 07:00:00   ;     0,0000
23.08.1977 07:00:00   ;     0,0000
24.08.1977 07:00:00   ;     0,0000
25.08.1977 07:00:00   ;     0,0000
26.08.1977 07:00:00   ;     0,0000
27.08.1977 07:00:00   ;     0,0000
28.08.1977 07:00:00   ;     0,0000
29.08.1977 07:00:00   ;     0,0000
30.08.1977 07:00:00   ;     0,0000
31.08.1977 07:00:00   ;     0,0000
01.09.1977 07:00:00   ;     0,0000
02.09.1977 07:00:00   ;     0,0000
03.09.1977 07:00:00   ;     0,0000
04.09.1977 07:00:00   ;     0,0000
05.09.1977 07:00:00   ;     0,0000
06.09.1977 07:00:00   ;     0,0000
07.09.1977 07:00:00   ;     0,0000
08.09.1977 07:00:00   ;     0,0000
09.09.1977 07:00:00   ;     0,0000
10.09.1977 07:00:00   ;     0,0000
11.09.1977 07:00:00   ;     0,0000
12.09.1977 07:00:00   ;     0,0000
13.09.1977 07:00:00   ;     0,0000
14.09.1977 07:00:00   ;     0,0000
15.09.1977 07:00:00   ;     0,0000
16.09.1977 07:00:00   ;     0,0000
17.09.1977 07:00:00   ;     0,0000
18.09.1977 07:00:00   ;    11,0000
19.09.1977 07:00:00   ;    11,0000
20.09.1977 07:00:00   ;     5,0000
21.09.1977 07:00:00   ;     2,0000
22.09.1977 07:00:00   ;     0,0000
23.09.1977 07:00:00   ;     0,0000
24.09.1977 07:00:00   ;     0,0000
25.09.1977 07:00:00   ;     0,0000
26.09.1977 07:00:00   ;     0,0000
27.09.1977 07:00:00   ;     0,0000
28.09.1977 07:00:00   ;     0,0000
29.09.1977 07:00:00   ;     0,0000
30.09.1977 07:00:00   ;     0,0000
01.10.1977 07:00:00   ;     0,0000
02.10.1977 07:00:00   ;     0,0000
03.10.1977 07:00:00   ;     0,0000
04.10.1977 07:00:00   ;     0,0000
05.10.1977 07:00:00   ;     0,0000
06.10.1977 07:00:00   ;     0,0000
07.10.1977 07:00:00   ;     0,0000
08.10.1977 07:00:00   ;     0,0000
09.10.1977 07:00:00   ;     0,0000
10.10.1977 07:00:00   ;     0,0000
11.10.1977 07:00:00   ;     0,0000
12.10.1977 07:00:00   ;     0,0000
13.10.1977 07:00:00   ;     0,0000
14.10.1977 07:00:00   ;     0,0000
15.10.1977 07:00:00   ;     0,0000
16.10.1977 07:00:00   ;     0,0000
17.10.1977 07:00:00   ;     0,0000
18.10.1977 07:00:00   ;     0,0000
19.10.1977 07:00:00   ;     0,0000
20.10.1977 07:00:00   ;     0,0000
21.10.1977 07:00:00   ;     0,0000
22.10.1977 07:00:00   ;     0,0000
23.10.1977 07:00:00   ;     0,0000
24.10.1977 07:00:00   ;     0,0000
25.10.1977 07:00:00   ;     0,0000
26.10.1977 07:00:00   ;     0,0000
27.10.1977 07:00:00   ;     0,0000
28.10.1977 07:00:00   ;     0,0000
29.10.1977 07:00:00   ;     0,0000
30.10.1977 07:00:00   ;     0,0000
31.10.1977 07:00:00   ;     0,0000
01.11.1977 07:00:00   ;     0,0000
02.11.1977 07:00:00   ;     0,0000
03.11.1977 07:00:00   ;     0,0000
04.11.1977 07:00:00   ;     0,0000
05.11.1977 07:00:00   ;     0,0000
06.11.1977 07:00:00   ;     0,0000
07.11.1977 07:00:00   ;     0,0000
08.11.1977 07:00:00   ;     0,0000
09.11.1977 07:00:00   ;     0,0000
10.11.1977 07:00:00   ;     0,0000
11.11.1977 07:00:00   ;     0,0000
12.11.1977 07:00:00   ;     0,0000
13.11.1977 07:00:00   ;     0,0000
14.11.1977 07:00:00   ;    16,0000
15.11.1977 07:00:00   ;     8,0000
16.11.1977 07:00:00   ;     6,0000
17.11.1977 07:00:00   ;     8,0000
18.11.1977 07:00:00   ;     6,0000
19.11.1977 07:00:00   ;     6,0000
20.11.1977 07:00:00   ;     6,0000
21.11.1977 07:00:00   ;     6,0000
22.11.1977 07:00:00   ;    15,0000
23.11.1977 07:00:00   ;    15,0000
24.11.1977 07:00:00   ;    15,0000
25.11.1977 07:00:00   ;    15,0000
26.11.1977 07:00:00   ;    40,0000
27.11.1977 07:00:00   ;    43,0000
28.11.1977 07:00:00   ;    40,0000
29.11.1977 07:00:00   ;    38,0000
30.11.1977 07:00:00   ;    32,0000
01.12.1977 07:00:00   ;    32,0000
02.12.1977 07:00:00   ;    32,0000
03.12.1977 07:00:00   ;    31,0000
04.12.1977 07:00:00   ;    30,0000
05.12.1977 07:00:00   ;    30,0000
06.12.1977 07:00:00   ;    28,0000
07.12.1977 07:00:00   ;    40,0000
08.12.1977 07:00:00   ;    38,0000
09.12.1977 07:00:00   ;    35,0000
10.12.1977 07:00:00   ;    30,0000
11.12.1977 07:00:00   ;    31,0000
12.12.1977 07:00:00   ;    31,0000
13.12.1977 07:00:00   ;    31,0000
14.12.1977 07:00:00   ;    31,0000
15.12.1977 07:00:00   ;    31,0000
16.12.1977 07:00:00   ;    31,0000
17.12.1977 07:00:00   ;    31,0000
18.12.1977 07:00:00   ;    31,0000
19.12.1977 07:00:00   ;    31,0000
20.12.1977 07:00:00   ;    31,0000
21.12.1977 07:00:00   ;    31,0000
22.12.1977 07:00:00   ;    31,0000
23.12.1977 07:00:00   ;    31,0000
24.12.1977 07:00:00   ;    30,0000
25.12.1977 07:00:00   ;    30,0000
26.12.1977 07:00:00   ;    30,0000
27.12.1977 07:00:00   ;    30,0000
28.12.1977 07:00:00   ;    55,0000
29.12.1977 07:00:00   ;    50,0000
30.12.1977 07:00:00   ;    47,0000
31.12.1977 07:00:00   ;    45,0000
01.01.1978 07:00:00   ;    43,0000
02.01.1978 07:00:00   ;    43,0000
03.01.1978 07:00:00   ;    42,0000
04.01.1978 07:00:00   ;    44,0000
05.01.1978 07:00:00   ;    45,0000
06.01.1978 07:00:00   ;    43,0000
07.01.1978 07:00:00   ;    43,0000
08.01.1978 07:00:00   ;    43,0000
09.01.1978 07:00:00   ;    43,0000
10.01.1978 07:00:00   ;    43,0000
11.01.1978 07:00:00   ;    43,0000
12.01.1978 07:00:00   ;    40,0000
13.01.1978 07:00:00   ;    35,0000
14.01.1978 07:00:00   ;    50,0000
15.01.1978 07:00:00   ;    42,0000
16.01.1978 07:00:00   ;    50,0000
17.01.1978 07:00:00   ;    50,0000
18.01.1978 07:00:00   ;    80,0000
19.01.1978 07:00:00   ;    80,0000
20.01.1978 07:00:00   ;    80,0000
21.01.1978 07:00:00   ;    89,0000
22.01.1978 07:00:00   ;    94,0000
23.01.1978 07:00:00   ;    90,0000
24.01.1978 07:00:00   ;    88,0000
25.01.1978 07:00:00   ;    86,0000
26.01.1978 07:00:00   ;    86,0000
27.01.1978 07:00:00   ;    86,0000
28.01.1978 07:00:00   ;    86,0000
29.01.1978 07:00:00   ;   100,0000
30.01.1978 07:00:00   ;   128,0000
31.01.1978 07:00:00   ;   135,0000
01.02.1978 07:00:00   ;   126,0000
02.02.1978 07:00:00   ;   124,0000
03.02.1978 07:00:00   ;   124,0000
04.02.1978 07:00:00   ;   120,0000
05.02.1978 07:00:00   ;   120,0000
06.02.1978 07:00:00   ;   118,0000
07.02.1978 07:00:00   ;   117,0000
08.02.1978 07:00:00   ;   117,0000
09.02.1978 07:00:00   ;   117,0000
10.02.1978 07:00:00   ;   117,0000
11.02.1978 07:00:00   ;   140,0000
12.02.1978 07:00:00   ;   160,0000
13.02.1978 07:00:00   ;   160,0000
14.02.1978 07:00:00   ;   153,0000
15.02.1978 07:00:00   ;   149,0000
16.02.1978 07:00:00   ;   147,0000
17.02.1978 07:00:00   ;   146,0000
18.02.1978 07:00:00   ;   144,0000
19.02.1978 07:00:00   ;   143,0000
20.02.1978 07:00:00   ;   142,0000
21.02.1978 07:00:00   ;   139,0000
22.02.1978 07:00:00   ;   139,0000
23.02.1978 07:00:00   ;   135,0000
24.02.1978 07:00:00   ;   120,0000
25.02.1978 07:00:00   ;   104,0000
26.02.1978 07:00:00   ;   100,0000
27.02.1978 07:00:00   ;    95,0000
28.02.1978 07:00:00   ;    90,0000
01.03.1978 07:00:00   ;    85,0000
02.03.1978 07:00:00   ;    82,0000
03.03.1978 07:00:00   ;    80,0000
04.03.1978 07:00:00   ;    80,0000
05.03.1978 07:00:00   ;    77,0000
06.03.1978 07:00:00   ;    74,0000
07.03.1978 07:00:00   ;    73,0000
08.03.1978 07:00:00   ;    72,0000
09.03.1978 07:00:00   ;    72,0000
10.03.1978 07:00:00   ;    70,0000
11.03.1978 07:00:00   ;    69,0000
12.03.1978 07:00:00   ;    68,0000
13.03.1978 07:00:00   ;    67,0000
14.03.1978 07:00:00   ;    65,0000
15.03.1978 07:00:00   ;    65,0000
16.03.1978 07:00:00   ;    63,0000
17.03.1978 07:00:00   ;    63,0000
18.03.1978 07:00:00   ;    62,0000
19.03.1978 07:00:00   ;    62,0000
20.03.1978 07:00:00   ;    61,0000
21.03.1978 07:00:00   ;    60,0000
22.03.1978 07:00:00   ;    60,0000
23.03.1978 07:00:00   ;    60,0000
24.03.1978 07:00:00   ;    66,0000
25.03.1978 07:00:00   ;    64,0000
26.03.1978 07:00:00   ;    63,0000
27.03.1978 07:00:00   ;    62,0000
28.03.1978 07:00:00   ;    60,0000
29.03.1978 07:00:00   ;    59,0000
30.03.1978 07:00:00   ;    58,0000
31.03.1978 07:00:00   ;    55,0000
01.04.1978 07:00:00   ;    54,0000
02.04.1978 07:00:00   ;    54,0000
03.04.1978 07:00:00   ;    53,0000
04.04.1978 07:00:00   ;    50,0000
05.04.1978 07:00:00   ;    50,0000
06.04.1978 07:00:00   ;    48,0000
07.04.1978 07:00:00   ;    48,0000
08.04.1978 07:00:00   ;    47,0000
09.04.1978 07:00:00   ;    47,0000
10.04.1978 07:00:00   ;    44,0000
11.04.1978 07:00:00   ;    41,0000
12.04.1978 07:00:00   ;    40,0000
13.04.1978 07:00:00   ;    84,0000
14.04.1978 07:00:00   ;    90,0000
15.04.1978 07:00:00   ;    90,0000
16.04.1978 07:00:00   ;   102,0000
17.04.1978 07:00:00   ;    87,0000
18.04.1978 07:00:00   ;    81,0000
19.04.1978 07:00:00   ;    72,0000
20.04.1978 07:00:00   ;    68,0000
21.04.1978 07:00:00   ;    60,0000
22.04.1978 07:00:00   ;    54,0000
23.04.1978 07:00:00   ;    47,0000
24.04.1978 07:00:00   ;    43,0000
25.04.1978 07:00:00   ;    40,0000
26.04.1978 07:00:00   ;    40,0000
27.04.1978 07:00:00   ;    35,0000
28.04.1978 07:00:00   ;    28,0000
29.04.1978 07:00:00   ;    10,0000
30.04.1978 07:00:00   ;    10,0000
01.05.1978 07:00:00   ;     7,0000
02.05.1978 07:00:00   ;     5,0000
03.05.1978 07:00:00   ;     3,0000
04.05.1978 07:00:00   ;     2,0000
05.05.1978 07:00:00   ;     0,0000
06.05.1978 07:00:00   ;     0,0000
07.05.1978 07:00:00   ;     0,0000
08.05.1978 07:00:00   ;     0,0000
09.05.1978 07:00:00   ;     0,0000
10.05.1978 07:00:00   ;     0,0000
11.05.1978 07:00:00   ;     0,0000
12.05.1978 07:00:00   ;     0,0000
13.05.1978 07:00:00   ;     0,0000
14.05.1978 07:00:00   ;     6,0000
15.05.1978 07:00:00   ;     4,0000
16.05.1978 07:00:00   ;     2,0000
17.05.1978 07:00:00   ;     0,0000
18.05.1978 07:00:00   ;     0,0000
19.05.1978 07:00:00   ;     0,0000
20.05.1978 07:00:00   ;     0,0000
21.05.1978 07:00:00   ;     0,0000
22.05.1978 07:00:00   ;     0,0000
23.05.1978 07:00:00   ;     0,0000
24.05.1978 07:00:00   ;     0,0000
25.05.1978 07:00:00   ;     0,0000
26.05.1978 07:00:00   ;     0,0000
27.05.1978 07:00:00   ;     0,0000
28.05.1978 07:00:00   ;     0,0000
29.05.1978 07:00:00   ;     0,0000
30.05.1978 07:00:00   ;     0,0000
31.05.1978 07:00:00   ;     0,0000
01.06.1978 07:00:00   ;     0,0000
02.06.1978 07:00:00   ;     0,0000
03.06.1978 07:00:00   ;     0,0000
04.06.1978 07:00:00   ;     0,0000
05.06.1978 07:00:00   ;     0,0000
06.06.1978 07:00:00   ;     0,0000
07.06.1978 07:00:00   ;     0,0000
08.06.1978 07:00:00   ;     0,0000
09.06.1978 07:00:00   ;     0,0000
10.06.1978 07:00:00   ;     0,0000
11.06.1978 07:00:00   ;     0,0000
12.06.1978 07:00:00   ;     0,0000
13.06.1978 07:00:00   ;     0,0000
14.06.1978 07:00:00   ;     0,0000
15.06.1978 07:00:00   ;     0,0000
16.06.1978 07:00:00   ;     0,0000
17.06.1978 07:00:00   ;     0,0000
18.06.1978 07:00:00   ;     0,0000
19.06.1978 07:00:00   ;     0,0000
20.06.1978 07:00:00   ;     0,0000
21.06.1978 07:00:00   ;     0,0000
22.06.1978 07:00:00   ;     0,0000
23.06.1978 07:00:00   ;     0,0000
24.06.1978 07:00:00   ;     0,0000
25.06.1978 07:00:00   ;     0,0000
26.06.1978 07:00:00   ;     0,0000
27.06.1978 07:00:00   ;     0,0000
28.06.1978 07:00:00   ;     0,0000
29.06.1978 07:00:00   ;     0,0000
30.06.1978 07:00:00   ;     0,0000
01.07.1978 07:00:00   ;     0,0000
02.07.1978 07:00:00   ;     0,0000
03.07.1978 07:00:00   ;     0,0000
04.07.1978 07:00:00   ;     0,0000
05.07.1978 07:00:00   ;     0,0000
06.07.1978 07:00:00   ;     0,0000
07.07.1978 07:00:00   ;     0,0000
08.07.1978 07:00:00   ;     0,0000
09.07.1978 07:00:00   ;     0,0000
10.07.1978 07:00:00   ;     0,0000
11.07.1978 07:00:00   ;     0,0000
12.07.1978 07:00:00   ;     0,0000
13.07.1978 07:00:00   ;     0,0000
14.07.1978 07:00:00   ;     0,0000
15.07.1978 07:00:00   ;     0,0000
16.07.1978 07:00:00   ;     0,0000
17.07.1978 07:00:00   ;     0,0000
18.07.1978 07:00:00   ;     0,0000
19.07.1978 07:00:00   ;     0,0000
20.07.1978 07:00:00   ;     0,0000
21.07.1978 07:00:00   ;     0,0000
22.07.1978 07:00:00   ;     0,0000
23.07.1978 07:00:00   ;     0,0000
24.07.1978 07:00:00   ;     0,0000
25.07.1978 07:00:00   ;     0,0000
26.07.1978 07:00:00   ;     0,0000
27.07.1978 07:00:00   ;     0,0000
28.07.1978 07:00:00   ;     0,0000
29.07.1978 07:00:00   ;     0,0000
30.07.1978 07:00:00   ;     0,0000
31.07.1978 07:00:00   ;     0,0000
01.08.1978 07:00:00   ;     0,0000
02.08.1978 07:00:00   ;     0,0000
03.08.1978 07:00:00   ;     0,0000
04.08.1978 07:00:00   ;     0,0000
05.08.1978 07:00:00   ;     0,0000
06.08.1978 07:00:00   ;     0,0000
07.08.1978 07:00:00   ;     0,0000
08.08.1978 07:00:00   ;     0,0000
09.08.1978 07:00:00   ;     0,0000
10.08.1978 07:00:00   ;     0,0000
11.08.1978 07:00:00   ;     0,0000
12.08.1978 07:00:00   ;     0,0000
13.08.1978 07:00:00   ;     0,0000
14.08.1978 07:00:00   ;     0,0000
15.08.1978 07:00:00   ;     0,0000
16.08.1978 07:00:00   ;     0,0000
17.08.1978 07:00:00   ;     0,0000
18.08.1978 07:00:00   ;     0,0000
19.08.1978 07:00:00   ;     0,0000
20.08.1978 07:00:00   ;     0,0000
21.08.1978 07:00:00   ;     0,0000
22.08.1978 07:00:00   ;     0,0000
23.08.1978 07:00:00   ;     0,0000
24.08.1978 07:00:00   ;     0,0000
25.08.1978 07:00:00   ;     0,0000
26.08.1978 07:00:00   ;     0,0000
27.08.1978 07:00:00   ;     0,0000
28.08.1978 07:00:00   ;     0,0000
29.08.1978 07:00:00   ;     0,0000
30.08.1978 07:00:00   ;     0,0000
31.08.1978 07:00:00   ;     0,0000
01.09.1978 07:00:00   ;     0,0000
02.09.1978 07:00:00   ;     0,0000
03.09.1978 07:00:00   ;     0,0000
04.09.1978 07:00:00   ;     0,0000
05.09.1978 07:00:00   ;     0,0000
06.09.1978 07:00:00   ;     0,0000
07.09.1978 07:00:00   ;     0,0000
08.09.1978 07:00:00   ;     0,0000
09.09.1978 07:00:00   ;     0,0000
10.09.1978 07:00:00   ;     0,0000
11.09.1978 07:00:00   ;     0,0000
12.09.1978 07:00:00   ;     0,0000
13.09.1978 07:00:00   ;     0,0000
14.09.1978 07:00:00   ;     0,0000
15.09.1978 07:00:00   ;     0,0000
16.09.1978 07:00:00   ;     0,0000
17.09.1978 07:00:00   ;     0,0000
18.09.1978 07:00:00   ;     0,0000
19.09.1978 07:00:00   ;     0,0000
20.09.1978 07:00:00   ;     0,0000
21.09.1978 07:00:00   ;     0,0000
22.09.1978 07:00:00   ;     0,0000
23.09.1978 07:00:00   ;     0,0000
24.09.1978 07:00:00   ;     0,0000
25.09.1978 07:00:00   ;     0,0000
26.09.1978 07:00:00   ;     0,0000
27.09.1978 07:00:00   ;     0,0000
28.09.1978 07:00:00   ;     0,0000
29.09.1978 07:00:00   ;     0,0000
30.09.1978 07:00:00   ;     0,0000
01.10.1978 07:00:00   ;    14,0000
02.10.1978 07:00:00   ;    13,0000
03.10.1978 07:00:00   ;     5,0000
04.10.1978 07:00:00   ;     0,0000
05.10.1978 07:00:00   ;     0,0000
06.10.1978 07:00:00   ;     0,0000
07.10.1978 07:00:00   ;     0,0000
08.10.1978 07:00:00   ;     0,0000
09.10.1978 07:00:00   ;     0,0000
10.10.1978 07:00:00   ;     0,0000
11.10.1978 07:00:00   ;     0,0000
12.10.1978 07:00:00   ;     0,0000
13.10.1978 07:00:00   ;     0,0000
14.10.1978 07:00:00   ;     0,0000
15.10.1978 07:00:00   ;     0,0000
16.10.1978 07:00:00   ;     0,0000
17.10.1978 07:00:00   ;     0,0000
18.10.1978 07:00:00   ;     0,0000
19.10.1978 07:00:00   ;     0,0000
20.10.1978 07:00:00   ;     0,0000
21.10.1978 07:00:00   ;     0,0000
22.10.1978 07:00:00   ;     0,0000
23.10.1978 07:00:00   ;     0,0000
24.10.1978 07:00:00   ;     0,0000
25.10.1978 07:00:00   ;     0,0000
26.10.1978 07:00:00   ;     0,0000
27.10.1978 07:00:00   ;     0,0000
28.10.1978 07:00:00   ;     0,0000
29.10.1978 07:00:00   ;     0,0000
30.10.1978 07:00:00   ;     0,0000
31.10.1978 07:00:00   ;     0,0000
01.11.1978 07:00:00   ;     0,0000
02.11.1978 07:00:00   ;     0,0000
03.11.1978 07:00:00   ;     0,0000
04.11.1978 07:00:00   ;     0,0000
05.11.1978 07:00:00   ;     0,0000
06.11.1978 07:00:00   ;     0,0000
07.11.1978 07:00:00   ;     0,0000
08.11.1978 07:00:00   ;     0,0000
09.11.1978 07:00:00   ;     0,0000
10.11.1978 07:00:00   ;     0,0000
11.11.1978 07:00:00   ;     0,0000
12.11.1978 07:00:00   ;     0,0000
13.11.1978 07:00:00   ;     0,0000
14.11.1978 07:00:00   ;     0,0000
15.11.1978 07:00:00   ;     0,0000
16.11.1978 07:00:00   ;     0,0000
17.11.1978 07:00:00   ;     0,0000
18.11.1978 07:00:00   ;     0,0000
19.11.1978 07:00:00   ;     0,0000
20.11.1978 07:00:00   ;     0,0000
21.11.1978 07:00:00   ;     0,0000
22.11.1978 07:00:00   ;     0,0000
23.11.1978 07:00:00   ;     0,0000
24.11.1978 07:00:00   ;     0,0000
25.11.1978 07:00:00   ;     0,0000
26.11.1978 07:00:00   ;     0,0000
27.11.1978 07:00:00   ;    65,0000
28.11.1978 07:00:00   ;    75,0000
29.11.1978 07:00:00   ;    66,0000
30.11.1978 07:00:00   ;    61,0000
01.12.1978 07:00:00   ;    58,0000
02.12.1978 07:00:00   ;    55,0000
03.12.1978 07:00:00   ;    52,0000
04.12.1978 07:00:00   ;    51,0000
05.12.1978 07:00:00   ;    50,0000
06.12.1978 07:00:00   ;    48,0000
07.12.1978 07:00:00   ;    47,0000
08.12.1978 07:00:00   ;    45,0000
09.12.1978 07:00:00   ;    48,0000
10.12.1978 07:00:00   ;    46,0000
11.12.1978 07:00:00   ;    40,0000
12.12.1978 07:00:00   ;    33,0000
13.12.1978 07:00:00   ;    30,0000
14.12.1978 07:00:00   ;    27,0000
15.12.1978 07:00:00   ;    25,0000
16.12.1978 07:00:00   ;    23,0000
17.12.1978 07:00:00   ;    30,0000
18.12.1978 07:00:00   ;    30,0000
19.12.1978 07:00:00   ;    46,0000
20.12.1978 07:00:00   ;    72,0000
21.12.1978 07:00:00   ;    69,0000
22.12.1978 07:00:00   ;    66,0000
23.12.1978 07:00:00   ;    84,0000
24.12.1978 07:00:00   ;    80,0000
25.12.1978 07:00:00   ;    80,0000
26.12.1978 07:00:00   ;    80,0000
27.12.1978 07:00:00   ;    75,0000
28.12.1978 07:00:00   ;    68,0000
29.12.1978 07:00:00   ;    60,0000
30.12.1978 07:00:00   ;    45,0000
31.12.1978 07:00:00   ;    40,0000
01.01.1979 07:00:00   ;    40,0000
02.01.1979 07:00:00   ;    50,0000
03.01.1979 07:00:00   ;    50,0000
04.01.1979 07:00:00   ;    48,0000
05.01.1979 07:00:00   ;    48,0000
06.01.1979 07:00:00   ;    48,0000
07.01.1979 07:00:00   ;    48,0000
08.01.1979 07:00:00   ;    46,0000
09.01.1979 07:00:00   ;    46,0000
10.01.1979 07:00:00   ;    67,0000
11.01.1979 07:00:00   ;    85,0000
12.01.1979 07:00:00   ;    98,0000
13.01.1979 07:00:00   ;    90,0000
14.01.1979 07:00:00   ;    86,0000
15.01.1979 07:00:00   ;    84,0000
16.01.1979 07:00:00   ;    82,0000
17.01.1979 07:00:00   ;    82,0000
18.01.1979 07:00:00   ;    83,0000
19.01.1979 07:00:00   ;    80,0000
20.01.1979 07:00:00   ;    77,0000
21.01.1979 07:00:00   ;    77,0000
22.01.1979 07:00:00   ;    71,0000
23.01.1979 07:00:00   ;    62,0000
24.01.1979 07:00:00   ;    56,0000
25.01.1979 07:00:00   ;    59,0000
26.01.1979 07:00:00   ;    62,0000
27.01.1979 07:00:00   ;    50,0000
28.01.1979 07:00:00   ;    45,0000
29.01.1979 07:00:00   ;    40,0000
30.01.1979 07:00:00   ;    60,0000
31.01.1979 07:00:00   ;    57,0000
01.02.1979 07:00:00   ;    43,0000
02.02.1979 07:00:00   ;    43,0000
03.02.1979 07:00:00   ;    43,0000
04.02.1979 07:00:00   ;    43,0000
05.02.1979 07:00:00   ;    42,0000
06.02.1979 07:00:00   ;    42,0000
07.02.1979 07:00:00   ;    42,0000
08.02.1979 07:00:00   ;    42,0000
09.02.1979 07:00:00   ;    41,0000
10.02.1979 07:00:00   ;    41,0000
11.02.1979 07:00:00   ;    41,0000
12.02.1979 07:00:00   ;    41,0000
13.02.1979 07:00:00   ;    45,0000
14.02.1979 07:00:00   ;    45,0000
15.02.1979 07:00:00   ;    63,0000
16.02.1979 07:00:00   ;    60,0000
17.02.1979 07:00:00   ;    98,0000
18.02.1979 07:00:00   ;    98,0000
19.02.1979 07:00:00   ;    98,0000
20.02.1979 07:00:00   ;    95,0000
21.02.1979 07:00:00   ;    93,0000
22.02.1979 07:00:00   ;    90,0000
23.02.1979 07:00:00   ;    88,0000
24.02.1979 07:00:00   ;    86,0000
25.02.1979 07:00:00   ;    86,0000
26.02.1979 07:00:00   ;    85,0000
27.02.1979 07:00:00   ;    85,0000
28.02.1979 07:00:00   ;    85,0000
01.03.1979 07:00:00   ;    85,0000
02.03.1979 07:00:00   ;    84,0000
03.03.1979 07:00:00   ;    82,0000
04.03.1979 07:00:00   ;    80,0000
05.03.1979 07:00:00   ;    80,0000
06.03.1979 07:00:00   ;    78,0000
07.03.1979 07:00:00   ;    75,0000
08.03.1979 07:00:00   ;    89,0000
09.03.1979 07:00:00   ;    82,0000
10.03.1979 07:00:00   ;    80,0000
11.03.1979 07:00:00   ;    77,0000
12.03.1979 07:00:00   ;    75,0000
13.03.1979 07:00:00   ;    70,0000
14.03.1979 07:00:00   ;    60,0000
15.03.1979 07:00:00   ;    55,0000
16.03.1979 07:00:00   ;    53,0000
17.03.1979 07:00:00   ;    60,0000
18.03.1979 07:00:00   ;    55,0000
19.03.1979 07:00:00   ;    52,0000
20.03.1979 07:00:00   ;    51,0000
21.03.1979 07:00:00   ;    45,0000
22.03.1979 07:00:00   ;    45,0000
23.03.1979 07:00:00   ;    53,0000
24.03.1979 07:00:00   ;    47,0000
25.03.1979 07:00:00   ;    45,0000
26.03.1979 07:00:00   ;    40,0000
27.03.1979 07:00:00   ;    35,0000
28.03.1979 07:00:00   ;    35,0000
29.03.1979 07:00:00   ;    32,0000
30.03.1979 07:00:00   ;    42,0000
31.03.1979 07:00:00   ;    38,0000
01.04.1979 07:00:00   ;    41,0000
02.04.1979 07:00:00   ;    39,0000
03.04.1979 07:00:00   ;    37,0000
04.04.1979 07:00:00   ;    36,0000
05.04.1979 07:00:00   ;    41,0000
06.04.1979 07:00:00   ;    55,0000
07.04.1979 07:00:00   ;    49,0000
08.04.1979 07:00:00   ;    44,0000
09.04.1979 07:00:00   ;    41,0000
10.04.1979 07:00:00   ;    35,0000
11.04.1979 07:00:00   ;    30,0000
12.04.1979 07:00:00   ;    25,0000
13.04.1979 07:00:00   ;    20,0000
14.04.1979 07:00:00   ;    15,0000
15.04.1979 07:00:00   ;     0,0000
16.04.1979 07:00:00   ;     0,0000
17.04.1979 07:00:00   ;     0,0000
18.04.1979 07:00:00   ;     0,0000
19.04.1979 07:00:00   ;     0,0000
20.04.1979 07:00:00   ;     0,0000
21.04.1979 07:00:00   ;     0,0000
22.04.1979 07:00:00   ;     0,0000
23.04.1979 07:00:00   ;     0,0000
24.04.1979 07:00:00   ;     0,0000
25.04.1979 07:00:00   ;     0,0000
26.04.1979 07:00:00   ;     2,0000
27.04.1979 07:00:00   ;     0,0000
28.04.1979 07:00:00   ;     0,0000
29.04.1979 07:00:00   ;     0,0000
30.04.1979 07:00:00   ;     0,0000
01.05.1979 07:00:00   ;     0,0000
02.05.1979 07:00:00   ;     0,0000
03.05.1979 07:00:00   ;    30,0000
04.05.1979 07:00:00   ;    50,0000
05.05.1979 07:00:00   ;    60,0000
06.05.1979 07:00:00   ;    62,0000
07.05.1979 07:00:00   ;    53,0000
08.05.1979 07:00:00   ;    31,0000
09.05.1979 07:00:00   ;    20,0000
10.05.1979 07:00:00   ;    12,0000
11.05.1979 07:00:00   ;     5,0000
12.05.1979 07:00:00   ;     0,0000
13.05.1979 07:00:00   ;     0,0000
14.05.1979 07:00:00   ;     0,0000
15.05.1979 07:00:00   ;     0,0000
16.05.1979 07:00:00   ;     0,0000
17.05.1979 07:00:00   ;     0,0000
18.05.1979 07:00:00   ;     0,0000
19.05.1979 07:00:00   ;     0,0000
20.05.1979 07:00:00   ;     0,0000
21.05.1979 07:00:00   ;     0,0000
22.05.1979 07:00:00   ;     0,0000
23.05.1979 07:00:00   ;     0,0000
24.05.1979 07:00:00   ;     0,0000
25.05.1979 07:00:00   ;     0,0000
26.05.1979 07:00:00   ;     0,0000
27.05.1979 07:00:00   ;     0,0000
28.05.1979 07:00:00   ;     0,0000
29.05.1979 07:00:00   ;     0,0000
30.05.1979 07:00:00   ;     0,0000
31.05.1979 07:00:00   ;     0,0000
01.06.1979 07:00:00   ;     0,0000
02.06.1979 07:00:00   ;     0,0000
03.06.1979 07:00:00   ;     0,0000
04.06.1979 07:00:00   ;     0,0000
05.06.1979 07:00:00   ;     0,0000
06.06.1979 07:00:00   ;     0,0000
07.06.1979 07:00:00   ;     0,0000
08.06.1979 07:00:00   ;     0,0000
09.06.1979 07:00:00   ;     0,0000
10.06.1979 07:00:00   ;     0,0000
11.06.1979 07:00:00   ;     0,0000
12.06.1979 07:00:00   ;     0,0000
13.06.1979 07:00:00   ;     0,0000
14.06.1979 07:00:00   ;     0,0000
15.06.1979 07:00:00   ;     0,0000
16.06.1979 07:00:00   ;     0,0000
17.06.1979 07:00:00   ;     0,0000
18.06.1979 07:00:00   ;     0,0000
19.06.1979 07:00:00   ;     0,0000
20.06.1979 07:00:00   ;     0,0000
21.06.1979 07:00:00   ;     0,0000
22.06.1979 07:00:00   ;     0,0000
23.06.1979 07:00:00   ;     0,0000
24.06.1979 07:00:00   ;     0,0000
25.06.1979 07:00:00   ;     0,0000
26.06.1979 07:00:00   ;     0,0000
27.06.1979 07:00:00   ;     0,0000
28.06.1979 07:00:00   ;     0,0000
29.06.1979 07:00:00   ;     0,0000
30.06.1979 07:00:00   ;     0,0000
01.07.1979 07:00:00   ;     0,0000
02.07.1979 07:00:00   ;     0,0000
03.07.1979 07:00:00   ;     0,0000
04.07.1979 07:00:00   ;     0,0000
05.07.1979 07:00:00   ;     0,0000
06.07.1979 07:00:00   ;     0,0000
07.07.1979 07:00:00   ;     0,0000
08.07.1979 07:00:00   ;     0,0000
09.07.1979 07:00:00   ;     0,0000
10.07.1979 07:00:00   ;     0,0000
11.07.1979 07:00:00   ;     0,0000
12.07.1979 07:00:00   ;     0,0000
13.07.1979 07:00:00   ;     0,0000
14.07.1979 07:00:00   ;     0,0000
15.07.1979 07:00:00   ;     0,0000
16.07.1979 07:00:00   ;     0,0000
17.07.1979 07:00:00   ;     0,0000
18.07.1979 07:00:00   ;     0,0000
19.07.1979 07:00:00   ;     0,0000
20.07.1979 07:00:00   ;     0,0000
21.07.1979 07:00:00   ;     0,0000
22.07.1979 07:00:00   ;     0,0000
23.07.1979 07:00:00   ;     0,0000
24.07.1979 07:00:00   ;     0,0000
25.07.1979 07:00:00   ;     0,0000
26.07.1979 07:00:00   ;     0,0000
27.07.1979 07:00:00   ;     0,0000
28.07.1979 07:00:00   ;     0,0000
29.07.1979 07:00:00   ;     0,0000
30.07.1979 07:00:00   ;     0,0000
31.07.1979 07:00:00   ;     0,0000
01.08.1979 07:00:00   ;     0,0000
02.08.1979 07:00:00   ;     0,0000
03.08.1979 07:00:00   ;     0,0000
04.08.1979 07:00:00   ;     0,0000
05.08.1979 07:00:00   ;     0,0000
06.08.1979 07:00:00   ;     0,0000
07.08.1979 07:00:00   ;     0,0000
08.08.1979 07:00:00   ;     0,0000
09.08.1979 07:00:00   ;     0,0000
10.08.1979 07:00:00   ;     0,0000
11.08.1979 07:00:00   ;     0,0000
12.08.1979 07:00:00   ;     0,0000
13.08.1979 07:00:00   ;     0,0000
14.08.1979 07:00:00   ;     0,0000
15.08.1979 07:00:00   ;     0,0000
16.08.1979 07:00:00   ;     0,0000
17.08.1979 07:00:00   ;     0,0000
18.08.1979 07:00:00   ;     0,0000
19.08.1979 07:00:00   ;     0,0000
20.08.1979 07:00:00   ;     0,0000
21.08.1979 07:00:00   ;     0,0000
22.08.1979 07:00:00   ;     0,0000
23.08.1979 07:00:00   ;     0,0000
24.08.1979 07:00:00   ;     0,0000
25.08.1979 07:00:00   ;     0,0000
26.08.1979 07:00:00   ;     0,0000
27.08.1979 07:00:00   ;     0,0000
28.08.1979 07:00:00   ;     0,0000
29.08.1979 07:00:00   ;     0,0000
30.08.1979 07:00:00   ;     0,0000
31.08.1979 07:00:00   ;     0,0000
01.09.1979 07:00:00   ;     0,0000
02.09.1979 07:00:00   ;     0,0000
03.09.1979 07:00:00   ;     0,0000
04.09.1979 07:00:00   ;     0,0000
05.09.1979 07:00:00   ;     0,0000
06.09.1979 07:00:00   ;     0,0000
07.09.1979 07:00:00   ;     0,0000
08.09.1979 07:00:00   ;     0,0000
09.09.1979 07:00:00   ;     0,0000
10.09.1979 07:00:00   ;     0,0000
11.09.1979 07:00:00   ;     0,0000
12.09.1979 07:00:00   ;     0,0000
13.09.1979 07:00:00   ;     0,0000
14.09.1979 07:00:00   ;     0,0000
15.09.1979 07:00:00   ;     0,0000
16.09.1979 07:00:00   ;     0,0000
17.09.1979 07:00:00   ;     0,0000
18.09.1979 07:00:00   ;     0,0000
19.09.1979 07:00:00   ;     0,0000
20.09.1979 07:00:00   ;     0,0000
21.09.1979 07:00:00   ;     0,0000
22.09.1979 07:00:00   ;     0,0000
23.09.1979 07:00:00   ;     0,0000
24.09.1979 07:00:00   ;     0,0000
25.09.1979 07:00:00   ;     0,0000
26.09.1979 07:00:00   ;     0,0000
27.09.1979 07:00:00   ;     0,0000
28.09.1979 07:00:00   ;     0,0000
29.09.1979 07:00:00   ;     0,0000
30.09.1979 07:00:00   ;     0,0000
01.10.1979 07:00:00   ;     0,0000
02.10.1979 07:00:00   ;     0,0000
03.10.1979 07:00:00   ;     0,0000
04.10.1979 07:00:00   ;     0,0000
05.10.1979 07:00:00   ;     0,0000
06.10.1979 07:00:00   ;     0,0000
07.10.1979 07:00:00   ;     0,0000
08.10.1979 07:00:00   ;     0,0000
09.10.1979 07:00:00   ;     0,0000
10.10.1979 07:00:00   ;     0,0000
11.10.1979 07:00:00   ;     0,0000
12.10.1979 07:00:00   ;     0,0000
13.10.1979 07:00:00   ;     0,0000
14.10.1979 07:00:00   ;     0,0000
15.10.1979 07:00:00   ;     0,0000
16.10.1979 07:00:00   ;     0,0000
17.10.1979 07:00:00   ;     0,0000
18.10.1979 07:00:00   ;     0,0000
19.10.1979 07:00:00   ;     0,0000
20.10.1979 07:00:00   ;     0,0000
21.10.1979 07:00:00   ;     0,0000
22.10.1979 07:00:00   ;     0,0000
23.10.1979 07:00:00   ;     0,0000
24.10.1979 07:00:00   ;     0,0000
25.10.1979 07:00:00   ;     0,0000
26.10.1979 07:00:00   ;     0,0000
27.10.1979 07:00:00   ;     0,0000
28.10.1979 07:00:00   ;     0,0000
29.10.1979 07:00:00   ;     0,0000
30.10.1979 07:00:00   ;     0,0000
31.10.1979 07:00:00   ;     0,0000
01.11.1979 07:00:00   ;     0,0000
02.11.1979 07:00:00   ;     0,0000
03.11.1979 07:00:00   ;     0,0000
04.11.1979 07:00:00   ;     0,0000
05.11.1979 07:00:00   ;     0,0000
06.11.1979 07:00:00   ;     2,0000
07.11.1979 07:00:00   ;     0,0000
08.11.1979 07:00:00   ;     0,0000
09.11.1979 07:00:00   ;     0,0000
10.11.1979 07:00:00   ;     0,0000
11.11.1979 07:00:00   ;    50,0000
12.11.1979 07:00:00   ;    67,0000
13.11.1979 07:00:00   ;    60,0000
14.11.1979 07:00:00   ;    57,0000
15.11.1979 07:00:00   ;    50,0000
16.11.1979 07:00:00   ;    45,0000
17.11.1979 07:00:00   ;    65,0000
18.11.1979 07:00:00   ;    59,0000
19.11.1979 07:00:00   ;    52,0000
20.11.1979 07:00:00   ;    65,0000
21.11.1979 07:00:00   ;    60,0000
22.11.1979 07:00:00   ;    60,0000
23.11.1979 07:00:00   ;    58,0000
24.11.1979 07:00:00   ;    56,0000
25.11.1979 07:00:00   ;    54,0000
26.11.1979 07:00:00   ;    54,0000
27.11.1979 07:00:00   ;    53,0000
28.11.1979 07:00:00   ;    52,0000
29.11.1979 07:00:00   ;    52,0000
30.11.1979 07:00:00   ;    52,0000
01.12.1979 07:00:00   ;    52,0000
02.12.1979 07:00:00   ;    51,0000
03.12.1979 07:00:00   ;    50,0000
04.12.1979 07:00:00   ;    49,0000
05.12.1979 07:00:00   ;    47,0000
06.12.1979 07:00:00   ;    47,0000
07.12.1979 07:00:00   ;    46,0000
08.12.1979 07:00:00   ;    45,0000
09.12.1979 07:00:00   ;    40,0000
10.12.1979 07:00:00   ;    40,0000
11.12.1979 07:00:00   ;    40,0000
12.12.1979 07:00:00   ;    35,0000
13.12.1979 07:00:00   ;    32,0000
14.12.1979 07:00:00   ;    32,0000
15.12.1979 07:00:00   ;    42,0000
16.12.1979 07:00:00   ;    55,0000
17.12.1979 07:00:00   ;    55,0000
18.12.1979 07:00:00   ;    55,0000
19.12.1979 07:00:00   ;    57,0000
20.12.1979 07:00:00   ;    52,0000
21.12.1979 07:00:00   ;    65,0000
22.12.1979 07:00:00   ;    75,0000
23.12.1979 07:00:00   ;    70,0000
24.12.1979 07:00:00   ;    68,0000
25.12.1979 07:00:00   ;    67,0000
26.12.1979 07:00:00   ;    67,0000
27.12.1979 07:00:00   ;    67,0000
28.12.1979 07:00:00   ;    65,0000
29.12.1979 07:00:00   ;    75,0000
30.12.1979 07:00:00   ;    74,0000
31.12.1979 07:00:00   ;    74,0000
01.01.1980 07:00:00   ;    74,0000
02.01.1980 07:00:00   ;    74,0000
03.01.1980 07:00:00   ;    73,0000
04.01.1980 07:00:00   ;    73,0000
05.01.1980 07:00:00   ;    70,0000
06.01.1980 07:00:00   ;    80,0000
07.01.1980 07:00:00   ;    80,0000
08.01.1980 07:00:00   ;    79,0000
09.01.1980 07:00:00   ;    78,0000
10.01.1980 07:00:00   ;    78,0000
11.01.1980 07:00:00   ;    78,0000
12.01.1980 07:00:00   ;    81,0000
13.01.1980 07:00:00   ;    81,0000
14.01.1980 07:00:00   ;    81,0000
15.01.1980 07:00:00   ;    81,0000
16.01.1980 07:00:00   ;    90,0000
17.01.1980 07:00:00   ;   103,0000
18.01.1980 07:00:00   ;   102,0000
19.01.1980 07:00:00   ;   102,0000
20.01.1980 07:00:00   ;    98,0000
21.01.1980 07:00:00   ;    98,0000
22.01.1980 07:00:00   ;    97,0000
23.01.1980 07:00:00   ;    97,0000
24.01.1980 07:00:00   ;   100,0000
25.01.1980 07:00:00   ;    98,0000
26.01.1980 07:00:00   ;    96,0000
27.01.1980 07:00:00   ;    95,0000
28.01.1980 07:00:00   ;    95,0000
29.01.1980 07:00:00   ;    95,0000
30.01.1980 07:00:00   ;    95,0000
31.01.1980 07:00:00   ;    90,0000
01.02.1980 07:00:00   ;    84,0000
02.02.1980 07:00:00   ;    84,0000
03.02.1980 07:00:00   ;    84,0000
04.02.1980 07:00:00   ;    83,0000
05.02.1980 07:00:00   ;    82,0000
06.02.1980 07:00:00   ;    82,0000
07.02.1980 07:00:00   ;    82,0000
08.02.1980 07:00:00   ;    81,0000
09.02.1980 07:00:00   ;    81,0000
10.02.1980 07:00:00   ;    81,0000
11.02.1980 07:00:00   ;    80,0000
12.02.1980 07:00:00   ;    80,0000
13.02.1980 07:00:00   ;    80,0000
14.02.1980 07:00:00   ;    80,0000
15.02.1980 07:00:00   ;    80,0000
16.02.1980 07:00:00   ;    78,0000
17.02.1980 07:00:00   ;    78,0000
18.02.1980 07:00:00   ;    78,0000
19.02.1980 07:00:00   ;    78,0000
20.02.1980 07:00:00   ;    80,0000
21.02.1980 07:00:00   ;    79,0000
22.02.1980 07:00:00   ;    79,0000
23.02.1980 07:00:00   ;    79,0000
24.02.1980 07:00:00   ;    79,0000
25.02.1980 07:00:00   ;    79,0000
26.02.1980 07:00:00   ;    79,0000
27.02.1980 07:00:00   ;    78,0000
28.02.1980 07:00:00   ;    78,0000
29.02.1980 07:00:00   ;    78,0000
01.03.1980 07:00:00   ;    78,0000
02.03.1980 07:00:00   ;    76,0000
03.03.1980 07:00:00   ;    75,0000
04.03.1980 07:00:00   ;    75,0000
05.03.1980 07:00:00   ;    73,0000
06.03.1980 07:00:00   ;    72,0000
07.03.1980 07:00:00   ;    72,0000
08.03.1980 07:00:00   ;    84,0000
09.03.1980 07:00:00   ;    80,0000
10.03.1980 07:00:00   ;    79,0000
11.03.1980 07:00:00   ;    79,0000
12.03.1980 07:00:00   ;    78,0000
13.03.1980 07:00:00   ;    78,0000
14.03.1980 07:00:00   ;    77,0000
15.03.1980 07:00:00   ;    76,0000
16.03.1980 07:00:00   ;    95,0000
17.03.1980 07:00:00   ;    95,0000
18.03.1980 07:00:00   ;    87,0000
19.03.1980 07:00:00   ;    86,0000
20.03.1980 07:00:00   ;    86,0000
21.03.1980 07:00:00   ;    83,0000
22.03.1980 07:00:00   ;    80,0000
23.03.1980 07:00:00   ;    80,0000
24.03.1980 07:00:00   ;    90,0000
25.03.1980 07:00:00   ;    85,0000
26.03.1980 07:00:00   ;    84,0000
27.03.1980 07:00:00   ;    80,0000
28.03.1980 07:00:00   ;    75,0000
29.03.1980 07:00:00   ;    73,0000
30.03.1980 07:00:00   ;    70,0000
31.03.1980 07:00:00   ;    67,0000
01.04.1980 07:00:00   ;    60,0000
02.04.1980 07:00:00   ;    57,0000
03.04.1980 07:00:00   ;    55,0000
04.04.1980 07:00:00   ;    49,0000
05.04.1980 07:00:00   ;    49,0000
06.04.1980 07:00:00   ;    49,0000
07.04.1980 07:00:00   ;    48,0000
08.04.1980 07:00:00   ;    44,0000
09.04.1980 07:00:00   ;    43,0000
10.04.1980 07:00:00   ;    42,0000
11.04.1980 07:00:00   ;    41,0000
12.04.1980 07:00:00   ;    41,0000
13.04.1980 07:00:00   ;    40,0000
14.04.1980 07:00:00   ;    35,0000
15.04.1980 07:00:00   ;    30,0000
16.04.1980 07:00:00   ;    20,0000
17.04.1980 07:00:00   ;    12,0000
18.04.1980 07:00:00   ;    10,0000
19.04.1980 07:00:00   ;     0,0000
20.04.1980 07:00:00   ;    13,0000
21.04.1980 07:00:00   ;    13,0000
22.04.1980 07:00:00   ;    10,0000
23.04.1980 07:00:00   ;     7,0000
24.04.1980 07:00:00   ;     0,0000
25.04.1980 07:00:00   ;     0,0000
26.04.1980 07:00:00   ;     0,0000
27.04.1980 07:00:00   ;     0,0000
28.04.1980 07:00:00   ;    31,0000
29.04.1980 07:00:00   ;    31,0000
30.04.1980 07:00:00   ;    20,0000
01.05.1980 07:00:00   ;     0,0000
02.05.1980 07:00:00   ;     0,0000
03.05.1980 07:00:00   ;     0,0000
04.05.1980 07:00:00   ;     0,0000
05.05.1980 07:00:00   ;     0,0000
06.05.1980 07:00:00   ;     0,0000
07.05.1980 07:00:00   ;     0,0000
08.05.1980 07:00:00   ;     0,0000
09.05.1980 07:00:00   ;     0,0000
10.05.1980 07:00:00   ;     0,0000
11.05.1980 07:00:00   ;     0,0000
12.05.1980 07:00:00   ;     0,0000
13.05.1980 07:00:00   ;     0,0000
14.05.1980 07:00:00   ;     0,0000
15.05.1980 07:00:00   ;     0,0000
16.05.1980 07:00:00   ;     0,0000
17.05.1980 07:00:00   ;     0,0000
18.05.1980 07:00:00   ;     0,0000
19.05.1980 07:00:00   ;     0,0000
20.05.1980 07:00:00   ;     0,0000
21.05.1980 07:00:00   ;     0,0000
22.05.1980 07:00:00   ;     0,0000
23.05.1980 07:00:00   ;     0,0000
24.05.1980 07:00:00   ;     0,0000
25.05.1980 07:00:00   ;     0,0000
26.05.1980 07:00:00   ;     0,0000
27.05.1980 07:00:00   ;     0,0000
28.05.1980 07:00:00   ;     0,0000
29.05.1980 07:00:00   ;     0,0000
30.05.1980 07:00:00   ;     0,0000
31.05.1980 07:00:00   ;     0,0000
01.06.1980 07:00:00   ;     0,0000
02.06.1980 07:00:00   ;     0,0000
03.06.1980 07:00:00   ;     0,0000
04.06.1980 07:00:00   ;     0,0000
05.06.1980 07:00:00   ;     0,0000
06.06.1980 07:00:00   ;     0,0000
07.06.1980 07:00:00   ;     0,0000
08.06.1980 07:00:00   ;     0,0000
09.06.1980 07:00:00   ;     0,0000
10.06.1980 07:00:00   ;     0,0000
11.06.1980 07:00:00   ;     0,0000
12.06.1980 07:00:00   ;     0,0000
13.06.1980 07:00:00   ;     0,0000
14.06.1980 07:00:00   ;     0,0000
15.06.1980 07:00:00   ;     0,0000
16.06.1980 07:00:00   ;     0,0000
17.06.1980 07:00:00   ;     0,0000
18.06.1980 07:00:00   ;     0,0000
19.06.1980 07:00:00   ;     0,0000
20.06.1980 07:00:00   ;     0,0000
21.06.1980 07:00:00   ;     0,0000
22.06.1980 07:00:00   ;     0,0000
23.06.1980 07:00:00   ;     0,0000
24.06.1980 07:00:00   ;     0,0000
25.06.1980 07:00:00   ;     0,0000
26.06.1980 07:00:00   ;     0,0000
27.06.1980 07:00:00   ;     0,0000
28.06.1980 07:00:00   ;     0,0000
29.06.1980 07:00:00   ;     0,0000
30.06.1980 07:00:00   ;     0,0000
01.07.1980 07:00:00   ;     0,0000
02.07.1980 07:00:00   ;     0,0000
03.07.1980 07:00:00   ;     0,0000
04.07.1980 07:00:00   ;     0,0000
05.07.1980 07:00:00   ;     0,0000
06.07.1980 07:00:00   ;     0,0000
07.07.1980 07:00:00   ;     0,0000
08.07.1980 07:00:00   ;     0,0000
09.07.1980 07:00:00   ;     0,0000
10.07.1980 07:00:00   ;     0,0000
11.07.1980 07:00:00   ;     0,0000
12.07.1980 07:00:00   ;     0,0000
13.07.1980 07:00:00   ;     0,0000
14.07.1980 07:00:00   ;     0,0000
15.07.1980 07:00:00   ;     0,0000
16.07.1980 07:00:00   ;     0,0000
17.07.1980 07:00:00   ;     0,0000
18.07.1980 07:00:00   ;     0,0000
19.07.1980 07:00:00   ;     0,0000
20.07.1980 07:00:00   ;     0,0000
21.07.1980 07:00:00   ;     0,0000
22.07.1980 07:00:00   ;     0,0000
23.07.1980 07:00:00   ;     0,0000
24.07.1980 07:00:00   ;     0,0000
25.07.1980 07:00:00   ;     0,0000
26.07.1980 07:00:00   ;     0,0000
27.07.1980 07:00:00   ;     0,0000
28.07.1980 07:00:00   ;     0,0000
29.07.1980 07:00:00   ;     0,0000
30.07.1980 07:00:00   ;     0,0000
31.07.1980 07:00:00   ;     0,0000
01.08.1980 07:00:00   ;     0,0000
02.08.1980 07:00:00   ;     0,0000
03.08.1980 07:00:00   ;     0,0000
04.08.1980 07:00:00   ;     0,0000
05.08.1980 07:00:00   ;     0,0000
06.08.1980 07:00:00   ;     0,0000
07.08.1980 07:00:00   ;     0,0000
08.08.1980 07:00:00   ;     0,0000
09.08.1980 07:00:00   ;     0,0000
10.08.1980 07:00:00   ;     0,0000
11.08.1980 07:00:00   ;     0,0000
12.08.1980 07:00:00   ;     0,0000
13.08.1980 07:00:00   ;     0,0000
14.08.1980 07:00:00   ;     0,0000
15.08.1980 07:00:00   ;     0,0000
16.08.1980 07:00:00   ;     0,0000
17.08.1980 07:00:00   ;     0,0000
18.08.1980 07:00:00   ;     0,0000
19.08.1980 07:00:00   ;     0,0000
20.08.1980 07:00:00   ;     0,0000
21.08.1980 07:00:00   ;     0,0000
22.08.1980 07:00:00   ;     0,0000
23.08.1980 07:00:00   ;     0,0000
24.08.1980 07:00:00   ;     0,0000
25.08.1980 07:00:00   ;     0,0000
26.08.1980 07:00:00   ;     0,0000
27.08.1980 07:00:00   ;     0,0000
28.08.1980 07:00:00   ;     0,0000
29.08.1980 07:00:00   ;     0,0000
30.08.1980 07:00:00   ;     0,0000
31.08.1980 07:00:00   ;     0,0000
01.09.1980 07:00:00   ;     0,0000
02.09.1980 07:00:00   ;     0,0000
03.09.1980 07:00:00   ;     0,0000
04.09.1980 07:00:00   ;     0,0000
05.09.1980 07:00:00   ;     0,0000
06.09.1980 07:00:00   ;     0,0000
07.09.1980 07:00:00   ;     0,0000
08.09.1980 07:00:00   ;     0,0000
09.09.1980 07:00:00   ;     0,0000
10.09.1980 07:00:00   ;     0,0000
11.09.1980 07:00:00   ;     0,0000
12.09.1980 07:00:00   ;     0,0000
13.09.1980 07:00:00   ;     0,0000
14.09.1980 07:00:00   ;     0,0000
15.09.1980 07:00:00   ;     0,0000
16.09.1980 07:00:00   ;     0,0000
17.09.1980 07:00:00   ;     0,0000
18.09.1980 07:00:00   ;     0,0000
19.09.1980 07:00:00   ;     0,0000
20.09.1980 07:00:00   ;     0,0000
21.09.1980 07:00:00   ;     0,0000
22.09.1980 07:00:00   ;     0,0000
23.09.1980 07:00:00   ;     0,0000
24.09.1980 07:00:00   ;     0,0000
25.09.1980 07:00:00   ;     0,0000
26.09.1980 07:00:00   ;     0,0000
27.09.1980 07:00:00   ;     0,0000
28.09.1980 07:00:00   ;     0,0000
29.09.1980 07:00:00   ;     0,0000
30.09.1980 07:00:00   ;     0,0000
01.10.1980 07:00:00   ;     0,0000
02.10.1980 07:00:00   ;     0,0000
03.10.1980 07:00:00   ;     0,0000
04.10.1980 07:00:00   ;     0,0000
05.10.1980 07:00:00   ;     0,0000
06.10.1980 07:00:00   ;     0,0000
07.10.1980 07:00:00   ;     0,0000
08.10.1980 07:00:00   ;     0,0000
09.10.1980 07:00:00   ;    10,0000
10.10.1980 07:00:00   ;    11,0000
11.10.1980 07:00:00   ;     9,0000
12.10.1980 07:00:00   ;     7,0000
13.10.1980 07:00:00   ;     0,0000
14.10.1980 07:00:00   ;     0,0000
15.10.1980 07:00:00   ;     0,0000
16.10.1980 07:00:00   ;     0,0000
17.10.1980 07:00:00   ;     0,0000
18.10.1980 07:00:00   ;     0,0000
19.10.1980 07:00:00   ;     0,0000
20.10.1980 07:00:00   ;     0,0000
21.10.1980 07:00:00   ;     0,0000
22.10.1980 07:00:00   ;     0,0000
23.10.1980 07:00:00   ;     0,0000
24.10.1980 07:00:00   ;     0,0000
25.10.1980 07:00:00   ;     0,0000
26.10.1980 07:00:00   ;     0,0000
27.10.1980 07:00:00   ;     0,0000
28.10.1980 07:00:00   ;     0,0000
29.10.1980 07:00:00   ;     0,0000
30.10.1980 07:00:00   ;     0,0000
31.10.1980 07:00:00   ;     0,0000
01.11.1980 07:00:00   ;     0,0000
02.11.1980 07:00:00   ;     0,0000
03.11.1980 07:00:00   ;    19,0000
04.11.1980 07:00:00   ;    28,0000
05.11.1980 07:00:00   ;    52,0000
06.11.1980 07:00:00   ;    49,0000
07.11.1980 07:00:00   ;    46,0000
08.11.1980 07:00:00   ;    43,0000
09.11.1980 07:00:00   ;    40,0000
10.11.1980 07:00:00   ;    39,0000
11.11.1980 07:00:00   ;    39,0000
12.11.1980 07:00:00   ;    37,0000
13.11.1980 07:00:00   ;    72,0000
14.11.1980 07:00:00   ;    68,0000
15.11.1980 07:00:00   ;    63,0000
16.11.1980 07:00:00   ;    61,0000
17.11.1980 07:00:00   ;    55,0000
18.11.1980 07:00:00   ;    47,0000
19.11.1980 07:00:00   ;    43,0000
20.11.1980 07:00:00   ;    40,0000
21.11.1980 07:00:00   ;    40,0000
22.11.1980 07:00:00   ;    40,0000
23.11.1980 07:00:00   ;    39,0000
24.11.1980 07:00:00   ;    39,0000
25.11.1980 07:00:00   ;    37,0000
26.11.1980 07:00:00   ;    35,0000
27.11.1980 07:00:00   ;    44,0000
28.11.1980 07:00:00   ;    73,0000
29.11.1980 07:00:00   ;    66,0000
30.11.1980 07:00:00   ;    66,0000
01.12.1980 07:00:00   ;    95,0000
02.12.1980 07:00:00   ;    95,0000
03.12.1980 07:00:00   ;    90,0000
04.12.1980 07:00:00   ;    87,0000
05.12.1980 07:00:00   ;    85,0000
06.12.1980 07:00:00   ;    79,0000
07.12.1980 07:00:00   ;    75,0000
08.12.1980 07:00:00   ;    65,0000
09.12.1980 07:00:00   ;    64,0000
10.12.1980 07:00:00   ;    63,0000
11.12.1980 07:00:00   ;    62,0000
12.12.1980 07:00:00   ;    62,0000
13.12.1980 07:00:00   ;    60,0000
14.12.1980 07:00:00   ;    60,0000
15.12.1980 07:00:00   ;    60,0000
16.12.1980 07:00:00   ;    80,0000
17.12.1980 07:00:00   ;    80,0000
18.12.1980 07:00:00   ;    78,0000
19.12.1980 07:00:00   ;   110,0000
20.12.1980 07:00:00   ;   130,0000
21.12.1980 07:00:00   ;   125,0000
22.12.1980 07:00:00   ;   120,0000
23.12.1980 07:00:00   ;   119,0000
24.12.1980 07:00:00   ;   116,0000
25.12.1980 07:00:00   ;   110,0000
26.12.1980 07:00:00   ;   110,0000
27.12.1980 07:00:00   ;   119,0000
28.12.1980 07:00:00   ;   115,0000
29.12.1980 07:00:00   ;   113,0000
30.12.1980 07:00:00   ;   107,0000
31.12.1980 07:00:00   ;   105,0000
01.01.1981 07:00:00   ;   101,0000
02.01.1981 07:00:00   ;   100,0000
03.01.1981 07:00:00   ;    98,0000
04.01.1981 07:00:00   ;    98,0000
05.01.1981 07:00:00   ;   101,0000
06.01.1981 07:00:00   ;   100,0000
07.01.1981 07:00:00   ;    97,0000
08.01.1981 07:00:00   ;    97,0000
09.01.1981 07:00:00   ;    96,0000
10.01.1981 07:00:00   ;    96,0000
11.01.1981 07:00:00   ;    93,0000
12.01.1981 07:00:00   ;    93,0000
13.01.1981 07:00:00   ;    96,0000
14.01.1981 07:00:00   ;   104,0000
15.01.1981 07:00:00   ;   103,0000
16.01.1981 07:00:00   ;   102,0000
17.01.1981 07:00:00   ;   100,0000
18.01.1981 07:00:00   ;   100,0000
19.01.1981 07:00:00   ;   100,0000
20.01.1981 07:00:00   ;   100,0000
21.01.1981 07:00:00   ;   100,0000
22.01.1981 07:00:00   ;   100,0000
23.01.1981 07:00:00   ;   100,0000
24.01.1981 07:00:00   ;    98,0000
25.01.1981 07:00:00   ;    98,0000
26.01.1981 07:00:00   ;    96,0000
27.01.1981 07:00:00   ;    96,0000
28.01.1981 07:00:00   ;    96,0000
29.01.1981 07:00:00   ;    96,0000
30.01.1981 07:00:00   ;    96,0000
31.01.1981 07:00:00   ;    96,0000
01.02.1981 07:00:00   ;    96,0000
02.02.1981 07:00:00   ;    96,0000
03.02.1981 07:00:00   ;    96,0000
04.02.1981 07:00:00   ;    96,0000
05.02.1981 07:00:00   ;   103,0000
06.02.1981 07:00:00   ;   103,0000
07.02.1981 07:00:00   ;   103,0000
08.02.1981 07:00:00   ;   102,0000
09.02.1981 07:00:00   ;   100,0000
10.02.1981 07:00:00   ;    99,0000
11.02.1981 07:00:00   ;   108,0000
12.02.1981 07:00:00   ;   108,0000
13.02.1981 07:00:00   ;   107,0000
14.02.1981 07:00:00   ;   107,0000
15.02.1981 07:00:00   ;   106,0000
16.02.1981 07:00:00   ;   105,0000
17.02.1981 07:00:00   ;   104,0000
18.02.1981 07:00:00   ;   103,0000
19.02.1981 07:00:00   ;   104,0000
20.02.1981 07:00:00   ;   104,0000
21.02.1981 07:00:00   ;   104,0000
22.02.1981 07:00:00   ;   105,0000
23.02.1981 07:00:00   ;   105,0000
24.02.1981 07:00:00   ;   129,0000
25.02.1981 07:00:00   ;   129,0000
26.02.1981 07:00:00   ;   136,0000
27.02.1981 07:00:00   ;   136,0000
28.02.1981 07:00:00   ;   136,0000
01.03.1981 07:00:00   ;   136,0000
02.03.1981 07:00:00   ;   134,0000
03.03.1981 07:00:00   ;   131,0000
04.03.1981 07:00:00   ;   140,0000
05.03.1981 07:00:00   ;   129,0000
06.03.1981 07:00:00   ;   124,0000
07.03.1981 07:00:00   ;   120,0000
08.03.1981 07:00:00   ;   118,0000
09.03.1981 07:00:00   ;   115,0000
10.03.1981 07:00:00   ;   109,0000
11.03.1981 07:00:00   ;   105,0000
12.03.1981 07:00:00   ;    97,0000
13.03.1981 07:00:00   ;    86,0000
14.03.1981 07:00:00   ;    84,0000
15.03.1981 07:00:00   ;    82,0000
16.03.1981 07:00:00   ;    80,0000
17.03.1981 07:00:00   ;    80,0000
18.03.1981 07:00:00   ;    86,0000
19.03.1981 07:00:00   ;    93,0000
20.03.1981 07:00:00   ;    87,0000
21.03.1981 07:00:00   ;    80,0000
22.03.1981 07:00:00   ;    78,0000
23.03.1981 07:00:00   ;    77,0000
24.03.1981 07:00:00   ;    75,0000
25.03.1981 07:00:00   ;    69,0000
26.03.1981 07:00:00   ;    65,0000
27.03.1981 07:00:00   ;    58,0000
28.03.1981 07:00:00   ;    55,0000
29.03.1981 07:00:00   ;    51,0000
30.03.1981 07:00:00   ;    48,0000
31.03.1981 07:00:00   ;    45,0000
01.04.1981 07:00:00   ;    35,0000
02.04.1981 07:00:00   ;    29,0000
03.04.1981 07:00:00   ;    25,0000
04.04.1981 07:00:00   ;    20,0000
05.04.1981 07:00:00   ;    18,0000
06.04.1981 07:00:00   ;    15,0000
07.04.1981 07:00:00   ;    10,0000
08.04.1981 07:00:00   ;     8,0000
09.04.1981 07:00:00   ;     5,0000
10.04.1981 07:00:00   ;     0,0000
11.04.1981 07:00:00   ;     0,0000
12.04.1981 07:00:00   ;     0,0000
13.04.1981 07:00:00   ;     0,0000
14.04.1981 07:00:00   ;     0,0000
15.04.1981 07:00:00   ;     0,0000
16.04.1981 07:00:00   ;     0,0000
17.04.1981 07:00:00   ;     0,0000
18.04.1981 07:00:00   ;     2,0000
19.04.1981 07:00:00   ;     0,0000
20.04.1981 07:00:00   ;     0,0000
21.04.1981 07:00:00   ;     0,0000
22.04.1981 07:00:00   ;     0,0000
23.04.1981 07:00:00   ;     0,0000
24.04.1981 07:00:00   ;     0,0000
25.04.1981 07:00:00   ;     0,0000
26.04.1981 07:00:00   ;     2,0000
27.04.1981 07:00:00   ;     0,0000
28.04.1981 07:00:00   ;     0,0000
29.04.1981 07:00:00   ;     6,0000
30.04.1981 07:00:00   ;     2,0000
01.05.1981 07:00:00   ;     0,0000
02.05.1981 07:00:00   ;     0,0000
03.05.1981 07:00:00   ;     0,0000
04.05.1981 07:00:00   ;     4,0000
05.05.1981 07:00:00   ;     8,0000
06.05.1981 07:00:00   ;     2,0000
07.05.1981 07:00:00   ;     0,0000
08.05.1981 07:00:00   ;     0,0000
09.05.1981 07:00:00   ;     0,0000
10.05.1981 07:00:00   ;     0,0000
11.05.1981 07:00:00   ;     0,0000
12.05.1981 07:00:00   ;     0,0000
13.05.1981 07:00:00   ;     0,0000
14.05.1981 07:00:00   ;     0,0000
15.05.1981 07:00:00   ;     0,0000
16.05.1981 07:00:00   ;     0,0000
17.05.1981 07:00:00   ;     0,0000
18.05.1981 07:00:00   ;     0,0000
19.05.1981 07:00:00   ;     0,0000
20.05.1981 07:00:00   ;     0,0000
21.05.1981 07:00:00   ;     0,0000
22.05.1981 07:00:00   ;     0,0000
23.05.1981 07:00:00   ;     0,0000
24.05.1981 07:00:00   ;     0,0000
25.05.1981 07:00:00   ;     0,0000
26.05.1981 07:00:00   ;     0,0000
27.05.1981 07:00:00   ;     0,0000
28.05.1981 07:00:00   ;     0,0000
29.05.1981 07:00:00   ;     0,0000
30.05.1981 07:00:00   ;     0,0000
31.05.1981 07:00:00   ;     0,0000
01.06.1981 07:00:00   ;     0,0000
02.06.1981 07:00:00   ;     0,0000
03.06.1981 07:00:00   ;     0,0000
04.06.1981 07:00:00   ;     0,0000
05.06.1981 07:00:00   ;     0,0000
06.06.1981 07:00:00   ;     0,0000
07.06.1981 07:00:00   ;     0,0000
08.06.1981 07:00:00   ;     0,0000
09.06.1981 07:00:00   ;     0,0000
10.06.1981 07:00:00   ;     0,0000
11.06.1981 07:00:00   ;     0,0000
12.06.1981 07:00:00   ;     0,0000
13.06.1981 07:00:00   ;     0,0000
14.06.1981 07:00:00   ;     0,0000
15.06.1981 07:00:00   ;     0,0000
16.06.1981 07:00:00   ;     0,0000
17.06.1981 07:00:00   ;     0,0000
18.06.1981 07:00:00   ;     0,0000
19.06.1981 07:00:00   ;     0,0000
20.06.1981 07:00:00   ;     0,0000
21.06.1981 07:00:00   ;     0,0000
22.06.1981 07:00:00   ;     0,0000
23.06.1981 07:00:00   ;     0,0000
24.06.1981 07:00:00   ;     0,0000
25.06.1981 07:00:00   ;     0,0000
26.06.1981 07:00:00   ;     0,0000
27.06.1981 07:00:00   ;     0,0000
28.06.1981 07:00:00   ;     0,0000
29.06.1981 07:00:00   ;     0,0000
30.06.1981 07:00:00   ;     0,0000
01.07.1981 07:00:00   ;     0,0000
02.07.1981 07:00:00   ;     0,0000
03.07.1981 07:00:00   ;     0,0000
04.07.1981 07:00:00   ;     0,0000
05.07.1981 07:00:00   ;     0,0000
06.07.1981 07:00:00   ;     0,0000
07.07.1981 07:00:00   ;     0,0000
08.07.1981 07:00:00   ;     0,0000
09.07.1981 07:00:00   ;     0,0000
10.07.1981 07:00:00   ;     0,0000
11.07.1981 07:00:00   ;     0,0000
12.07.1981 07:00:00   ;     0,0000
13.07.1981 07:00:00   ;     0,0000
14.07.1981 07:00:00   ;     0,0000
15.07.1981 07:00:00   ;     0,0000
16.07.1981 07:00:00   ;     0,0000
17.07.1981 07:00:00   ;     0,0000
18.07.1981 07:00:00   ;     0,0000
19.07.1981 07:00:00   ;     0,0000
20.07.1981 07:00:00   ;     0,0000
21.07.1981 07:00:00   ;     0,0000
22.07.1981 07:00:00   ;     0,0000
23.07.1981 07:00:00   ;     0,0000
24.07.1981 07:00:00   ;     0,0000
25.07.1981 07:00:00   ;     0,0000
26.07.1981 07:00:00   ;     0,0000
27.07.1981 07:00:00   ;     0,0000
28.07.1981 07:00:00   ;     0,0000
29.07.1981 07:00:00   ;     0,0000
30.07.1981 07:00:00   ;     0,0000
31.07.1981 07:00:00   ;     0,0000
01.08.1981 07:00:00   ;     0,0000
02.08.1981 07:00:00   ;     0,0000
03.08.1981 07:00:00   ;     0,0000
04.08.1981 07:00:00   ;     0,0000
05.08.1981 07:00:00   ;     0,0000
06.08.1981 07:00:00   ;     0,0000
07.08.1981 07:00:00   ;     0,0000
08.08.1981 07:00:00   ;     0,0000
09.08.1981 07:00:00   ;     0,0000
10.08.1981 07:00:00   ;     0,0000
11.08.1981 07:00:00   ;     0,0000
12.08.1981 07:00:00   ;     0,0000
13.08.1981 07:00:00   ;     0,0000
14.08.1981 07:00:00   ;     0,0000
15.08.1981 07:00:00   ;     0,0000
16.08.1981 07:00:00   ;     0,0000
17.08.1981 07:00:00   ;     0,0000
18.08.1981 07:00:00   ;     0,0000
19.08.1981 07:00:00   ;     0,0000
20.08.1981 07:00:00   ;     0,0000
21.08.1981 07:00:00   ;     0,0000
22.08.1981 07:00:00   ;     0,0000
23.08.1981 07:00:00   ;     0,0000
24.08.1981 07:00:00   ;     0,0000
25.08.1981 07:00:00   ;     0,0000
26.08.1981 07:00:00   ;     0,0000
27.08.1981 07:00:00   ;     0,0000
28.08.1981 07:00:00   ;     0,0000
29.08.1981 07:00:00   ;     0,0000
30.08.1981 07:00:00   ;     0,0000
31.08.1981 07:00:00   ;     0,0000
01.09.1981 07:00:00   ;     0,0000
02.09.1981 07:00:00   ;     0,0000
03.09.1981 07:00:00   ;     0,0000
04.09.1981 07:00:00   ;     0,0000
05.09.1981 07:00:00   ;     0,0000
06.09.1981 07:00:00   ;     0,0000
07.09.1981 07:00:00   ;     0,0000
08.09.1981 07:00:00   ;     0,0000
09.09.1981 07:00:00   ;     0,0000
10.09.1981 07:00:00   ;     0,0000
11.09.1981 07:00:00   ;     0,0000
12.09.1981 07:00:00   ;     0,0000
13.09.1981 07:00:00   ;     0,0000
14.09.1981 07:00:00   ;     0,0000
15.09.1981 07:00:00   ;     0,0000
16.09.1981 07:00:00   ;     0,0000
17.09.1981 07:00:00   ;     0,0000
18.09.1981 07:00:00   ;     0,0000
19.09.1981 07:00:00   ;     0,0000
20.09.1981 07:00:00   ;     0,0000
21.09.1981 07:00:00   ;     0,0000
22.09.1981 07:00:00   ;     0,0000
23.09.1981 07:00:00   ;     0,0000
24.09.1981 07:00:00   ;     0,0000
25.09.1981 07:00:00   ;     0,0000
26.09.1981 07:00:00   ;     0,0000
27.09.1981 07:00:00   ;     0,0000
28.09.1981 07:00:00   ;     0,0000
29.09.1981 07:00:00   ;     0,0000
30.09.1981 07:00:00   ;     0,0000
01.10.1981 07:00:00   ;     0,0000
02.10.1981 07:00:00   ;     0,0000
03.10.1981 07:00:00   ;     0,0000
04.10.1981 07:00:00   ;     0,0000
05.10.1981 07:00:00   ;     0,0000
06.10.1981 07:00:00   ;     0,0000
07.10.1981 07:00:00   ;     0,0000
08.10.1981 07:00:00   ;     0,0000
09.10.1981 07:00:00   ;     0,0000
10.10.1981 07:00:00   ;     0,0000
11.10.1981 07:00:00   ;     0,0000
12.10.1981 07:00:00   ;     0,0000
13.10.1981 07:00:00   ;     0,0000
14.10.1981 07:00:00   ;     0,0000
15.10.1981 07:00:00   ;     0,0000
16.10.1981 07:00:00   ;     0,0000
17.10.1981 07:00:00   ;     0,0000
18.10.1981 07:00:00   ;     0,0000
19.10.1981 07:00:00   ;     0,0000
20.10.1981 07:00:00   ;     0,0000
21.10.1981 07:00:00   ;     0,0000
22.10.1981 07:00:00   ;     0,0000
23.10.1981 07:00:00   ;     0,0000
24.10.1981 07:00:00   ;     0,0000
25.10.1981 07:00:00   ;     0,0000
26.10.1981 07:00:00   ;     0,0000
27.10.1981 07:00:00   ;     0,0000
28.10.1981 07:00:00   ;     0,0000
29.10.1981 07:00:00   ;     0,0000
30.10.1981 07:00:00   ;     0,0000
31.10.1981 07:00:00   ;     0,0000
01.11.1981 07:00:00   ;     0,0000
02.11.1981 07:00:00   ;     0,0000
03.11.1981 07:00:00   ;     0,0000
04.11.1981 07:00:00   ;     0,0000
05.11.1981 07:00:00   ;     0,0000
06.11.1981 07:00:00   ;     0,0000
07.11.1981 07:00:00   ;     0,0000
08.11.1981 07:00:00   ;     2,0000
09.11.1981 07:00:00   ;     0,0000
10.11.1981 07:00:00   ;     0,0000
11.11.1981 07:00:00   ;     0,0000
12.11.1981 07:00:00   ;     0,0000
13.11.1981 07:00:00   ;     0,0000
14.11.1981 07:00:00   ;     0,0000
15.11.1981 07:00:00   ;     0,0000
16.11.1981 07:00:00   ;     0,0000
17.11.1981 07:00:00   ;     0,0000
18.11.1981 07:00:00   ;     0,0000
19.11.1981 07:00:00   ;     0,0000
20.11.1981 07:00:00   ;     0,0000
21.11.1981 07:00:00   ;     0,0000
22.11.1981 07:00:00   ;     0,0000
23.11.1981 07:00:00   ;     0,0000
24.11.1981 07:00:00   ;     0,0000
25.11.1981 07:00:00   ;     0,0000
26.11.1981 07:00:00   ;     0,0000
27.11.1981 07:00:00   ;     0,0000
28.11.1981 07:00:00   ;     0,0000
29.11.1981 07:00:00   ;     8,0000
30.11.1981 07:00:00   ;     8,0000
01.12.1981 07:00:00   ;     8,0000
02.12.1981 07:00:00   ;    14,0000
03.12.1981 07:00:00   ;    13,0000
04.12.1981 07:00:00   ;    13,0000
05.12.1981 07:00:00   ;    11,0000
06.12.1981 07:00:00   ;     9,0000
07.12.1981 07:00:00   ;    11,0000
08.12.1981 07:00:00   ;     8,0000
09.12.1981 07:00:00   ;     7,0000
10.12.1981 07:00:00   ;     6,0000
11.12.1981 07:00:00   ;     8,0000
12.12.1981 07:00:00   ;     7,0000
13.12.1981 07:00:00   ;    23,0000
14.12.1981 07:00:00   ;    18,0000
15.12.1981 07:00:00   ;    16,0000
16.12.1981 07:00:00   ;    13,0000
17.12.1981 07:00:00   ;    12,0000
18.12.1981 07:00:00   ;    12,0000
19.12.1981 07:00:00   ;    56,0000
20.12.1981 07:00:00   ;    55,0000
21.12.1981 07:00:00   ;    47,0000
22.12.1981 07:00:00   ;    46,0000
23.12.1981 07:00:00   ;    72,0000
24.12.1981 07:00:00   ;    70,0000
25.12.1981 07:00:00   ;    76,0000
26.12.1981 07:00:00   ;    76,0000
27.12.1981 07:00:00   ;    76,0000
28.12.1981 07:00:00   ;    76,0000
29.12.1981 07:00:00   ;    76,0000
30.12.1981 07:00:00   ;    67,0000
31.12.1981 07:00:00   ;    45,0000
01.01.1982 07:00:00   ;    39,0000
02.01.1982 07:00:00   ;    41,0000
03.01.1982 07:00:00   ;    40,0000
04.01.1982 07:00:00   ;    40,0000
05.01.1982 07:00:00   ;    40,0000
06.01.1982 07:00:00   ;    40,0000
07.01.1982 07:00:00   ;    40,0000
08.01.1982 07:00:00   ;    40,0000
09.01.1982 07:00:00   ;    40,0000
10.01.1982 07:00:00   ;    40,0000
11.01.1982 07:00:00   ;    40,0000
12.01.1982 07:00:00   ;    40,0000
13.01.1982 07:00:00   ;    43,0000
14.01.1982 07:00:00   ;    43,0000
15.01.1982 07:00:00   ;    43,0000
16.01.1982 07:00:00   ;    43,0000
17.01.1982 07:00:00   ;    43,0000
18.01.1982 07:00:00   ;    43,0000
19.01.1982 07:00:00   ;    43,0000
20.01.1982 07:00:00   ;    43,0000
21.01.1982 07:00:00   ;    43,0000
22.01.1982 07:00:00   ;    43,0000
23.01.1982 07:00:00   ;    43,0000
24.01.1982 07:00:00   ;    43,0000
25.01.1982 07:00:00   ;    45,0000
26.01.1982 07:00:00   ;    45,0000
27.01.1982 07:00:00   ;    45,0000
28.01.1982 07:00:00   ;    46,0000
29.01.1982 07:00:00   ;    45,0000
30.01.1982 07:00:00   ;    46,0000
31.01.1982 07:00:00   ;    45,0000
01.02.1982 07:00:00   ;    45,0000
02.02.1982 07:00:00   ;    45,0000
03.02.1982 07:00:00   ;    45,0000
04.02.1982 07:00:00   ;    45,0000
05.02.1982 07:00:00   ;    45,0000
06.02.1982 07:00:00   ;    45,0000
07.02.1982 07:00:00   ;    44,0000
08.02.1982 07:00:00   ;    44,0000
09.02.1982 07:00:00   ;    44,0000
10.02.1982 07:00:00   ;    44,0000
11.02.1982 07:00:00   ;    44,0000
12.02.1982 07:00:00   ;    44,0000
13.02.1982 07:00:00   ;    44,0000
14.02.1982 07:00:00   ;    44,0000
15.02.1982 07:00:00   ;    44,0000
16.02.1982 07:00:00   ;    45,0000
17.02.1982 07:00:00   ;    45,0000
18.02.1982 07:00:00   ;    45,0000
19.02.1982 07:00:00   ;    45,0000
20.02.1982 07:00:00   ;    49,0000
21.02.1982 07:00:00   ;    49,0000
22.02.1982 07:00:00   ;    49,0000
23.02.1982 07:00:00   ;    47,0000
24.02.1982 07:00:00   ;    47,0000
25.02.1982 07:00:00   ;    47,0000
26.02.1982 07:00:00   ;    86,0000
27.02.1982 07:00:00   ;    80,0000
28.02.1982 07:00:00   ;    76,0000
01.03.1982 07:00:00   ;    74,0000
02.03.1982 07:00:00   ;    72,0000
03.03.1982 07:00:00   ;    78,0000
04.03.1982 07:00:00   ;    74,0000
05.03.1982 07:00:00   ;    79,0000
06.03.1982 07:00:00   ;    76,0000
07.03.1982 07:00:00   ;    75,0000
08.03.1982 07:00:00   ;    82,0000
09.03.1982 07:00:00   ;    80,0000
10.03.1982 07:00:00   ;    78,0000
11.03.1982 07:00:00   ;    78,0000
12.03.1982 07:00:00   ;    85,0000
13.03.1982 07:00:00   ;    81,0000
14.03.1982 07:00:00   ;    81,0000
15.03.1982 07:00:00   ;    79,0000
16.03.1982 07:00:00   ;    78,0000
17.03.1982 07:00:00   ;    75,0000
18.03.1982 07:00:00   ;    80,0000
19.03.1982 07:00:00   ;   100,0000
20.03.1982 07:00:00   ;    98,0000
21.03.1982 07:00:00   ;    96,0000
22.03.1982 07:00:00   ;    96,0000
23.03.1982 07:00:00   ;    94,0000
24.03.1982 07:00:00   ;    96,0000
25.03.1982 07:00:00   ;    92,0000
26.03.1982 07:00:00   ;    88,0000
27.03.1982 07:00:00   ;    87,0000
28.03.1982 07:00:00   ;    80,0000
29.03.1982 07:00:00   ;    76,0000
30.03.1982 07:00:00   ;    73,0000
31.03.1982 07:00:00   ;    70,0000
01.04.1982 07:00:00   ;    70,0000
02.04.1982 07:00:00   ;    70,0000
03.04.1982 07:00:00   ;    68,0000
04.04.1982 07:00:00   ;    56,0000
05.04.1982 07:00:00   ;    50,0000
06.04.1982 07:00:00   ;    45,0000
07.04.1982 07:00:00   ;    40,0000
08.04.1982 07:00:00   ;    35,0000
09.04.1982 07:00:00   ;    31,0000
10.04.1982 07:00:00   ;    28,0000
11.04.1982 07:00:00   ;    27,0000
12.04.1982 07:00:00   ;    26,0000
13.04.1982 07:00:00   ;    40,0000
14.04.1982 07:00:00   ;    50,0000
15.04.1982 07:00:00   ;    42,0000
16.04.1982 07:00:00   ;    38,0000
17.04.1982 07:00:00   ;    28,0000
18.04.1982 07:00:00   ;    23,0000
19.04.1982 07:00:00   ;    20,0000
20.04.1982 07:00:00   ;    18,0000
21.04.1982 07:00:00   ;    18,0000
22.04.1982 07:00:00   ;    15,0000
23.04.1982 07:00:00   ;    10,0000
24.04.1982 07:00:00   ;     8,0000
25.04.1982 07:00:00   ;     0,0000
26.04.1982 07:00:00   ;     0,0000
27.04.1982 07:00:00   ;     0,0000
28.04.1982 07:00:00   ;     0,0000
29.04.1982 07:00:00   ;     0,0000
30.04.1982 07:00:00   ;     0,0000
01.05.1982 07:00:00   ;     0,0000
02.05.1982 07:00:00   ;     0,0000
03.05.1982 07:00:00   ;     0,0000
04.05.1982 07:00:00   ;     0,0000
05.05.1982 07:00:00   ;     0,0000
06.05.1982 07:00:00   ;     0,0000
07.05.1982 07:00:00   ;     0,0000
08.05.1982 07:00:00   ;     0,0000
09.05.1982 07:00:00   ;     0,0000
10.05.1982 07:00:00   ;     0,0000
11.05.1982 07:00:00   ;     0,0000
12.05.1982 07:00:00   ;     0,0000
13.05.1982 07:00:00   ;     0,0000
14.05.1982 07:00:00   ;     0,0000
15.05.1982 07:00:00   ;     0,0000
16.05.1982 07:00:00   ;     0,0000
17.05.1982 07:00:00   ;     0,0000
18.05.1982 07:00:00   ;     0,0000
19.05.1982 07:00:00   ;     0,0000
20.05.1982 07:00:00   ;     0,0000
21.05.1982 07:00:00   ;     0,0000
22.05.1982 07:00:00   ;     0,0000
23.05.1982 07:00:00   ;     0,0000
24.05.1982 07:00:00   ;     0,0000
25.05.1982 07:00:00   ;     0,0000
26.05.1982 07:00:00   ;     0,0000
27.05.1982 07:00:00   ;     0,0000
28.05.1982 07:00:00   ;     0,0000
29.05.1982 07:00:00   ;     0,0000
30.05.1982 07:00:00   ;     0,0000
31.05.1982 07:00:00   ;     0,0000
01.06.1982 07:00:00   ;     0,0000
02.06.1982 07:00:00   ;     0,0000
03.06.1982 07:00:00   ;     0,0000
04.06.1982 07:00:00   ;     0,0000
05.06.1982 07:00:00   ;     0,0000
06.06.1982 07:00:00   ;     0,0000
07.06.1982 07:00:00   ;     0,0000
08.06.1982 07:00:00   ;     0,0000
09.06.1982 07:00:00   ;     0,0000
10.06.1982 07:00:00   ;     0,0000
11.06.1982 07:00:00   ;     0,0000
12.06.1982 07:00:00   ;     0,0000
13.06.1982 07:00:00   ;     0,0000
14.06.1982 07:00:00   ;     0,0000
15.06.1982 07:00:00   ;     0,0000
16.06.1982 07:00:00   ;     0,0000
17.06.1982 07:00:00   ;     0,0000
18.06.1982 07:00:00   ;     0,0000
19.06.1982 07:00:00   ;     0,0000
20.06.1982 07:00:00   ;     0,0000
21.06.1982 07:00:00   ;     0,0000
22.06.1982 07:00:00   ;     0,0000
23.06.1982 07:00:00   ;     0,0000
24.06.1982 07:00:00   ;     0,0000
25.06.1982 07:00:00   ;     0,0000
26.06.1982 07:00:00   ;     0,0000
27.06.1982 07:00:00   ;     0,0000
28.06.1982 07:00:00   ;     0,0000
29.06.1982 07:00:00   ;     0,0000
30.06.1982 07:00:00   ;     0,0000
01.07.1982 07:00:00   ;     0,0000
02.07.1982 07:00:00   ;     0,0000
03.07.1982 07:00:00   ;     0,0000
04.07.1982 07:00:00   ;     0,0000
05.07.1982 07:00:00   ;     0,0000
06.07.1982 07:00:00   ;     0,0000
07.07.1982 07:00:00   ;     0,0000
08.07.1982 07:00:00   ;     0,0000
09.07.1982 07:00:00   ;     0,0000
10.07.1982 07:00:00   ;     0,0000
11.07.1982 07:00:00   ;     0,0000
12.07.1982 07:00:00   ;     0,0000
13.07.1982 07:00:00   ;     0,0000
14.07.1982 07:00:00   ;     0,0000
15.07.1982 07:00:00   ;     0,0000
16.07.1982 07:00:00   ;     0,0000
17.07.1982 07:00:00   ;     0,0000
18.07.1982 07:00:00   ;     0,0000
19.07.1982 07:00:00   ;     0,0000
20.07.1982 07:00:00   ;     0,0000
21.07.1982 07:00:00   ;     0,0000
22.07.1982 07:00:00   ;     0,0000
23.07.1982 07:00:00   ;     0,0000
24.07.1982 07:00:00   ;     0,0000
25.07.1982 07:00:00   ;     0,0000
26.07.1982 07:00:00   ;     0,0000
27.07.1982 07:00:00   ;     0,0000
28.07.1982 07:00:00   ;     0,0000
29.07.1982 07:00:00   ;     0,0000
30.07.1982 07:00:00   ;     0,0000
31.07.1982 07:00:00   ;     0,0000
01.08.1982 07:00:00   ;     0,0000
02.08.1982 07:00:00   ;     0,0000
03.08.1982 07:00:00   ;     0,0000
04.08.1982 07:00:00   ;     0,0000
05.08.1982 07:00:00   ;     0,0000
06.08.1982 07:00:00   ;     0,0000
07.08.1982 07:00:00   ;     0,0000
08.08.1982 07:00:00   ;     0,0000
09.08.1982 07:00:00   ;     0,0000
10.08.1982 07:00:00   ;     0,0000
11.08.1982 07:00:00   ;     0,0000
12.08.1982 07:00:00   ;     0,0000
13.08.1982 07:00:00   ;     0,0000
14.08.1982 07:00:00   ;     0,0000
15.08.1982 07:00:00   ;     0,0000
16.08.1982 07:00:00   ;     0,0000
17.08.1982 07:00:00   ;     0,0000
18.08.1982 07:00:00   ;     0,0000
19.08.1982 07:00:00   ;     0,0000
20.08.1982 07:00:00   ;     0,0000
21.08.1982 07:00:00   ;     0,0000
22.08.1982 07:00:00   ;     0,0000
23.08.1982 07:00:00   ;     0,0000
24.08.1982 07:00:00   ;     0,0000
25.08.1982 07:00:00   ;     0,0000
26.08.1982 07:00:00   ;     0,0000
27.08.1982 07:00:00   ;     0,0000
28.08.1982 07:00:00   ;     0,0000
29.08.1982 07:00:00   ;     0,0000
30.08.1982 07:00:00   ;     0,0000
31.08.1982 07:00:00   ;     0,0000
01.09.1982 07:00:00   ;     0,0000
02.09.1982 07:00:00   ;     0,0000
03.09.1982 07:00:00   ;     0,0000
04.09.1982 07:00:00   ;     0,0000
05.09.1982 07:00:00   ;     0,0000
06.09.1982 07:00:00   ;     0,0000
07.09.1982 07:00:00   ;     0,0000
08.09.1982 07:00:00   ;     0,0000
09.09.1982 07:00:00   ;     0,0000
10.09.1982 07:00:00   ;     0,0000
11.09.1982 07:00:00   ;     0,0000
12.09.1982 07:00:00   ;     0,0000
13.09.1982 07:00:00   ;     0,0000
14.09.1982 07:00:00   ;     0,0000
15.09.1982 07:00:00   ;     0,0000
16.09.1982 07:00:00   ;     0,0000
17.09.1982 07:00:00   ;     0,0000
18.09.1982 07:00:00   ;     0,0000
19.09.1982 07:00:00   ;     0,0000
20.09.1982 07:00:00   ;     0,0000
21.09.1982 07:00:00   ;     0,0000
22.09.1982 07:00:00   ;     0,0000
23.09.1982 07:00:00   ;     0,0000
24.09.1982 07:00:00   ;     0,0000
25.09.1982 07:00:00   ;     0,0000
26.09.1982 07:00:00   ;     0,0000
27.09.1982 07:00:00   ;     0,0000
28.09.1982 07:00:00   ;     0,0000
29.09.1982 07:00:00   ;     0,0000
30.09.1982 07:00:00   ;     0,0000
01.10.1982 07:00:00   ;     0,0000
02.10.1982 07:00:00   ;     0,0000
03.10.1982 07:00:00   ;     0,0000
04.10.1982 07:00:00   ;     0,0000
05.10.1982 07:00:00   ;     0,0000
06.10.1982 07:00:00   ;     0,0000
07.10.1982 07:00:00   ;     0,0000
08.10.1982 07:00:00   ;     0,0000
09.10.1982 07:00:00   ;     0,0000
10.10.1982 07:00:00   ;     0,0000
11.10.1982 07:00:00   ;     0,0000
12.10.1982 07:00:00   ;     0,0000
13.10.1982 07:00:00   ;     0,0000
14.10.1982 07:00:00   ;     0,0000
15.10.1982 07:00:00   ;     0,0000
16.10.1982 07:00:00   ;     0,0000
17.10.1982 07:00:00   ;     0,0000
18.10.1982 07:00:00   ;     0,0000
19.10.1982 07:00:00   ;     0,0000
20.10.1982 07:00:00   ;     0,0000
21.10.1982 07:00:00   ;     0,0000
22.10.1982 07:00:00   ;     0,0000
23.10.1982 07:00:00   ;     0,0000
24.10.1982 07:00:00   ;     0,0000
25.10.1982 07:00:00   ;     0,0000
26.10.1982 07:00:00   ;     0,0000
27.10.1982 07:00:00   ;     0,0000
28.10.1982 07:00:00   ;     0,0000
29.10.1982 07:00:00   ;     0,0000
30.10.1982 07:00:00   ;     0,0000
31.10.1982 07:00:00   ;     0,0000
01.11.1982 07:00:00   ;     0,0000
02.11.1982 07:00:00   ;     0,0000
03.11.1982 07:00:00   ;     0,0000
04.11.1982 07:00:00   ;     0,0000
05.11.1982 07:00:00   ;     0,0000
06.11.1982 07:00:00   ;     0,0000
07.11.1982 07:00:00   ;     0,0000
08.11.1982 07:00:00   ;     0,0000
09.11.1982 07:00:00   ;     0,0000
10.11.1982 07:00:00   ;     0,0000
11.11.1982 07:00:00   ;     0,0000
12.11.1982 07:00:00   ;     0,0000
13.11.1982 07:00:00   ;     0,0000
14.11.1982 07:00:00   ;     0,0000
15.11.1982 07:00:00   ;     0,0000
16.11.1982 07:00:00   ;     0,0000
17.11.1982 07:00:00   ;     0,0000
18.11.1982 07:00:00   ;     0,0000
19.11.1982 07:00:00   ;     0,0000
20.11.1982 07:00:00   ;     0,0000
21.11.1982 07:00:00   ;     0,0000
22.11.1982 07:00:00   ;     0,0000
23.11.1982 07:00:00   ;     0,0000
24.11.1982 07:00:00   ;     0,0000
25.11.1982 07:00:00   ;     0,0000
26.11.1982 07:00:00   ;     0,0000
27.11.1982 07:00:00   ;     0,0000
28.11.1982 07:00:00   ;     0,0000
29.11.1982 07:00:00   ;     0,0000
30.11.1982 07:00:00   ;     0,0000
01.12.1982 07:00:00   ;     0,0000
02.12.1982 07:00:00   ;     3,0000
03.12.1982 07:00:00   ;     0,0000
04.12.1982 07:00:00   ;     0,0000
05.12.1982 07:00:00   ;     0,0000
06.12.1982 07:00:00   ;     0,0000
07.12.1982 07:00:00   ;     0,0000
08.12.1982 07:00:00   ;     0,0000
09.12.1982 07:00:00   ;     0,0000
10.12.1982 07:00:00   ;     0,0000
11.12.1982 07:00:00   ;     0,0000
12.12.1982 07:00:00   ;    23,0000
13.12.1982 07:00:00   ;    21,0000
14.12.1982 07:00:00   ;    19,0000
15.12.1982 07:00:00   ;    18,0000
16.12.1982 07:00:00   ;    13,0000
17.12.1982 07:00:00   ;     3,0000
18.12.1982 07:00:00   ;     0,0000
19.12.1982 07:00:00   ;    40,0000
20.12.1982 07:00:00   ;    36,0000
21.12.1982 07:00:00   ;    32,0000
22.12.1982 07:00:00   ;    38,0000
23.12.1982 07:00:00   ;    50,0000
24.12.1982 07:00:00   ;    47,0000
25.12.1982 07:00:00   ;    52,0000
26.12.1982 07:00:00   ;    48,0000
27.12.1982 07:00:00   ;    46,0000
28.12.1982 07:00:00   ;    43,0000
29.12.1982 07:00:00   ;    40,0000
30.12.1982 07:00:00   ;    40,0000
31.12.1982 07:00:00   ;    40,0000
01.01.1983 07:00:00   ;    40,0000
02.01.1983 07:00:00   ;    40,0000
03.01.1983 07:00:00   ;    38,0000
04.01.1983 07:00:00   ;    38,0000
05.01.1983 07:00:00   ;    36,0000
06.01.1983 07:00:00   ;    35,0000
07.01.1983 07:00:00   ;    34,0000
08.01.1983 07:00:00   ;    34,0000
09.01.1983 07:00:00   ;    35,0000
10.01.1983 07:00:00   ;    35,0000
11.01.1983 07:00:00   ;    35,0000
12.01.1983 07:00:00   ;    35,0000
13.01.1983 07:00:00   ;    35,0000
14.01.1983 07:00:00   ;    35,0000
15.01.1983 07:00:00   ;    38,0000
16.01.1983 07:00:00   ;    38,0000
17.01.1983 07:00:00   ;    38,0000
18.01.1983 07:00:00   ;    38,0000
19.01.1983 07:00:00   ;    38,0000
20.01.1983 07:00:00   ;    38,0000
21.01.1983 07:00:00   ;    38,0000
22.01.1983 07:00:00   ;    38,0000
23.01.1983 07:00:00   ;    37,0000
24.01.1983 07:00:00   ;    37,0000
25.01.1983 07:00:00   ;    36,0000
26.01.1983 07:00:00   ;    33,0000
27.01.1983 07:00:00   ;    32,0000
28.01.1983 07:00:00   ;    32,0000
29.01.1983 07:00:00   ;    32,0000
30.01.1983 07:00:00   ;    32,0000
31.01.1983 07:00:00   ;    32,0000
01.02.1983 07:00:00   ;    30,0000
02.02.1983 07:00:00   ;    40,0000
03.02.1983 07:00:00   ;    40,0000
04.02.1983 07:00:00   ;    40,0000
05.02.1983 07:00:00   ;    40,0000
06.02.1983 07:00:00   ;    40,0000
07.02.1983 07:00:00   ;    58,0000
08.02.1983 07:00:00   ;    59,0000
09.02.1983 07:00:00   ;    63,0000
10.02.1983 07:00:00   ;    68,0000
11.02.1983 07:00:00   ;    78,0000
12.02.1983 07:00:00   ;    92,0000
13.02.1983 07:00:00   ;    90,0000
14.02.1983 07:00:00   ;    88,0000
15.02.1983 07:00:00   ;    86,0000
16.02.1983 07:00:00   ;    84,0000
17.02.1983 07:00:00   ;    82,0000
18.02.1983 07:00:00   ;    80,0000
19.02.1983 07:00:00   ;    78,0000
20.02.1983 07:00:00   ;    76,0000
21.02.1983 07:00:00   ;    73,0000
22.02.1983 07:00:00   ;    71,0000
23.02.1983 07:00:00   ;    70,0000
24.02.1983 07:00:00   ;    70,0000
25.02.1983 07:00:00   ;    70,0000
26.02.1983 07:00:00   ;    68,0000
27.02.1983 07:00:00   ;    65,0000
28.02.1983 07:00:00   ;    65,0000
01.03.1983 07:00:00   ;    65,0000
02.03.1983 07:00:00   ;    65,0000
03.03.1983 07:00:00   ;    65,0000
04.03.1983 07:00:00   ;    64,0000
05.03.1983 07:00:00   ;    63,0000
06.03.1983 07:00:00   ;    63,0000
07.03.1983 07:00:00   ;    60,0000
08.03.1983 07:00:00   ;    55,0000
09.03.1983 07:00:00   ;    50,0000
10.03.1983 07:00:00   ;    50,0000
11.03.1983 07:00:00   ;    49,0000
12.03.1983 07:00:00   ;    47,0000
13.03.1983 07:00:00   ;    47,0000
14.03.1983 07:00:00   ;    47,0000
15.03.1983 07:00:00   ;    44,0000
16.03.1983 07:00:00   ;    40,0000
17.03.1983 07:00:00   ;    39,0000
18.03.1983 07:00:00   ;    37,0000
19.03.1983 07:00:00   ;    33,0000
20.03.1983 07:00:00   ;    32,0000
21.03.1983 07:00:00   ;    30,0000
22.03.1983 07:00:00   ;    30,0000
23.03.1983 07:00:00   ;    32,0000
24.03.1983 07:00:00   ;    28,0000
25.03.1983 07:00:00   ;    27,0000
26.03.1983 07:00:00   ;    23,0000
27.03.1983 07:00:00   ;    23,0000
28.03.1983 07:00:00   ;    23,0000
29.03.1983 07:00:00   ;    22,0000
30.03.1983 07:00:00   ;    32,0000
31.03.1983 07:00:00   ;    28,0000
01.04.1983 07:00:00   ;     0,0000
02.04.1983 07:00:00   ;     0,0000
03.04.1983 07:00:00   ;     0,0000
04.04.1983 07:00:00   ;     0,0000
05.04.1983 07:00:00   ;     0,0000
06.04.1983 07:00:00   ;     0,0000
07.04.1983 07:00:00   ;     0,0000
08.04.1983 07:00:00   ;     0,0000
09.04.1983 07:00:00   ;     0,0000
10.04.1983 07:00:00   ;     0,0000
11.04.1983 07:00:00   ;     0,0000
12.04.1983 07:00:00   ;     0,0000
13.04.1983 07:00:00   ;     0,0000
14.04.1983 07:00:00   ;     0,0000
15.04.1983 07:00:00   ;     0,0000
16.04.1983 07:00:00   ;     0,0000
17.04.1983 07:00:00   ;     0,0000
18.04.1983 07:00:00   ;     0,0000
19.04.1983 07:00:00   ;     0,0000
20.04.1983 07:00:00   ;     0,0000
21.04.1983 07:00:00   ;     0,0000
22.04.1983 07:00:00   ;     0,0000
23.04.1983 07:00:00   ;     0,0000
24.04.1983 07:00:00   ;     0,0000
25.04.1983 07:00:00   ;     0,0000
26.04.1983 07:00:00   ;     0,0000
27.04.1983 07:00:00   ;     0,0000
28.04.1983 07:00:00   ;     0,0000
29.04.1983 07:00:00   ;     0,0000
30.04.1983 07:00:00   ;     0,0000
01.05.1983 07:00:00   ;     0,0000
02.05.1983 07:00:00   ;     0,0000
03.05.1983 07:00:00   ;     0,0000
04.05.1983 07:00:00   ;     0,0000
05.05.1983 07:00:00   ;     0,0000
06.05.1983 07:00:00   ;     0,0000
07.05.1983 07:00:00   ;     0,0000
08.05.1983 07:00:00   ;     0,0000
09.05.1983 07:00:00   ;     0,0000
10.05.1983 07:00:00   ;     0,0000
11.05.1983 07:00:00   ;     0,0000
12.05.1983 07:00:00   ;     0,0000
13.05.1983 07:00:00   ;     0,0000
14.05.1983 07:00:00   ;     0,0000
15.05.1983 07:00:00   ;     0,0000
16.05.1983 07:00:00   ;     0,0000
17.05.1983 07:00:00   ;     0,0000
18.05.1983 07:00:00   ;     0,0000
19.05.1983 07:00:00   ;     0,0000
20.05.1983 07:00:00   ;     0,0000
21.05.1983 07:00:00   ;     0,0000
22.05.1983 07:00:00   ;     0,0000
23.05.1983 07:00:00   ;     0,0000
24.05.1983 07:00:00   ;     0,0000
25.05.1983 07:00:00   ;     0,0000
26.05.1983 07:00:00   ;     0,0000
27.05.1983 07:00:00   ;     0,0000
28.05.1983 07:00:00   ;     0,0000
29.05.1983 07:00:00   ;     0,0000
30.05.1983 07:00:00   ;     0,0000
31.05.1983 07:00:00   ;     0,0000
01.06.1983 07:00:00   ;     0,0000
02.06.1983 07:00:00   ;     0,0000
03.06.1983 07:00:00   ;     0,0000
04.06.1983 07:00:00   ;     0,0000
05.06.1983 07:00:00   ;     0,0000
06.06.1983 07:00:00   ;     0,0000
07.06.1983 07:00:00   ;     0,0000
08.06.1983 07:00:00   ;     0,0000
09.06.1983 07:00:00   ;     0,0000
10.06.1983 07:00:00   ;     0,0000
11.06.1983 07:00:00   ;     0,0000
12.06.1983 07:00:00   ;     0,0000
13.06.1983 07:00:00   ;     0,0000
14.06.1983 07:00:00   ;     0,0000
15.06.1983 07:00:00   ;     0,0000
16.06.1983 07:00:00   ;     0,0000
17.06.1983 07:00:00   ;     0,0000
18.06.1983 07:00:00   ;     0,0000
19.06.1983 07:00:00   ;     0,0000
20.06.1983 07:00:00   ;     0,0000
21.06.1983 07:00:00   ;     0,0000
22.06.1983 07:00:00   ;     0,0000
23.06.1983 07:00:00   ;     0,0000
24.06.1983 07:00:00   ;     0,0000
25.06.1983 07:00:00   ;     0,0000
26.06.1983 07:00:00   ;     0,0000
27.06.1983 07:00:00   ;     0,0000
28.06.1983 07:00:00   ;     0,0000
29.06.1983 07:00:00   ;     0,0000
30.06.1983 07:00:00   ;     0,0000
01.07.1983 07:00:00   ;     0,0000
02.07.1983 07:00:00   ;     0,0000
03.07.1983 07:00:00   ;     0,0000
04.07.1983 07:00:00   ;     0,0000
05.07.1983 07:00:00   ;     0,0000
06.07.1983 07:00:00   ;     0,0000
07.07.1983 07:00:00   ;     0,0000
08.07.1983 07:00:00   ;     0,0000
09.07.1983 07:00:00   ;     0,0000
10.07.1983 07:00:00   ;     0,0000
11.07.1983 07:00:00   ;     0,0000
12.07.1983 07:00:00   ;     0,0000
13.07.1983 07:00:00   ;     0,0000
14.07.1983 07:00:00   ;     0,0000
15.07.1983 07:00:00   ;     0,0000
16.07.1983 07:00:00   ;     0,0000
17.07.1983 07:00:00   ;     0,0000
18.07.1983 07:00:00   ;     0,0000
19.07.1983 07:00:00   ;     0,0000
20.07.1983 07:00:00   ;     0,0000
21.07.1983 07:00:00   ;     0,0000
22.07.1983 07:00:00   ;     0,0000
23.07.1983 07:00:00   ;     0,0000
24.07.1983 07:00:00   ;     0,0000
25.07.1983 07:00:00   ;     0,0000
26.07.1983 07:00:00   ;     0,0000
27.07.1983 07:00:00   ;     0,0000
28.07.1983 07:00:00   ;     0,0000
29.07.1983 07:00:00   ;     0,0000
30.07.1983 07:00:00   ;     0,0000
31.07.1983 07:00:00   ;     0,0000
01.08.1983 07:00:00   ;     0,0000
02.08.1983 07:00:00   ;     0,0000
03.08.1983 07:00:00   ;     0,0000
04.08.1983 07:00:00   ;     0,0000
05.08.1983 07:00:00   ;     0,0000
06.08.1983 07:00:00   ;     0,0000
07.08.1983 07:00:00   ;     0,0000
08.08.1983 07:00:00   ;     0,0000
09.08.1983 07:00:00   ;     0,0000
10.08.1983 07:00:00   ;     0,0000
11.08.1983 07:00:00   ;     0,0000
12.08.1983 07:00:00   ;     0,0000
13.08.1983 07:00:00   ;     0,0000
14.08.1983 07:00:00   ;     0,0000
15.08.1983 07:00:00   ;     0,0000
16.08.1983 07:00:00   ;     0,0000
17.08.1983 07:00:00   ;     0,0000
18.08.1983 07:00:00   ;     0,0000
19.08.1983 07:00:00   ;     0,0000
20.08.1983 07:00:00   ;     0,0000
21.08.1983 07:00:00   ;     0,0000
22.08.1983 07:00:00   ;     0,0000
23.08.1983 07:00:00   ;     0,0000
24.08.1983 07:00:00   ;     0,0000
25.08.1983 07:00:00   ;     0,0000
26.08.1983 07:00:00   ;     0,0000
27.08.1983 07:00:00   ;     0,0000
28.08.1983 07:00:00   ;     0,0000
29.08.1983 07:00:00   ;     0,0000
30.08.1983 07:00:00   ;     0,0000
31.08.1983 07:00:00   ;     0,0000
01.09.1983 07:00:00   ;     0,0000
02.09.1983 07:00:00   ;     0,0000
03.09.1983 07:00:00   ;     0,0000
04.09.1983 07:00:00   ;     0,0000
05.09.1983 07:00:00   ;     0,0000
06.09.1983 07:00:00   ;     0,0000
07.09.1983 07:00:00   ;     0,0000
08.09.1983 07:00:00   ;     0,0000
09.09.1983 07:00:00   ;     0,0000
10.09.1983 07:00:00   ;     0,0000
11.09.1983 07:00:00   ;     0,0000
12.09.1983 07:00:00   ;     0,0000
13.09.1983 07:00:00   ;     0,0000
14.09.1983 07:00:00   ;     0,0000
15.09.1983 07:00:00   ;     0,0000
16.09.1983 07:00:00   ;     0,0000
17.09.1983 07:00:00   ;     0,0000
18.09.1983 07:00:00   ;     0,0000
19.09.1983 07:00:00   ;     0,0000
20.09.1983 07:00:00   ;     0,0000
21.09.1983 07:00:00   ;     0,0000
22.09.1983 07:00:00   ;     0,0000
23.09.1983 07:00:00   ;     0,0000
24.09.1983 07:00:00   ;     0,0000
25.09.1983 07:00:00   ;     0,0000
26.09.1983 07:00:00   ;     0,0000
27.09.1983 07:00:00   ;     0,0000
28.09.1983 07:00:00   ;     0,0000
29.09.1983 07:00:00   ;     0,0000
30.09.1983 07:00:00   ;     0,0000
01.10.1983 07:00:00   ;     0,0000
02.10.1983 07:00:00   ;     0,0000
03.10.1983 07:00:00   ;     0,0000
04.10.1983 07:00:00   ;     0,0000
05.10.1983 07:00:00   ;     0,0000
06.10.1983 07:00:00   ;     0,0000
07.10.1983 07:00:00   ;     0,0000
08.10.1983 07:00:00   ;     0,0000
09.10.1983 07:00:00   ;     0,0000
10.10.1983 07:00:00   ;     0,0000
11.10.1983 07:00:00   ;     0,0000
12.10.1983 07:00:00   ;     0,0000
13.10.1983 07:00:00   ;     0,0000
14.10.1983 07:00:00   ;     0,0000
15.10.1983 07:00:00   ;     0,0000
16.10.1983 07:00:00   ;     0,0000
17.10.1983 07:00:00   ;     0,0000
18.10.1983 07:00:00   ;     0,0000
19.10.1983 07:00:00   ;     0,0000
20.10.1983 07:00:00   ;     0,0000
21.10.1983 07:00:00   ;     0,0000
22.10.1983 07:00:00   ;     0,0000
23.10.1983 07:00:00   ;     0,0000
24.10.1983 07:00:00   ;     0,0000
25.10.1983 07:00:00   ;     0,0000
26.10.1983 07:00:00   ;     0,0000
27.10.1983 07:00:00   ;     0,0000
28.10.1983 07:00:00   ;     0,0000
29.10.1983 07:00:00   ;     0,0000
30.10.1983 07:00:00   ;     0,0000
31.10.1983 07:00:00   ;     0,0000
01.11.1983 07:00:00   ;     0,0000
02.11.1983 07:00:00   ;     0,0000
03.11.1983 07:00:00   ;     0,0000
04.11.1983 07:00:00   ;     0,0000
05.11.1983 07:00:00   ;     0,0000
06.11.1983 07:00:00   ;     0,0000
07.11.1983 07:00:00   ;     0,0000
08.11.1983 07:00:00   ;     0,0000
09.11.1983 07:00:00   ;     0,0000
10.11.1983 07:00:00   ;     0,0000
11.11.1983 07:00:00   ;     0,0000
12.11.1983 07:00:00   ;     0,0000
13.11.1983 07:00:00   ;     0,0000
14.11.1983 07:00:00   ;     0,0000
15.11.1983 07:00:00   ;     4,0000
16.11.1983 07:00:00   ;     0,0000
17.11.1983 07:00:00   ;     0,0000
18.11.1983 07:00:00   ;     0,0000
19.11.1983 07:00:00   ;     0,0000
20.11.1983 07:00:00   ;     0,0000
21.11.1983 07:00:00   ;     0,0000
22.11.1983 07:00:00   ;     0,0000
23.11.1983 07:00:00   ;     0,0000
24.11.1983 07:00:00   ;     0,0000
25.11.1983 07:00:00   ;     0,0000
26.11.1983 07:00:00   ;     0,0000
27.11.1983 07:00:00   ;     0,0000
28.11.1983 07:00:00   ;     0,0000
29.11.1983 07:00:00   ;     0,0000
30.11.1983 07:00:00   ;     0,0000
01.12.1983 07:00:00   ;     0,0000
02.12.1983 07:00:00   ;     0,0000
03.12.1983 07:00:00   ;     0,0000
04.12.1983 07:00:00   ;     0,0000
05.12.1983 07:00:00   ;     0,0000
06.12.1983 07:00:00   ;     0,0000
07.12.1983 07:00:00   ;     0,0000
08.12.1983 07:00:00   ;     0,0000
09.12.1983 07:00:00   ;     0,0000
10.12.1983 07:00:00   ;     0,0000
11.12.1983 07:00:00   ;     0,0000
12.12.1983 07:00:00   ;     0,0000
13.12.1983 07:00:00   ;     0,0000
14.12.1983 07:00:00   ;     0,0000
15.12.1983 07:00:00   ;     0,0000
16.12.1983 07:00:00   ;     0,0000
17.12.1983 07:00:00   ;     4,0000
18.12.1983 07:00:00   ;     5,0000
19.12.1983 07:00:00   ;    32,0000
20.12.1983 07:00:00   ;    20,0000
21.12.1983 07:00:00   ;    16,0000
22.12.1983 07:00:00   ;    16,0000
23.12.1983 07:00:00   ;    21,0000
24.12.1983 07:00:00   ;    21,0000
25.12.1983 07:00:00   ;    21,0000
26.12.1983 07:00:00   ;    21,0000
27.12.1983 07:00:00   ;    22,0000
28.12.1983 07:00:00   ;    22,0000
29.12.1983 07:00:00   ;    22,0000
30.12.1983 07:00:00   ;    22,0000
31.12.1983 07:00:00   ;    22,0000
01.01.1984 07:00:00   ;    21,0000
02.01.1984 07:00:00   ;    21,0000
03.01.1984 07:00:00   ;    17,0000
04.01.1984 07:00:00   ;    15,0000
05.01.1984 07:00:00   ;    33,0000
06.01.1984 07:00:00   ;    30,0000
07.01.1984 07:00:00   ;    30,0000
08.01.1984 07:00:00   ;    30,0000
09.01.1984 07:00:00   ;    40,0000
10.01.1984 07:00:00   ;    35,0000
11.01.1984 07:00:00   ;    34,0000
12.01.1984 07:00:00   ;    33,0000
13.01.1984 07:00:00   ;    33,0000
14.01.1984 07:00:00   ;    33,0000
15.01.1984 07:00:00   ;    31,0000
16.01.1984 07:00:00   ;    34,0000
17.01.1984 07:00:00   ;    33,0000
18.01.1984 07:00:00   ;    32,0000
19.01.1984 07:00:00   ;    36,0000
20.01.1984 07:00:00   ;    36,0000
21.01.1984 07:00:00   ;    37,0000
22.01.1984 07:00:00   ;    40,0000
23.01.1984 07:00:00   ;    41,0000
24.01.1984 07:00:00   ;    46,0000
25.01.1984 07:00:00   ;    61,0000
26.01.1984 07:00:00   ;    59,0000
27.01.1984 07:00:00   ;    56,0000
28.01.1984 07:00:00   ;    55,0000
29.01.1984 07:00:00   ;    63,0000
30.01.1984 07:00:00   ;    60,0000
31.01.1984 07:00:00   ;    60,0000
01.02.1984 07:00:00   ;    60,0000
02.02.1984 07:00:00   ;    70,0000
03.02.1984 07:00:00   ;    77,0000
04.02.1984 07:00:00   ;    75,0000
05.02.1984 07:00:00   ;    74,0000
06.02.1984 07:00:00   ;    74,0000
07.02.1984 07:00:00   ;    72,0000
08.02.1984 07:00:00   ;    73,0000
09.02.1984 07:00:00   ;    71,0000
10.02.1984 07:00:00   ;    67,0000
11.02.1984 07:00:00   ;    63,0000
12.02.1984 07:00:00   ;    60,0000
13.02.1984 07:00:00   ;    59,0000
14.02.1984 07:00:00   ;    59,0000
15.02.1984 07:00:00   ;    59,0000
16.02.1984 07:00:00   ;    60,0000
17.02.1984 07:00:00   ;    60,0000
18.02.1984 07:00:00   ;    61,0000
19.02.1984 07:00:00   ;    61,0000
20.02.1984 07:00:00   ;    67,0000
21.02.1984 07:00:00   ;    60,0000
22.02.1984 07:00:00   ;    59,0000
23.02.1984 07:00:00   ;    60,0000
24.02.1984 07:00:00   ;    73,0000
25.02.1984 07:00:00   ;    93,0000
26.02.1984 07:00:00   ;   120,0000
27.02.1984 07:00:00   ;   148,0000
28.02.1984 07:00:00   ;   152,0000
29.02.1984 07:00:00   ;   150,0000
01.03.1984 07:00:00   ;   147,0000
02.03.1984 07:00:00   ;   142,0000
03.03.1984 07:00:00   ;   148,0000
04.03.1984 07:00:00   ;   163,0000
05.03.1984 07:00:00   ;   155,0000
06.03.1984 07:00:00   ;   148,0000
07.03.1984 07:00:00   ;   140,0000
08.03.1984 07:00:00   ;   135,0000
09.03.1984 07:00:00   ;   137,0000
10.03.1984 07:00:00   ;   135,0000
11.03.1984 07:00:00   ;   133,0000
12.03.1984 07:00:00   ;   130,0000
13.03.1984 07:00:00   ;   127,0000
14.03.1984 07:00:00   ;   125,0000
15.03.1984 07:00:00   ;   124,0000
16.03.1984 07:00:00   ;   122,0000
17.03.1984 07:00:00   ;   120,0000
18.03.1984 07:00:00   ;   117,0000
19.03.1984 07:00:00   ;   116,0000
20.03.1984 07:00:00   ;   115,0000
21.03.1984 07:00:00   ;   112,0000
22.03.1984 07:00:00   ;   111,0000
23.03.1984 07:00:00   ;   110,0000
24.03.1984 07:00:00   ;   109,0000
25.03.1984 07:00:00   ;   106,0000
26.03.1984 07:00:00   ;   105,0000
27.03.1984 07:00:00   ;   104,0000
28.03.1984 07:00:00   ;    95,0000
29.03.1984 07:00:00   ;    86,0000
30.03.1984 07:00:00   ;   110,0000
31.03.1984 07:00:00   ;   104,0000
01.04.1984 07:00:00   ;   100,0000
02.04.1984 07:00:00   ;    92,0000
03.04.1984 07:00:00   ;    90,0000
04.04.1984 07:00:00   ;   120,0000
05.04.1984 07:00:00   ;   110,0000
06.04.1984 07:00:00   ;   113,0000
07.04.1984 07:00:00   ;   110,0000
08.04.1984 07:00:00   ;   105,0000
09.04.1984 07:00:00   ;   100,0000
10.04.1984 07:00:00   ;    95,0000
11.04.1984 07:00:00   ;    92,0000
12.04.1984 07:00:00   ;    90,0000
13.04.1984 07:00:00   ;    88,0000
14.04.1984 07:00:00   ;    84,0000
15.04.1984 07:00:00   ;    80,0000
16.04.1984 07:00:00   ;    76,0000
17.04.1984 07:00:00   ;    74,0000
18.04.1984 07:00:00   ;    83,0000
19.04.1984 07:00:00   ;    80,0000
20.04.1984 07:00:00   ;    72,0000
21.04.1984 07:00:00   ;    66,0000
22.04.1984 07:00:00   ;    62,0000
23.04.1984 07:00:00   ;    58,0000
24.04.1984 07:00:00   ;    56,0000
25.04.1984 07:00:00   ;    50,0000
26.04.1984 07:00:00   ;    46,0000
27.04.1984 07:00:00   ;    42,0000
28.04.1984 07:00:00   ;    40,0000
29.04.1984 07:00:00   ;    60,0000
30.04.1984 07:00:00   ;    58,0000
01.05.1984 07:00:00   ;    50,0000
02.05.1984 07:00:00   ;    39,0000
03.05.1984 07:00:00   ;    30,0000
04.05.1984 07:00:00   ;    24,0000
05.05.1984 07:00:00   ;    10,0000
06.05.1984 07:00:00   ;     0,0000
07.05.1984 07:00:00   ;     0,0000
08.05.1984 07:00:00   ;     0,0000
09.05.1984 07:00:00   ;     0,0000
10.05.1984 07:00:00   ;     0,0000
11.05.1984 07:00:00   ;     0,0000
12.05.1984 07:00:00   ;     0,0000
13.05.1984 07:00:00   ;     0,0000
14.05.1984 07:00:00   ;     0,0000
15.05.1984 07:00:00   ;     0,0000
16.05.1984 07:00:00   ;     0,0000
17.05.1984 07:00:00   ;     0,0000
18.05.1984 07:00:00   ;     0,0000
19.05.1984 07:00:00   ;     0,0000
20.05.1984 07:00:00   ;     0,0000
21.05.1984 07:00:00   ;     0,0000
22.05.1984 07:00:00   ;     0,0000
23.05.1984 07:00:00   ;     0,0000
24.05.1984 07:00:00   ;     0,0000
25.05.1984 07:00:00   ;     0,0000
26.05.1984 07:00:00   ;     0,0000
27.05.1984 07:00:00   ;     0,0000
28.05.1984 07:00:00   ;     0,0000
29.05.1984 07:00:00   ;     0,0000
30.05.1984 07:00:00   ;     0,0000
31.05.1984 07:00:00   ;     0,0000
01.06.1984 07:00:00   ;     0,0000
02.06.1984 07:00:00   ;     0,0000
03.06.1984 07:00:00   ;     0,0000
04.06.1984 07:00:00   ;     0,0000
05.06.1984 07:00:00   ;     0,0000
06.06.1984 07:00:00   ;     0,0000
07.06.1984 07:00:00   ;     0,0000
08.06.1984 07:00:00   ;     0,0000
09.06.1984 07:00:00   ;     0,0000
10.06.1984 07:00:00   ;     0,0000
11.06.1984 07:00:00   ;     0,0000
12.06.1984 07:00:00   ;     0,0000
13.06.1984 07:00:00   ;     0,0000
14.06.1984 07:00:00   ;     0,0000
15.06.1984 07:00:00   ;     0,0000
16.06.1984 07:00:00   ;     0,0000
17.06.1984 07:00:00   ;     0,0000
18.06.1984 07:00:00   ;     0,0000
19.06.1984 07:00:00   ;     0,0000
20.06.1984 07:00:00   ;     0,0000
21.06.1984 07:00:00   ;     0,0000
22.06.1984 07:00:00   ;     0,0000
23.06.1984 07:00:00   ;     0,0000
24.06.1984 07:00:00   ;     0,0000
25.06.1984 07:00:00   ;     0,0000
26.06.1984 07:00:00   ;     0,0000
27.06.1984 07:00:00   ;     0,0000
28.06.1984 07:00:00   ;     0,0000
29.06.1984 07:00:00   ;     0,0000
30.06.1984 07:00:00   ;     0,0000
01.07.1984 07:00:00   ;     0,0000
02.07.1984 07:00:00   ;     0,0000
03.07.1984 07:00:00   ;     0,0000
04.07.1984 07:00:00   ;     0,0000
05.07.1984 07:00:00   ;     0,0000
06.07.1984 07:00:00   ;     0,0000
07.07.1984 07:00:00   ;     0,0000
08.07.1984 07:00:00   ;     0,0000
09.07.1984 07:00:00   ;     0,0000
10.07.1984 07:00:00   ;     0,0000
11.07.1984 07:00:00   ;     0,0000
12.07.1984 07:00:00   ;     0,0000
13.07.1984 07:00:00   ;     0,0000
14.07.1984 07:00:00   ;     0,0000
15.07.1984 07:00:00   ;     0,0000
16.07.1984 07:00:00   ;     0,0000
17.07.1984 07:00:00   ;     0,0000
18.07.1984 07:00:00   ;     0,0000
19.07.1984 07:00:00   ;     0,0000
20.07.1984 07:00:00   ;     0,0000
21.07.1984 07:00:00   ;     0,0000
22.07.1984 07:00:00   ;     0,0000
23.07.1984 07:00:00   ;     0,0000
24.07.1984 07:00:00   ;     0,0000
25.07.1984 07:00:00   ;     0,0000
26.07.1984 07:00:00   ;     0,0000
27.07.1984 07:00:00   ;     0,0000
28.07.1984 07:00:00   ;     0,0000
29.07.1984 07:00:00   ;     0,0000
30.07.1984 07:00:00   ;     0,0000
31.07.1984 07:00:00   ;     0,0000
01.08.1984 07:00:00   ;     0,0000
02.08.1984 07:00:00   ;     0,0000
03.08.1984 07:00:00   ;     0,0000
04.08.1984 07:00:00   ;     0,0000
05.08.1984 07:00:00   ;     0,0000
06.08.1984 07:00:00   ;     0,0000
07.08.1984 07:00:00   ;     0,0000
08.08.1984 07:00:00   ;     0,0000
09.08.1984 07:00:00   ;     0,0000
10.08.1984 07:00:00   ;     0,0000
11.08.1984 07:00:00   ;     0,0000
12.08.1984 07:00:00   ;     0,0000
13.08.1984 07:00:00   ;     0,0000
14.08.1984 07:00:00   ;     0,0000
15.08.1984 07:00:00   ;     0,0000
16.08.1984 07:00:00   ;     0,0000
17.08.1984 07:00:00   ;     0,0000
18.08.1984 07:00:00   ;     0,0000
19.08.1984 07:00:00   ;     0,0000
20.08.1984 07:00:00   ;     0,0000
21.08.1984 07:00:00   ;     0,0000
22.08.1984 07:00:00   ;     0,0000
23.08.1984 07:00:00   ;     0,0000
24.08.1984 07:00:00   ;     0,0000
25.08.1984 07:00:00   ;     0,0000
26.08.1984 07:00:00   ;     0,0000
27.08.1984 07:00:00   ;     0,0000
28.08.1984 07:00:00   ;     0,0000
29.08.1984 07:00:00   ;     0,0000
30.08.1984 07:00:00   ;     0,0000
31.08.1984 07:00:00   ;     0,0000
01.09.1984 07:00:00   ;     0,0000
02.09.1984 07:00:00   ;     0,0000
03.09.1984 07:00:00   ;     0,0000
04.09.1984 07:00:00   ;     0,0000
05.09.1984 07:00:00   ;     0,0000
06.09.1984 07:00:00   ;     0,0000
07.09.1984 07:00:00   ;     0,0000
08.09.1984 07:00:00   ;     0,0000
09.09.1984 07:00:00   ;     0,0000
10.09.1984 07:00:00   ;     0,0000
11.09.1984 07:00:00   ;     0,0000
12.09.1984 07:00:00   ;     0,0000
13.09.1984 07:00:00   ;     0,0000
14.09.1984 07:00:00   ;     0,0000
15.09.1984 07:00:00   ;     0,0000
16.09.1984 07:00:00   ;     0,0000
17.09.1984 07:00:00   ;     0,0000
18.09.1984 07:00:00   ;     0,0000
19.09.1984 07:00:00   ;     0,0000
20.09.1984 07:00:00   ;     0,0000
21.09.1984 07:00:00   ;     0,0000
22.09.1984 07:00:00   ;     0,0000
23.09.1984 07:00:00   ;     0,0000
24.09.1984 07:00:00   ;     0,0000
25.09.1984 07:00:00   ;     0,0000
26.09.1984 07:00:00   ;     0,0000
27.09.1984 07:00:00   ;     0,0000
28.09.1984 07:00:00   ;     0,0000
29.09.1984 07:00:00   ;     0,0000
30.09.1984 07:00:00   ;     0,0000
01.10.1984 07:00:00   ;     0,0000
02.10.1984 07:00:00   ;     0,0000
03.10.1984 07:00:00   ;     0,0000
04.10.1984 07:00:00   ;     0,0000
05.10.1984 07:00:00   ;     0,0000
06.10.1984 07:00:00   ;     0,0000
07.10.1984 07:00:00   ;     0,0000
08.10.1984 07:00:00   ;     0,0000
09.10.1984 07:00:00   ;     0,0000
10.10.1984 07:00:00   ;     0,0000
11.10.1984 07:00:00   ;     0,0000
12.10.1984 07:00:00   ;     0,0000
13.10.1984 07:00:00   ;     0,0000
14.10.1984 07:00:00   ;     0,0000
15.10.1984 07:00:00   ;     0,0000
16.10.1984 07:00:00   ;     0,0000
17.10.1984 07:00:00   ;     0,0000
18.10.1984 07:00:00   ;     0,0000
19.10.1984 07:00:00   ;     0,0000
20.10.1984 07:00:00   ;     0,0000
21.10.1984 07:00:00   ;     0,0000
22.10.1984 07:00:00   ;     0,0000
23.10.1984 07:00:00   ;     0,0000
24.10.1984 07:00:00   ;     0,0000
25.10.1984 07:00:00   ;     0,0000
26.10.1984 07:00:00   ;     0,0000
27.10.1984 07:00:00   ;     0,0000
28.10.1984 07:00:00   ;     0,0000
29.10.1984 07:00:00   ;     0,0000
30.10.1984 07:00:00   ;     0,0000
31.10.1984 07:00:00   ;     0,0000
01.11.1984 07:00:00   ;     0,0000
02.11.1984 07:00:00   ;     0,0000
03.11.1984 07:00:00   ;     0,0000
04.11.1984 07:00:00   ;     0,0000
05.11.1984 07:00:00   ;     0,0000
06.11.1984 07:00:00   ;     0,0000
07.11.1984 07:00:00   ;     0,0000
08.11.1984 07:00:00   ;     0,0000
09.11.1984 07:00:00   ;     0,0000
10.11.1984 07:00:00   ;     0,0000
11.11.1984 07:00:00   ;     0,0000
12.11.1984 07:00:00   ;     0,0000
13.11.1984 07:00:00   ;     0,0000
14.11.1984 07:00:00   ;     0,0000
15.11.1984 07:00:00   ;    16,0000
16.11.1984 07:00:00   ;    15,0000
17.11.1984 07:00:00   ;    24,0000
18.11.1984 07:00:00   ;    23,0000
19.11.1984 07:00:00   ;    22,0000
20.11.1984 07:00:00   ;    30,0000
21.11.1984 07:00:00   ;    30,0000
22.11.1984 07:00:00   ;    28,0000
23.11.1984 07:00:00   ;    23,0000
24.11.1984 07:00:00   ;    17,0000
25.11.1984 07:00:00   ;    15,0000
26.11.1984 07:00:00   ;    10,0000
27.11.1984 07:00:00   ;    10,0000
28.11.1984 07:00:00   ;    10,0000
29.11.1984 07:00:00   ;    10,0000
30.11.1984 07:00:00   ;    10,0000
01.12.1984 07:00:00   ;    10,0000
02.12.1984 07:00:00   ;     8,0000
03.12.1984 07:00:00   ;     5,0000
04.12.1984 07:00:00   ;     3,0000
05.12.1984 07:00:00   ;     0,0000
06.12.1984 07:00:00   ;     0,0000
07.12.1984 07:00:00   ;     0,0000
08.12.1984 07:00:00   ;     0,0000
09.12.1984 07:00:00   ;     0,0000
10.12.1984 07:00:00   ;     0,0000
11.12.1984 07:00:00   ;     0,0000
12.12.1984 07:00:00   ;     0,0000
13.12.1984 07:00:00   ;     0,0000
14.12.1984 07:00:00   ;     0,0000
15.12.1984 07:00:00   ;     0,0000
16.12.1984 07:00:00   ;     0,0000
17.12.1984 07:00:00   ;     0,0000
18.12.1984 07:00:00   ;     0,0000
19.12.1984 07:00:00   ;     0,0000
20.12.1984 07:00:00   ;    20,0000
21.12.1984 07:00:00   ;    20,0000
22.12.1984 07:00:00   ;    19,0000
23.12.1984 07:00:00   ;    18,0000
24.12.1984 07:00:00   ;    18,0000
25.12.1984 07:00:00   ;    20,0000
26.12.1984 07:00:00   ;    20,0000
27.12.1984 07:00:00   ;    20,0000
28.12.1984 07:00:00   ;    20,0000
29.12.1984 07:00:00   ;    19,0000
30.12.1984 07:00:00   ;    19,0000
31.12.1984 07:00:00   ;    40,0000
01.01.1985 07:00:00   ;    37,0000
02.01.1985 07:00:00   ;    36,0000
03.01.1985 07:00:00   ;    34,0000
04.01.1985 07:00:00   ;    32,0000
05.01.1985 07:00:00   ;    36,0000
06.01.1985 07:00:00   ;    36,0000
07.01.1985 07:00:00   ;    35,0000
08.01.1985 07:00:00   ;    35,0000
09.01.1985 07:00:00   ;    36,0000
10.01.1985 07:00:00   ;    38,0000
11.01.1985 07:00:00   ;    37,0000
12.01.1985 07:00:00   ;    36,0000
13.01.1985 07:00:00   ;    36,0000
14.01.1985 07:00:00   ;    82,0000
15.01.1985 07:00:00   ;    86,0000
16.01.1985 07:00:00   ;    84,0000
17.01.1985 07:00:00   ;    82,0000
18.01.1985 07:00:00   ;    78,0000
19.01.1985 07:00:00   ;    73,0000
20.01.1985 07:00:00   ;    70,0000
21.01.1985 07:00:00   ;    68,0000
22.01.1985 07:00:00   ;    55,0000
23.01.1985 07:00:00   ;    53,0000
24.01.1985 07:00:00   ;    40,0000
25.01.1985 07:00:00   ;    62,0000
26.01.1985 07:00:00   ;    60,0000
27.01.1985 07:00:00   ;    60,0000
28.01.1985 07:00:00   ;    58,0000
29.01.1985 07:00:00   ;    57,0000
30.01.1985 07:00:00   ;    56,0000
31.01.1985 07:00:00   ;    56,0000
01.02.1985 07:00:00   ;    55,0000
02.02.1985 07:00:00   ;    50,0000
03.02.1985 07:00:00   ;    50,0000
04.02.1985 07:00:00   ;    50,0000
05.02.1985 07:00:00   ;    50,0000
06.02.1985 07:00:00   ;    49,0000
07.02.1985 07:00:00   ;    49,0000
08.02.1985 07:00:00   ;    48,0000
09.02.1985 07:00:00   ;    47,0000
10.02.1985 07:00:00   ;    47,0000
11.02.1985 07:00:00   ;    52,0000
12.02.1985 07:00:00   ;    50,0000
13.02.1985 07:00:00   ;    50,0000
14.02.1985 07:00:00   ;    48,0000
15.02.1985 07:00:00   ;    47,0000
16.02.1985 07:00:00   ;    49,0000
17.02.1985 07:00:00   ;    49,0000
18.02.1985 07:00:00   ;    49,0000
19.02.1985 07:00:00   ;    48,0000
20.02.1985 07:00:00   ;    48,0000
21.02.1985 07:00:00   ;    48,0000
22.02.1985 07:00:00   ;    48,0000
23.02.1985 07:00:00   ;    47,0000
24.02.1985 07:00:00   ;    47,0000
25.02.1985 07:00:00   ;    47,0000
26.02.1985 07:00:00   ;    47,0000
27.02.1985 07:00:00   ;    46,0000
28.02.1985 07:00:00   ;    46,0000
01.03.1985 07:00:00   ;    44,0000
02.03.1985 07:00:00   ;    44,0000
03.03.1985 07:00:00   ;    52,0000
04.03.1985 07:00:00   ;    52,0000
05.03.1985 07:00:00   ;    50,0000
06.03.1985 07:00:00   ;    46,0000
07.03.1985 07:00:00   ;    45,0000
08.03.1985 07:00:00   ;    43,0000
09.03.1985 07:00:00   ;    42,0000
10.03.1985 07:00:00   ;    44,0000
11.03.1985 07:00:00   ;    43,0000
12.03.1985 07:00:00   ;    60,0000
13.03.1985 07:00:00   ;    60,0000
14.03.1985 07:00:00   ;    59,0000
15.03.1985 07:00:00   ;    59,0000
16.03.1985 07:00:00   ;    68,0000
17.03.1985 07:00:00   ;    65,0000
18.03.1985 07:00:00   ;    95,0000
19.03.1985 07:00:00   ;    90,0000
20.03.1985 07:00:00   ;   110,0000
21.03.1985 07:00:00   ;   105,0000
22.03.1985 07:00:00   ;   133,0000
23.03.1985 07:00:00   ;   115,0000
24.03.1985 07:00:00   ;   110,0000
25.03.1985 07:00:00   ;   100,0000
26.03.1985 07:00:00   ;    95,0000
27.03.1985 07:00:00   ;    87,0000
28.03.1985 07:00:00   ;    90,0000
29.03.1985 07:00:00   ;    87,0000
30.03.1985 07:00:00   ;    84,0000
31.03.1985 07:00:00   ;    80,0000
01.04.1985 07:00:00   ;    80,0000
02.04.1985 07:00:00   ;    76,0000
03.04.1985 07:00:00   ;    73,0000
04.04.1985 07:00:00   ;    70,0000
05.04.1985 07:00:00   ;    67,0000
06.04.1985 07:00:00   ;    63,0000
07.04.1985 07:00:00   ;    60,0000
08.04.1985 07:00:00   ;    45,0000
09.04.1985 07:00:00   ;    42,0000
10.04.1985 07:00:00   ;    38,0000
11.04.1985 07:00:00   ;    35,0000
12.04.1985 07:00:00   ;    30,0000
13.04.1985 07:00:00   ;    48,0000
14.04.1985 07:00:00   ;    45,0000
15.04.1985 07:00:00   ;    49,0000
16.04.1985 07:00:00   ;    46,0000
17.04.1985 07:00:00   ;    44,0000
18.04.1985 07:00:00   ;    42,0000
19.04.1985 07:00:00   ;    35,0000
20.04.1985 07:00:00   ;    32,0000
21.04.1985 07:00:00   ;    28,0000
22.04.1985 07:00:00   ;    25,0000
23.04.1985 07:00:00   ;    10,0000
24.04.1985 07:00:00   ;     0,0000
25.04.1985 07:00:00   ;     0,0000
26.04.1985 07:00:00   ;     0,0000
27.04.1985 07:00:00   ;     5,0000
28.04.1985 07:00:00   ;     0,0000
29.04.1985 07:00:00   ;    37,0000
30.04.1985 07:00:00   ;    20,0000
01.05.1985 07:00:00   ;    10,0000
02.05.1985 07:00:00   ;     3,0000
03.05.1985 07:00:00   ;    30,0000
04.05.1985 07:00:00   ;    20,0000
05.05.1985 07:00:00   ;    10,0000
06.05.1985 07:00:00   ;    10,0000
07.05.1985 07:00:00   ;     5,0000
08.05.1985 07:00:00   ;     0,0000
09.05.1985 07:00:00   ;     0,0000
10.05.1985 07:00:00   ;     0,0000
11.05.1985 07:00:00   ;     0,0000
12.05.1985 07:00:00   ;     0,0000
13.05.1985 07:00:00   ;     0,0000
14.05.1985 07:00:00   ;     0,0000
15.05.1985 07:00:00   ;     0,0000
16.05.1985 07:00:00   ;     0,0000
17.05.1985 07:00:00   ;     0,0000
18.05.1985 07:00:00   ;     0,0000
19.05.1985 07:00:00   ;     0,0000
20.05.1985 07:00:00   ;     0,0000
21.05.1985 07:00:00   ;     0,0000
22.05.1985 07:00:00   ;     0,0000
23.05.1985 07:00:00   ;     0,0000
24.05.1985 07:00:00   ;     0,0000
25.05.1985 07:00:00   ;     0,0000
26.05.1985 07:00:00   ;     0,0000
27.05.1985 07:00:00   ;     0,0000
28.05.1985 07:00:00   ;     0,0000
29.05.1985 07:00:00   ;     0,0000
30.05.1985 07:00:00   ;     0,0000
31.05.1985 07:00:00   ;     0,0000
01.06.1985 07:00:00   ;     0,0000
02.06.1985 07:00:00   ;     0,0000
03.06.1985 07:00:00   ;     0,0000
04.06.1985 07:00:00   ;     0,0000
05.06.1985 07:00:00   ;     0,0000
06.06.1985 07:00:00   ;     0,0000
07.06.1985 07:00:00   ;     0,0000
08.06.1985 07:00:00   ;     0,0000
09.06.1985 07:00:00   ;     0,0000
10.06.1985 07:00:00   ;     0,0000
11.06.1985 07:00:00   ;     0,0000
12.06.1985 07:00:00   ;     0,0000
13.06.1985 07:00:00   ;     0,0000
14.06.1985 07:00:00   ;     0,0000
15.06.1985 07:00:00   ;     0,0000
16.06.1985 07:00:00   ;     0,0000
17.06.1985 07:00:00   ;     0,0000
18.06.1985 07:00:00   ;     0,0000
19.06.1985 07:00:00   ;     0,0000
20.06.1985 07:00:00   ;     0,0000
21.06.1985 07:00:00   ;     0,0000
22.06.1985 07:00:00   ;     0,0000
23.06.1985 07:00:00   ;     0,0000
24.06.1985 07:00:00   ;     0,0000
25.06.1985 07:00:00   ;     0,0000
26.06.1985 07:00:00   ;     0,0000
27.06.1985 07:00:00   ;     0,0000
28.06.1985 07:00:00   ;     0,0000
29.06.1985 07:00:00   ;     0,0000
30.06.1985 07:00:00   ;     0,0000
01.07.1985 07:00:00   ;     0,0000
02.07.1985 07:00:00   ;     0,0000
03.07.1985 07:00:00   ;     0,0000
04.07.1985 07:00:00   ;     0,0000
05.07.1985 07:00:00   ;     0,0000
06.07.1985 07:00:00   ;     0,0000
07.07.1985 07:00:00   ;     0,0000
08.07.1985 07:00:00   ;     0,0000
09.07.1985 07:00:00   ;     0,0000
10.07.1985 07:00:00   ;     0,0000
11.07.1985 07:00:00   ;     0,0000
12.07.1985 07:00:00   ;     0,0000
13.07.1985 07:00:00   ;     0,0000
14.07.1985 07:00:00   ;     0,0000
15.07.1985 07:00:00   ;     0,0000
16.07.1985 07:00:00   ;     0,0000
17.07.1985 07:00:00   ;     0,0000
18.07.1985 07:00:00   ;     0,0000
19.07.1985 07:00:00   ;     0,0000
20.07.1985 07:00:00   ;     0,0000
21.07.1985 07:00:00   ;     0,0000
22.07.1985 07:00:00   ;     0,0000
23.07.1985 07:00:00   ;     0,0000
24.07.1985 07:00:00   ;     0,0000
25.07.1985 07:00:00   ;     0,0000
26.07.1985 07:00:00   ;     0,0000
27.07.1985 07:00:00   ;     0,0000
28.07.1985 07:00:00   ;     0,0000
29.07.1985 07:00:00   ;     0,0000
30.07.1985 07:00:00   ;     0,0000
31.07.1985 07:00:00   ;     0,0000
01.08.1985 07:00:00   ;     0,0000
02.08.1985 07:00:00   ;     0,0000
03.08.1985 07:00:00   ;     0,0000
04.08.1985 07:00:00   ;     0,0000
05.08.1985 07:00:00   ;     0,0000
06.08.1985 07:00:00   ;     0,0000
07.08.1985 07:00:00   ;     0,0000
08.08.1985 07:00:00   ;     0,0000
09.08.1985 07:00:00   ;     0,0000
10.08.1985 07:00:00   ;     0,0000
11.08.1985 07:00:00   ;     0,0000
12.08.1985 07:00:00   ;     0,0000
13.08.1985 07:00:00   ;     0,0000
14.08.1985 07:00:00   ;     0,0000
15.08.1985 07:00:00   ;     0,0000
16.08.1985 07:00:00   ;     0,0000
17.08.1985 07:00:00   ;     0,0000
18.08.1985 07:00:00   ;     0,0000
19.08.1985 07:00:00   ;     0,0000
20.08.1985 07:00:00   ;     0,0000
21.08.1985 07:00:00   ;     0,0000
22.08.1985 07:00:00   ;     0,0000
23.08.1985 07:00:00   ;     0,0000
24.08.1985 07:00:00   ;     0,0000
25.08.1985 07:00:00   ;     0,0000
26.08.1985 07:00:00   ;     0,0000
27.08.1985 07:00:00   ;     0,0000
28.08.1985 07:00:00   ;     0,0000
29.08.1985 07:00:00   ;     0,0000
30.08.1985 07:00:00   ;     0,0000
31.08.1985 07:00:00   ;     0,0000
01.09.1985 07:00:00   ;     0,0000
02.09.1985 07:00:00   ;     0,0000
03.09.1985 07:00:00   ;     0,0000
04.09.1985 07:00:00   ;     0,0000
05.09.1985 07:00:00   ;     0,0000
06.09.1985 07:00:00   ;     0,0000
07.09.1985 07:00:00   ;     0,0000
08.09.1985 07:00:00   ;     0,0000
09.09.1985 07:00:00   ;     0,0000
10.09.1985 07:00:00   ;     0,0000
11.09.1985 07:00:00   ;     0,0000
12.09.1985 07:00:00   ;     0,0000
13.09.1985 07:00:00   ;     0,0000
14.09.1985 07:00:00   ;     0,0000
15.09.1985 07:00:00   ;     0,0000
16.09.1985 07:00:00   ;     0,0000
17.09.1985 07:00:00   ;     0,0000
18.09.1985 07:00:00   ;     0,0000
19.09.1985 07:00:00   ;     0,0000
20.09.1985 07:00:00   ;     0,0000
21.09.1985 07:00:00   ;     0,0000
22.09.1985 07:00:00   ;     0,0000
23.09.1985 07:00:00   ;     0,0000
24.09.1985 07:00:00   ;     0,0000
25.09.1985 07:00:00   ;     0,0000
26.09.1985 07:00:00   ;     0,0000
27.09.1985 07:00:00   ;     0,0000
28.09.1985 07:00:00   ;     0,0000
29.09.1985 07:00:00   ;     0,0000
30.09.1985 07:00:00   ;     0,0000
01.10.1985 07:00:00   ;     0,0000
02.10.1985 07:00:00   ;     0,0000
03.10.1985 07:00:00   ;     0,0000
04.10.1985 07:00:00   ;     0,0000
05.10.1985 07:00:00   ;     0,0000
06.10.1985 07:00:00   ;     0,0000
07.10.1985 07:00:00   ;     0,0000
08.10.1985 07:00:00   ;     0,0000
09.10.1985 07:00:00   ;     0,0000
10.10.1985 07:00:00   ;     0,0000
11.10.1985 07:00:00   ;     0,0000
12.10.1985 07:00:00   ;     0,0000
13.10.1985 07:00:00   ;     0,0000
14.10.1985 07:00:00   ;     0,0000
15.10.1985 07:00:00   ;     0,0000
16.10.1985 07:00:00   ;     0,0000
17.10.1985 07:00:00   ;     0,0000
18.10.1985 07:00:00   ;     0,0000
19.10.1985 07:00:00   ;     0,0000
20.10.1985 07:00:00   ;     0,0000
21.10.1985 07:00:00   ;     0,0000
22.10.1985 07:00:00   ;     0,0000
23.10.1985 07:00:00   ;     0,0000
24.10.1985 07:00:00   ;     0,0000
25.10.1985 07:00:00   ;     0,0000
26.10.1985 07:00:00   ;     0,0000
27.10.1985 07:00:00   ;     0,0000
28.10.1985 07:00:00   ;     0,0000
29.10.1985 07:00:00   ;     0,0000
30.10.1985 07:00:00   ;     0,0000
31.10.1985 07:00:00   ;     0,0000
01.11.1985 07:00:00   ;     0,0000
02.11.1985 07:00:00   ;     2,0000
03.11.1985 07:00:00   ;     0,0000
04.11.1985 07:00:00   ;     0,0000
05.11.1985 07:00:00   ;     0,0000
06.11.1985 07:00:00   ;     0,0000
07.11.1985 07:00:00   ;     0,0000
08.11.1985 07:00:00   ;     0,0000
09.11.1985 07:00:00   ;     0,0000
10.11.1985 07:00:00   ;     0,0000
11.11.1985 07:00:00   ;     0,0000
12.11.1985 07:00:00   ;     1,0000
13.11.1985 07:00:00   ;    35,0000
14.11.1985 07:00:00   ;    51,0000
15.11.1985 07:00:00   ;    49,0000
16.11.1985 07:00:00   ;    47,0000
17.11.1985 07:00:00   ;    46,0000
18.11.1985 07:00:00   ;    46,0000
19.11.1985 07:00:00   ;    60,0000
20.11.1985 07:00:00   ;    60,0000
21.11.1985 07:00:00   ;    62,0000
22.11.1985 07:00:00   ;    66,0000
23.11.1985 07:00:00   ;    72,0000
24.11.1985 07:00:00   ;    72,0000
25.11.1985 07:00:00   ;    69,0000
26.11.1985 07:00:00   ;    67,0000
27.11.1985 07:00:00   ;    65,0000
28.11.1985 07:00:00   ;    63,0000
29.11.1985 07:00:00   ;    62,0000
30.11.1985 07:00:00   ;    60,0000
01.12.1985 07:00:00   ;    60,0000
02.12.1985 07:00:00   ;    60,0000
03.12.1985 07:00:00   ;    55,0000
04.12.1985 07:00:00   ;    54,0000
05.12.1985 07:00:00   ;    50,0000
06.12.1985 07:00:00   ;    47,0000
07.12.1985 07:00:00   ;    43,0000
08.12.1985 07:00:00   ;    40,0000
09.12.1985 07:00:00   ;    35,0000
10.12.1985 07:00:00   ;    31,0000
11.12.1985 07:00:00   ;    66,0000
12.12.1985 07:00:00   ;    70,0000
13.12.1985 07:00:00   ;    78,0000
14.12.1985 07:00:00   ;    69,0000
15.12.1985 07:00:00   ;    66,0000
16.12.1985 07:00:00   ;    65,0000
17.12.1985 07:00:00   ;    63,0000
18.12.1985 07:00:00   ;    61,0000
19.12.1985 07:00:00   ;    60,0000
20.12.1985 07:00:00   ;    59,0000
21.12.1985 07:00:00   ;    57,0000
22.12.1985 07:00:00   ;    57,0000
23.12.1985 07:00:00   ;    56,0000
24.12.1985 07:00:00   ;    56,0000
25.12.1985 07:00:00   ;    56,0000
26.12.1985 07:00:00   ;    49,0000
27.12.1985 07:00:00   ;    56,0000
28.12.1985 07:00:00   ;    55,0000
29.12.1985 07:00:00   ;    46,0000
30.12.1985 07:00:00   ;    60,0000
31.12.1985 07:00:00   ;    57,0000
01.01.1986 07:00:00   ;    57,0000
02.01.1986 07:00:00   ;    56,0000
03.01.1986 07:00:00   ;    56,0000
04.01.1986 07:00:00   ;    57,0000
05.01.1986 07:00:00   ;    66,0000
06.01.1986 07:00:00   ;    64,0000
07.01.1986 07:00:00   ;    72,0000
08.01.1986 07:00:00   ;    70,0000
09.01.1986 07:00:00   ;    70,0000
10.01.1986 07:00:00   ;    70,0000
11.01.1986 07:00:00   ;    70,0000
12.01.1986 07:00:00   ;    70,0000
13.01.1986 07:00:00   ;    68,0000
14.01.1986 07:00:00   ;    68,0000
15.01.1986 07:00:00   ;    64,0000
16.01.1986 07:00:00   ;    64,0000
17.01.1986 07:00:00   ;    63,0000
18.01.1986 07:00:00   ;    63,0000
19.01.1986 07:00:00   ;    62,0000
20.01.1986 07:00:00   ;    60,0000
21.01.1986 07:00:00   ;    57,0000
22.01.1986 07:00:00   ;    57,0000
23.01.1986 07:00:00   ;    55,0000
24.01.1986 07:00:00   ;    56,0000
25.01.1986 07:00:00   ;    67,0000
26.01.1986 07:00:00   ;    66,0000
27.01.1986 07:00:00   ;    66,0000
28.01.1986 07:00:00   ;    66,0000
29.01.1986 07:00:00   ;    66,0000
30.01.1986 07:00:00   ;    66,0000
31.01.1986 07:00:00   ;    70,0000
01.02.1986 07:00:00   ;    90,0000
02.02.1986 07:00:00   ;   105,0000
03.02.1986 07:00:00   ;   105,0000
04.02.1986 07:00:00   ;   106,0000
05.02.1986 07:00:00   ;   106,0000
06.02.1986 07:00:00   ;   105,0000
07.02.1986 07:00:00   ;   102,0000
08.02.1986 07:00:00   ;   104,0000
09.02.1986 07:00:00   ;   112,0000
10.02.1986 07:00:00   ;   140,0000
11.02.1986 07:00:00   ;   147,0000
12.02.1986 07:00:00   ;   147,0000
13.02.1986 07:00:00   ;   144,0000
14.02.1986 07:00:00   ;   142,0000
15.02.1986 07:00:00   ;   140,0000
16.02.1986 07:00:00   ;   140,0000
17.02.1986 07:00:00   ;   137,0000
18.02.1986 07:00:00   ;   134,0000
19.02.1986 07:00:00   ;   130,0000
20.02.1986 07:00:00   ;   141,0000
21.02.1986 07:00:00   ;   145,0000
22.02.1986 07:00:00   ;   144,0000
23.02.1986 07:00:00   ;   141,0000
24.02.1986 07:00:00   ;   140,0000
25.02.1986 07:00:00   ;   139,0000
26.02.1986 07:00:00   ;   137,0000
27.02.1986 07:00:00   ;   136,0000
28.02.1986 07:00:00   ;   136,0000
01.03.1986 07:00:00   ;   130,0000
02.03.1986 07:00:00   ;   133,0000
03.03.1986 07:00:00   ;   140,0000
04.03.1986 07:00:00   ;   141,0000
05.03.1986 07:00:00   ;   137,0000
06.03.1986 07:00:00   ;   137,0000
07.03.1986 07:00:00   ;   134,0000
08.03.1986 07:00:00   ;   133,0000
09.03.1986 07:00:00   ;   140,0000
10.03.1986 07:00:00   ;   135,0000
11.03.1986 07:00:00   ;   129,0000
12.03.1986 07:00:00   ;   128,0000
13.03.1986 07:00:00   ;   140,0000
14.03.1986 07:00:00   ;   140,0000
15.03.1986 07:00:00   ;   135,0000
16.03.1986 07:00:00   ;   130,0000
17.03.1986 07:00:00   ;   126,0000
18.03.1986 07:00:00   ;   126,0000
19.03.1986 07:00:00   ;   126,0000
20.03.1986 07:00:00   ;   125,0000
21.03.1986 07:00:00   ;   125,0000
22.03.1986 07:00:00   ;   123,0000
23.03.1986 07:00:00   ;   122,0000
24.03.1986 07:00:00   ;   121,0000
25.03.1986 07:00:00   ;   121,0000
26.03.1986 07:00:00   ;   127,0000
27.03.1986 07:00:00   ;   126,0000
28.03.1986 07:00:00   ;   122,0000
29.03.1986 07:00:00   ;   118,0000
30.03.1986 07:00:00   ;   114,0000
31.03.1986 07:00:00   ;   110,0000
01.04.1986 07:00:00   ;   110,0000
02.04.1986 07:00:00   ;   106,0000
03.04.1986 07:00:00   ;   102,0000
04.04.1986 07:00:00   ;    82,0000
05.04.1986 07:00:00   ;    80,0000
06.04.1986 07:00:00   ;    78,0000
07.04.1986 07:00:00   ;    76,0000
08.04.1986 07:00:00   ;    72,0000
09.04.1986 07:00:00   ;    65,0000
10.04.1986 07:00:00   ;    65,0000
11.04.1986 07:00:00   ;    64,0000
12.04.1986 07:00:00   ;    71,0000
13.04.1986 07:00:00   ;    82,0000
14.04.1986 07:00:00   ;    84,0000
15.04.1986 07:00:00   ;    82,0000
16.04.1986 07:00:00   ;    78,0000
17.04.1986 07:00:00   ;    75,0000
18.04.1986 07:00:00   ;    65,0000
19.04.1986 07:00:00   ;    64,0000
20.04.1986 07:00:00   ;    63,0000
21.04.1986 07:00:00   ;    60,0000
22.04.1986 07:00:00   ;    54,0000
23.04.1986 07:00:00   ;    48,0000
24.04.1986 07:00:00   ;    30,0000
25.04.1986 07:00:00   ;    20,0000
26.04.1986 07:00:00   ;    10,0000
27.04.1986 07:00:00   ;     0,0000
28.04.1986 07:00:00   ;     0,0000
29.04.1986 07:00:00   ;     0,0000
30.04.1986 07:00:00   ;     0,0000
01.05.1986 07:00:00   ;     0,0000
02.05.1986 07:00:00   ;     0,0000
03.05.1986 07:00:00   ;     0,0000
04.05.1986 07:00:00   ;     0,0000
05.05.1986 07:00:00   ;     0,0000
06.05.1986 07:00:00   ;     0,0000
07.05.1986 07:00:00   ;     0,0000
08.05.1986 07:00:00   ;     0,0000
09.05.1986 07:00:00   ;     0,0000
10.05.1986 07:00:00   ;     0,0000
11.05.1986 07:00:00   ;     0,0000
12.05.1986 07:00:00   ;     0,0000
13.05.1986 07:00:00   ;     0,0000
14.05.1986 07:00:00   ;     0,0000
15.05.1986 07:00:00   ;     0,0000
16.05.1986 07:00:00   ;     0,0000
17.05.1986 07:00:00   ;     0,0000
18.05.1986 07:00:00   ;     0,0000
19.05.1986 07:00:00   ;     0,0000
20.05.1986 07:00:00   ;     0,0000
21.05.1986 07:00:00   ;     0,0000
22.05.1986 07:00:00   ;     0,0000
23.05.1986 07:00:00   ;     0,0000
24.05.1986 07:00:00   ;     0,0000
25.05.1986 07:00:00   ;     0,0000
26.05.1986 07:00:00   ;     0,0000
27.05.1986 07:00:00   ;     0,0000
28.05.1986 07:00:00   ;     0,0000
29.05.1986 07:00:00   ;     0,0000
30.05.1986 07:00:00   ;     0,0000
31.05.1986 07:00:00   ;     0,0000
01.06.1986 07:00:00   ;     0,0000
02.06.1986 07:00:00   ;     0,0000
03.06.1986 07:00:00   ;     0,0000
04.06.1986 07:00:00   ;     0,0000
05.06.1986 07:00:00   ;     0,0000
06.06.1986 07:00:00   ;     0,0000
07.06.1986 07:00:00   ;     0,0000
08.06.1986 07:00:00   ;     0,0000
09.06.1986 07:00:00   ;     0,0000
10.06.1986 07:00:00   ;     0,0000
11.06.1986 07:00:00   ;     0,0000
12.06.1986 07:00:00   ;     0,0000
13.06.1986 07:00:00   ;     0,0000
14.06.1986 07:00:00   ;     0,0000
15.06.1986 07:00:00   ;     0,0000
16.06.1986 07:00:00   ;     0,0000
17.06.1986 07:00:00   ;     0,0000
18.06.1986 07:00:00   ;     0,0000
19.06.1986 07:00:00   ;     0,0000
20.06.1986 07:00:00   ;     0,0000
21.06.1986 07:00:00   ;     0,0000
22.06.1986 07:00:00   ;     0,0000
23.06.1986 07:00:00   ;     0,0000
24.06.1986 07:00:00   ;     0,0000
25.06.1986 07:00:00   ;     0,0000
26.06.1986 07:00:00   ;     0,0000
27.06.1986 07:00:00   ;     0,0000
28.06.1986 07:00:00   ;     0,0000
29.06.1986 07:00:00   ;     0,0000
30.06.1986 07:00:00   ;     0,0000
01.07.1986 07:00:00   ;     0,0000
02.07.1986 07:00:00   ;     0,0000
03.07.1986 07:00:00   ;     0,0000
04.07.1986 07:00:00   ;     0,0000
05.07.1986 07:00:00   ;     0,0000
06.07.1986 07:00:00   ;     0,0000
07.07.1986 07:00:00   ;     0,0000
08.07.1986 07:00:00   ;     0,0000
09.07.1986 07:00:00   ;     0,0000
10.07.1986 07:00:00   ;     0,0000
11.07.1986 07:00:00   ;     0,0000
12.07.1986 07:00:00   ;     0,0000
13.07.1986 07:00:00   ;     0,0000
14.07.1986 07:00:00   ;     0,0000
15.07.1986 07:00:00   ;     0,0000
16.07.1986 07:00:00   ;     0,0000
17.07.1986 07:00:00   ;     0,0000
18.07.1986 07:00:00   ;     0,0000
19.07.1986 07:00:00   ;     0,0000
20.07.1986 07:00:00   ;     0,0000
21.07.1986 07:00:00   ;     0,0000
22.07.1986 07:00:00   ;     0,0000
23.07.1986 07:00:00   ;     0,0000
24.07.1986 07:00:00   ;     0,0000
25.07.1986 07:00:00   ;     0,0000
26.07.1986 07:00:00   ;     0,0000
27.07.1986 07:00:00   ;     0,0000
28.07.1986 07:00:00   ;     0,0000
29.07.1986 07:00:00   ;     0,0000
30.07.1986 07:00:00   ;     0,0000
31.07.1986 07:00:00   ;     0,0000
01.08.1986 07:00:00   ;     0,0000
02.08.1986 07:00:00   ;     0,0000
03.08.1986 07:00:00   ;     0,0000
04.08.1986 07:00:00   ;     0,0000
05.08.1986 07:00:00   ;     0,0000
06.08.1986 07:00:00   ;     0,0000
07.08.1986 07:00:00   ;     0,0000
08.08.1986 07:00:00   ;     0,0000
09.08.1986 07:00:00   ;     0,0000
10.08.1986 07:00:00   ;     0,0000
11.08.1986 07:00:00   ;     0,0000
12.08.1986 07:00:00   ;     0,0000
13.08.1986 07:00:00   ;     0,0000
14.08.1986 07:00:00   ;     0,0000
15.08.1986 07:00:00   ;     0,0000
16.08.1986 07:00:00   ;     0,0000
17.08.1986 07:00:00   ;     0,0000
18.08.1986 07:00:00   ;     0,0000
19.08.1986 07:00:00   ;     0,0000
20.08.1986 07:00:00   ;     0,0000
21.08.1986 07:00:00   ;     0,0000
22.08.1986 07:00:00   ;     0,0000
23.08.1986 07:00:00   ;     0,0000
24.08.1986 07:00:00   ;     0,0000
25.08.1986 07:00:00   ;     0,0000
26.08.1986 07:00:00   ;     0,0000
27.08.1986 07:00:00   ;     0,0000
28.08.1986 07:00:00   ;     0,0000
29.08.1986 07:00:00   ;     0,0000
30.08.1986 07:00:00   ;     0,0000
31.08.1986 07:00:00   ;     0,0000
01.09.1986 07:00:00   ;     0,0000
02.09.1986 07:00:00   ;     0,0000
03.09.1986 07:00:00   ;     0,0000
04.09.1986 07:00:00   ;     0,0000
05.09.1986 07:00:00   ;     0,0000
06.09.1986 07:00:00   ;     0,0000
07.09.1986 07:00:00   ;     0,0000
08.09.1986 07:00:00   ;     0,0000
09.09.1986 07:00:00   ;     0,0000
10.09.1986 07:00:00   ;     0,0000
11.09.1986 07:00:00   ;     0,0000
12.09.1986 07:00:00   ;     0,0000
13.09.1986 07:00:00   ;     0,0000
14.09.1986 07:00:00   ;     0,0000
15.09.1986 07:00:00   ;     0,0000
16.09.1986 07:00:00   ;     0,0000
17.09.1986 07:00:00   ;     0,0000
18.09.1986 07:00:00   ;     0,0000
19.09.1986 07:00:00   ;     0,0000
20.09.1986 07:00:00   ;     0,0000
21.09.1986 07:00:00   ;     0,0000
22.09.1986 07:00:00   ;     0,0000
23.09.1986 07:00:00   ;     0,0000
24.09.1986 07:00:00   ;     0,0000
25.09.1986 07:00:00   ;     0,0000
26.09.1986 07:00:00   ;     0,0000
27.09.1986 07:00:00   ;     0,0000
28.09.1986 07:00:00   ;     0,0000
29.09.1986 07:00:00   ;     0,0000
30.09.1986 07:00:00   ;     0,0000
01.10.1986 07:00:00   ;     0,0000
02.10.1986 07:00:00   ;     0,0000
03.10.1986 07:00:00   ;     0,0000
04.10.1986 07:00:00   ;     0,0000
05.10.1986 07:00:00   ;     0,0000
06.10.1986 07:00:00   ;     0,0000
07.10.1986 07:00:00   ;     0,0000
08.10.1986 07:00:00   ;     0,0000
09.10.1986 07:00:00   ;     0,0000
10.10.1986 07:00:00   ;     0,0000
11.10.1986 07:00:00   ;     0,0000
12.10.1986 07:00:00   ;     0,0000
13.10.1986 07:00:00   ;     0,0000
14.10.1986 07:00:00   ;     0,0000
15.10.1986 07:00:00   ;     0,0000
16.10.1986 07:00:00   ;     0,0000
17.10.1986 07:00:00   ;     0,0000
18.10.1986 07:00:00   ;     0,0000
19.10.1986 07:00:00   ;     0,0000
20.10.1986 07:00:00   ;     0,0000
21.10.1986 07:00:00   ;     0,0000
22.10.1986 07:00:00   ;     0,0000
23.10.1986 07:00:00   ;     0,0000
24.10.1986 07:00:00   ;     3,0000
25.10.1986 07:00:00   ;     2,0000
26.10.1986 07:00:00   ;     0,0000
27.10.1986 07:00:00   ;     8,0000
28.10.1986 07:00:00   ;     0,0000
29.10.1986 07:00:00   ;     0,0000
30.10.1986 07:00:00   ;     0,0000
31.10.1986 07:00:00   ;     0,0000
01.11.1986 07:00:00   ;     0,0000
02.11.1986 07:00:00   ;     0,0000
03.11.1986 07:00:00   ;     0,0000
04.11.1986 07:00:00   ;     0,0000
05.11.1986 07:00:00   ;     0,0000
06.11.1986 07:00:00   ;     0,0000
07.11.1986 07:00:00   ;     0,0000
08.11.1986 07:00:00   ;     0,0000
09.11.1986 07:00:00   ;     0,0000
10.11.1986 07:00:00   ;     0,0000
11.11.1986 07:00:00   ;     0,0000
12.11.1986 07:00:00   ;     0,0000
13.11.1986 07:00:00   ;     0,0000
14.11.1986 07:00:00   ;     0,0000
15.11.1986 07:00:00   ;     0,0000
16.11.1986 07:00:00   ;     0,0000
17.11.1986 07:00:00   ;     0,0000
18.11.1986 07:00:00   ;     0,0000
19.11.1986 07:00:00   ;     0,0000
20.11.1986 07:00:00   ;     0,0000
21.11.1986 07:00:00   ;     0,0000
22.11.1986 07:00:00   ;     3,0000
23.11.1986 07:00:00   ;     0,0000
24.11.1986 07:00:00   ;    17,0000
25.11.1986 07:00:00   ;    17,0000
26.11.1986 07:00:00   ;    17,0000
27.11.1986 07:00:00   ;    16,0000
28.11.1986 07:00:00   ;    16,0000
29.11.1986 07:00:00   ;    16,0000
30.11.1986 07:00:00   ;    16,0000
01.12.1986 07:00:00   ;    16,0000
02.12.1986 07:00:00   ;    16,0000
03.12.1986 07:00:00   ;    16,0000
04.12.1986 07:00:00   ;    16,0000
05.12.1986 07:00:00   ;    16,0000
06.12.1986 07:00:00   ;    16,0000
07.12.1986 07:00:00   ;    16,0000
08.12.1986 07:00:00   ;    16,0000
09.12.1986 07:00:00   ;    15,0000
10.12.1986 07:00:00   ;    15,0000
11.12.1986 07:00:00   ;    15,0000
12.12.1986 07:00:00   ;    15,0000
13.12.1986 07:00:00   ;    15,0000
14.12.1986 07:00:00   ;    15,0000
15.12.1986 07:00:00   ;    48,0000
16.12.1986 07:00:00   ;    54,0000
17.12.1986 07:00:00   ;    54,0000
18.12.1986 07:00:00   ;    54,0000
19.12.1986 07:00:00   ;    54,0000
20.12.1986 07:00:00   ;    55,0000
21.12.1986 07:00:00   ;    54,0000
22.12.1986 07:00:00   ;    54,0000
23.12.1986 07:00:00   ;    54,0000
24.12.1986 07:00:00   ;    54,0000
25.12.1986 07:00:00   ;    54,0000
26.12.1986 07:00:00   ;    54,0000
27.12.1986 07:00:00   ;    54,0000
28.12.1986 07:00:00   ;    54,0000
29.12.1986 07:00:00   ;    54,0000
30.12.1986 07:00:00   ;    54,0000
31.12.1986 07:00:00   ;    54,0000
01.01.1987 07:00:00   ;    52,0000
02.01.1987 07:00:00   ;    50,0000
03.01.1987 07:00:00   ;    51,0000
04.01.1987 07:00:00   ;    51,0000
05.01.1987 07:00:00   ;    51,0000
06.01.1987 07:00:00   ;    51,0000
07.01.1987 07:00:00   ;    51,0000
08.01.1987 07:00:00   ;    51,0000
09.01.1987 07:00:00   ;    51,0000
10.01.1987 07:00:00   ;    51,0000
11.01.1987 07:00:00   ;    64,0000
12.01.1987 07:00:00   ;   120,0000
13.01.1987 07:00:00   ;   115,0000
14.01.1987 07:00:00   ;   116,0000
15.01.1987 07:00:00   ;   141,0000
16.01.1987 07:00:00   ;   130,0000
17.01.1987 07:00:00   ;   125,0000
18.01.1987 07:00:00   ;   126,0000
19.01.1987 07:00:00   ;   122,0000
20.01.1987 07:00:00   ;   118,0000
21.01.1987 07:00:00   ;   115,0000
22.01.1987 07:00:00   ;   113,0000
23.01.1987 07:00:00   ;   112,0000
24.01.1987 07:00:00   ;   111,0000
25.01.1987 07:00:00   ;   107,0000
26.01.1987 07:00:00   ;   103,0000
27.01.1987 07:00:00   ;   101,0000
28.01.1987 07:00:00   ;   100,0000
29.01.1987 07:00:00   ;   100,0000
30.01.1987 07:00:00   ;   100,0000
31.01.1987 07:00:00   ;   100,0000
01.02.1987 07:00:00   ;    99,0000
02.02.1987 07:00:00   ;    99,0000
03.02.1987 07:00:00   ;    99,0000
04.02.1987 07:00:00   ;    99,0000
05.02.1987 07:00:00   ;    98,0000
06.02.1987 07:00:00   ;    96,0000
07.02.1987 07:00:00   ;    95,0000
08.02.1987 07:00:00   ;    92,0000
09.02.1987 07:00:00   ;    92,0000
10.02.1987 07:00:00   ;    90,0000
11.02.1987 07:00:00   ;    87,0000
12.02.1987 07:00:00   ;    72,0000
13.02.1987 07:00:00   ;    65,0000
14.02.1987 07:00:00   ;    62,0000
15.02.1987 07:00:00   ;    61,0000
16.02.1987 07:00:00   ;    61,0000
17.02.1987 07:00:00   ;    72,0000
18.02.1987 07:00:00   ;    70,0000
19.02.1987 07:00:00   ;    70,0000
20.02.1987 07:00:00   ;   100,0000
21.02.1987 07:00:00   ;   113,0000
22.02.1987 07:00:00   ;   110,0000
23.02.1987 07:00:00   ;   104,0000
24.02.1987 07:00:00   ;   100,0000
25.02.1987 07:00:00   ;    94,0000
26.02.1987 07:00:00   ;    90,0000
27.02.1987 07:00:00   ;    90,0000
28.02.1987 07:00:00   ;    90,0000
01.03.1987 07:00:00   ;    88,0000
02.03.1987 07:00:00   ;    85,0000
03.03.1987 07:00:00   ;    85,0000
04.03.1987 07:00:00   ;    86,0000
05.03.1987 07:00:00   ;    82,0000
06.03.1987 07:00:00   ;    81,0000
07.03.1987 07:00:00   ;    81,0000
08.03.1987 07:00:00   ;    81,0000
09.03.1987 07:00:00   ;    81,0000
10.03.1987 07:00:00   ;    81,0000
11.03.1987 07:00:00   ;    80,0000
12.03.1987 07:00:00   ;    80,0000
13.03.1987 07:00:00   ;    80,0000
14.03.1987 07:00:00   ;    80,0000
15.03.1987 07:00:00   ;    80,0000
16.03.1987 07:00:00   ;    80,0000
17.03.1987 07:00:00   ;    80,0000
18.03.1987 07:00:00   ;    80,0000
19.03.1987 07:00:00   ;    80,0000
20.03.1987 07:00:00   ;   108,0000
21.03.1987 07:00:00   ;   126,0000
22.03.1987 07:00:00   ;   122,0000
23.03.1987 07:00:00   ;   120,0000
24.03.1987 07:00:00   ;   112,0000
25.03.1987 07:00:00   ;   105,0000
26.03.1987 07:00:00   ;   100,0000
27.03.1987 07:00:00   ;    92,0000
28.03.1987 07:00:00   ;    84,0000
29.03.1987 07:00:00   ;    95,0000
30.03.1987 07:00:00   ;    93,0000
31.03.1987 07:00:00   ;    90,0000
01.04.1987 07:00:00   ;    96,0000
02.04.1987 07:00:00   ;    94,0000
03.04.1987 07:00:00   ;    90,0000
04.04.1987 07:00:00   ;    81,0000
05.04.1987 07:00:00   ;    70,0000
06.04.1987 07:00:00   ;    64,0000
07.04.1987 07:00:00   ;    62,0000
08.04.1987 07:00:00   ;    58,0000
09.04.1987 07:00:00   ;    50,0000
10.04.1987 07:00:00   ;    48,0000
11.04.1987 07:00:00   ;    43,0000
12.04.1987 07:00:00   ;    38,0000
13.04.1987 07:00:00   ;    45,0000
14.04.1987 07:00:00   ;    40,0000
15.04.1987 07:00:00   ;    35,0000
16.04.1987 07:00:00   ;    32,0000
17.04.1987 07:00:00   ;    30,0000
18.04.1987 07:00:00   ;    25,0000
19.04.1987 07:00:00   ;    18,0000
20.04.1987 07:00:00   ;    10,0000
21.04.1987 07:00:00   ;     0,0000
22.04.1987 07:00:00   ;     0,0000
23.04.1987 07:00:00   ;     0,0000
24.04.1987 07:00:00   ;     0,0000
25.04.1987 07:00:00   ;     0,0000
26.04.1987 07:00:00   ;     0,0000
27.04.1987 07:00:00   ;     0,0000
28.04.1987 07:00:00   ;     0,0000
29.04.1987 07:00:00   ;     0,0000
30.04.1987 07:00:00   ;     0,0000
01.05.1987 07:00:00   ;     0,0000
02.05.1987 07:00:00   ;     0,0000
03.05.1987 07:00:00   ;     0,0000
04.05.1987 07:00:00   ;     0,0000
05.05.1987 07:00:00   ;     0,0000
06.05.1987 07:00:00   ;     0,0000
07.05.1987 07:00:00   ;     0,0000
08.05.1987 07:00:00   ;     0,0000
09.05.1987 07:00:00   ;     0,0000
10.05.1987 07:00:00   ;     0,0000
11.05.1987 07:00:00   ;     0,0000
12.05.1987 07:00:00   ;     0,0000
13.05.1987 07:00:00   ;     0,0000
14.05.1987 07:00:00   ;     8,0000
15.05.1987 07:00:00   ;     0,0000
16.05.1987 07:00:00   ;     0,0000
17.05.1987 07:00:00   ;     0,0000
18.05.1987 07:00:00   ;     0,0000
19.05.1987 07:00:00   ;     0,0000
20.05.1987 07:00:00   ;     0,0000
21.05.1987 07:00:00   ;     0,0000
22.05.1987 07:00:00   ;     0,0000
23.05.1987 07:00:00   ;     0,0000
24.05.1987 07:00:00   ;     0,0000
25.05.1987 07:00:00   ;     0,0000
26.05.1987 07:00:00   ;     0,0000
27.05.1987 07:00:00   ;     0,0000
28.05.1987 07:00:00   ;     0,0000
29.05.1987 07:00:00   ;     0,0000
30.05.1987 07:00:00   ;     0,0000
31.05.1987 07:00:00   ;     0,0000
01.06.1987 07:00:00   ;     0,0000
02.06.1987 07:00:00   ;     0,0000
03.06.1987 07:00:00   ;     0,0000
04.06.1987 07:00:00   ;     0,0000
05.06.1987 07:00:00   ;     0,0000
06.06.1987 07:00:00   ;     0,0000
07.06.1987 07:00:00   ;     0,0000
08.06.1987 07:00:00   ;     0,0000
09.06.1987 07:00:00   ;     0,0000
10.06.1987 07:00:00   ;     0,0000
11.06.1987 07:00:00   ;     0,0000
12.06.1987 07:00:00   ;     0,0000
13.06.1987 07:00:00   ;     0,0000
14.06.1987 07:00:00   ;     0,0000
15.06.1987 07:00:00   ;     0,0000
16.06.1987 07:00:00   ;     0,0000
17.06.1987 07:00:00   ;     0,0000
18.06.1987 07:00:00   ;     0,0000
19.06.1987 07:00:00   ;     0,0000
20.06.1987 07:00:00   ;     0,0000
21.06.1987 07:00:00   ;     0,0000
22.06.1987 07:00:00   ;     0,0000
23.06.1987 07:00:00   ;     0,0000
24.06.1987 07:00:00   ;     0,0000
25.06.1987 07:00:00   ;     0,0000
26.06.1987 07:00:00   ;     0,0000
27.06.1987 07:00:00   ;     0,0000
28.06.1987 07:00:00   ;     0,0000
29.06.1987 07:00:00   ;     0,0000
30.06.1987 07:00:00   ;     0,0000
01.07.1987 07:00:00   ;     0,0000
02.07.1987 07:00:00   ;     0,0000
03.07.1987 07:00:00   ;     0,0000
04.07.1987 07:00:00   ;     0,0000
05.07.1987 07:00:00   ;     0,0000
06.07.1987 07:00:00   ;     0,0000
07.07.1987 07:00:00   ;     0,0000
08.07.1987 07:00:00   ;     0,0000
09.07.1987 07:00:00   ;     0,0000
10.07.1987 07:00:00   ;     0,0000
11.07.1987 07:00:00   ;     0,0000
12.07.1987 07:00:00   ;     0,0000
13.07.1987 07:00:00   ;     0,0000
14.07.1987 07:00:00   ;     0,0000
15.07.1987 07:00:00   ;     0,0000
16.07.1987 07:00:00   ;     0,0000
17.07.1987 07:00:00   ;     0,0000
18.07.1987 07:00:00   ;     0,0000
19.07.1987 07:00:00   ;     0,0000
20.07.1987 07:00:00   ;     0,0000
21.07.1987 07:00:00   ;     0,0000
22.07.1987 07:00:00   ;     0,0000
23.07.1987 07:00:00   ;     0,0000
24.07.1987 07:00:00   ;     0,0000
25.07.1987 07:00:00   ;     0,0000
26.07.1987 07:00:00   ;     0,0000
27.07.1987 07:00:00   ;     0,0000
28.07.1987 07:00:00   ;     0,0000
29.07.1987 07:00:00   ;     0,0000
30.07.1987 07:00:00   ;     0,0000
31.07.1987 07:00:00   ;     0,0000
01.08.1987 07:00:00   ;     0,0000
02.08.1987 07:00:00   ;     0,0000
03.08.1987 07:00:00   ;     0,0000
04.08.1987 07:00:00   ;     0,0000
05.08.1987 07:00:00   ;     0,0000
06.08.1987 07:00:00   ;     0,0000
07.08.1987 07:00:00   ;     0,0000
08.08.1987 07:00:00   ;     0,0000
09.08.1987 07:00:00   ;     0,0000
10.08.1987 07:00:00   ;     0,0000
11.08.1987 07:00:00   ;     0,0000
12.08.1987 07:00:00   ;     0,0000
13.08.1987 07:00:00   ;     0,0000
14.08.1987 07:00:00   ;     0,0000
15.08.1987 07:00:00   ;     0,0000
16.08.1987 07:00:00   ;     0,0000
17.08.1987 07:00:00   ;     0,0000
18.08.1987 07:00:00   ;     0,0000
19.08.1987 07:00:00   ;     0,0000
20.08.1987 07:00:00   ;     0,0000
21.08.1987 07:00:00   ;     0,0000
22.08.1987 07:00:00   ;     0,0000
23.08.1987 07:00:00   ;     0,0000
24.08.1987 07:00:00   ;     0,0000
25.08.1987 07:00:00   ;     0,0000
26.08.1987 07:00:00   ;     0,0000
27.08.1987 07:00:00   ;     0,0000
28.08.1987 07:00:00   ;     0,0000
29.08.1987 07:00:00   ;     0,0000
30.08.1987 07:00:00   ;     0,0000
31.08.1987 07:00:00   ;     0,0000
01.09.1987 07:00:00   ;     0,0000
02.09.1987 07:00:00   ;     0,0000
03.09.1987 07:00:00   ;     0,0000
04.09.1987 07:00:00   ;     0,0000
05.09.1987 07:00:00   ;     0,0000
06.09.1987 07:00:00   ;     0,0000
07.09.1987 07:00:00   ;     0,0000
08.09.1987 07:00:00   ;     0,0000
09.09.1987 07:00:00   ;     0,0000
10.09.1987 07:00:00   ;     0,0000
11.09.1987 07:00:00   ;     0,0000
12.09.1987 07:00:00   ;     0,0000
13.09.1987 07:00:00   ;     0,0000
14.09.1987 07:00:00   ;     0,0000
15.09.1987 07:00:00   ;     0,0000
16.09.1987 07:00:00   ;     0,0000
17.09.1987 07:00:00   ;     0,0000
18.09.1987 07:00:00   ;     0,0000
19.09.1987 07:00:00   ;     0,0000
20.09.1987 07:00:00   ;     0,0000
21.09.1987 07:00:00   ;     0,0000
22.09.1987 07:00:00   ;     0,0000
23.09.1987 07:00:00   ;     0,0000
24.09.1987 07:00:00   ;     0,0000
25.09.1987 07:00:00   ;     0,0000
26.09.1987 07:00:00   ;     0,0000
27.09.1987 07:00:00   ;     0,0000
28.09.1987 07:00:00   ;     0,0000
29.09.1987 07:00:00   ;     0,0000
30.09.1987 07:00:00   ;     0,0000
01.10.1987 07:00:00   ;     0,0000
02.10.1987 07:00:00   ;     0,0000
03.10.1987 07:00:00   ;     0,0000
04.10.1987 07:00:00   ;     0,0000
05.10.1987 07:00:00   ;     0,0000
06.10.1987 07:00:00   ;     0,0000
07.10.1987 07:00:00   ;     0,0000
08.10.1987 07:00:00   ;     0,0000
09.10.1987 07:00:00   ;     0,0000
10.10.1987 07:00:00   ;     0,0000
11.10.1987 07:00:00   ;     0,0000
12.10.1987 07:00:00   ;     0,0000
13.10.1987 07:00:00   ;     0,0000
14.10.1987 07:00:00   ;     0,0000
15.10.1987 07:00:00   ;     0,0000
16.10.1987 07:00:00   ;     0,0000
17.10.1987 07:00:00   ;     0,0000
18.10.1987 07:00:00   ;     0,0000
19.10.1987 07:00:00   ;     0,0000
20.10.1987 07:00:00   ;     0,0000
21.10.1987 07:00:00   ;     0,0000
22.10.1987 07:00:00   ;     0,0000
23.10.1987 07:00:00   ;     0,0000
24.10.1987 07:00:00   ;     0,0000
25.10.1987 07:00:00   ;     0,0000
26.10.1987 07:00:00   ;     0,0000
27.10.1987 07:00:00   ;     0,0000
28.10.1987 07:00:00   ;     0,0000
29.10.1987 07:00:00   ;     0,0000
30.10.1987 07:00:00   ;     0,0000
31.10.1987 07:00:00   ;     0,0000
01.11.1987 07:00:00   ;     0,0000
02.11.1987 07:00:00   ;     0,0000
03.11.1987 07:00:00   ;     0,0000
04.11.1987 07:00:00   ;     0,0000
05.11.1987 07:00:00   ;     0,0000
06.11.1987 07:00:00   ;     0,0000
07.11.1987 07:00:00   ;     0,0000
08.11.1987 07:00:00   ;     0,0000
09.11.1987 07:00:00   ;     0,0000
10.11.1987 07:00:00   ;     0,0000
11.11.1987 07:00:00   ;     0,0000
12.11.1987 07:00:00   ;     0,0000
13.11.1987 07:00:00   ;     0,0000
14.11.1987 07:00:00   ;     0,0000
15.11.1987 07:00:00   ;    16,0000
16.11.1987 07:00:00   ;    15,0000
17.11.1987 07:00:00   ;    10,0000
18.11.1987 07:00:00   ;    10,0000
19.11.1987 07:00:00   ;    10,0000
20.11.1987 07:00:00   ;     8,0000
21.11.1987 07:00:00   ;     8,0000
22.11.1987 07:00:00   ;     8,0000
23.11.1987 07:00:00   ;     6,0000
24.11.1987 07:00:00   ;    40,0000
25.11.1987 07:00:00   ;    35,0000
26.11.1987 07:00:00   ;    37,0000
27.11.1987 07:00:00   ;    35,0000
28.11.1987 07:00:00   ;    38,0000
29.11.1987 07:00:00   ;    42,0000
30.11.1987 07:00:00   ;    45,0000
01.12.1987 07:00:00   ;    47,0000
02.12.1987 07:00:00   ;    44,0000
03.12.1987 07:00:00   ;    44,0000
04.12.1987 07:00:00   ;    39,0000
05.12.1987 07:00:00   ;    38,0000
06.12.1987 07:00:00   ;    36,0000
07.12.1987 07:00:00   ;    36,0000
08.12.1987 07:00:00   ;    36,0000
09.12.1987 07:00:00   ;    36,0000
10.12.1987 07:00:00   ;    36,0000
11.12.1987 07:00:00   ;    36,0000
12.12.1987 07:00:00   ;    36,0000
13.12.1987 07:00:00   ;    36,0000
14.12.1987 07:00:00   ;    36,0000
15.12.1987 07:00:00   ;    36,0000
16.12.1987 07:00:00   ;    36,0000
17.12.1987 07:00:00   ;    36,0000
18.12.1987 07:00:00   ;    34,0000
19.12.1987 07:00:00   ;    31,0000
20.12.1987 07:00:00   ;    31,0000
21.12.1987 07:00:00   ;    31,0000
22.12.1987 07:00:00   ;    31,0000
23.12.1987 07:00:00   ;    31,0000
24.12.1987 07:00:00   ;    31,0000
25.12.1987 07:00:00   ;    31,0000
26.12.1987 07:00:00   ;    31,0000
27.12.1987 07:00:00   ;    31,0000
28.12.1987 07:00:00   ;    31,0000
29.12.1987 07:00:00   ;    31,0000
30.12.1987 07:00:00   ;    31,0000
31.12.1987 07:00:00   ;    31,0000
01.01.1988 07:00:00   ;    31,0000
02.01.1988 07:00:00   ;    31,0000
03.01.1988 07:00:00   ;    31,0000
04.01.1988 07:00:00   ;    31,0000
05.01.1988 07:00:00   ;    31,0000
06.01.1988 07:00:00   ;    31,0000
07.01.1988 07:00:00   ;    24,0000
08.01.1988 07:00:00   ;    25,0000
09.01.1988 07:00:00   ;    25,0000
10.01.1988 07:00:00   ;    25,0000
11.01.1988 07:00:00   ;    25,0000
12.01.1988 07:00:00   ;    25,0000
13.01.1988 07:00:00   ;    25,0000
14.01.1988 07:00:00   ;    25,0000
15.01.1988 07:00:00   ;    25,0000
16.01.1988 07:00:00   ;    25,0000
17.01.1988 07:00:00   ;    25,0000
18.01.1988 07:00:00   ;    25,0000
19.01.1988 07:00:00   ;    25,0000
20.01.1988 07:00:00   ;    25,0000
21.01.1988 07:00:00   ;    25,0000
22.01.1988 07:00:00   ;    30,0000
23.01.1988 07:00:00   ;    40,0000
24.01.1988 07:00:00   ;    40,0000
25.01.1988 07:00:00   ;    40,0000
26.01.1988 07:00:00   ;    45,0000
27.01.1988 07:00:00   ;    44,0000
28.01.1988 07:00:00   ;    43,0000
29.01.1988 07:00:00   ;    32,0000
30.01.1988 07:00:00   ;    30,0000
31.01.1988 07:00:00   ;    40,0000
01.02.1988 07:00:00   ;    40,0000
02.02.1988 07:00:00   ;    38,0000
03.02.1988 07:00:00   ;    50,0000
04.02.1988 07:00:00   ;    47,0000
05.02.1988 07:00:00   ;    47,0000
06.02.1988 07:00:00   ;    45,0000
07.02.1988 07:00:00   ;    30,0000
08.02.1988 07:00:00   ;    27,0000
09.02.1988 07:00:00   ;    38,0000
10.02.1988 07:00:00   ;    37,0000
11.02.1988 07:00:00   ;    40,0000
12.02.1988 07:00:00   ;    44,0000
13.02.1988 07:00:00   ;    67,0000
14.02.1988 07:00:00   ;    66,0000
15.02.1988 07:00:00   ;    64,0000
16.02.1988 07:00:00   ;    63,0000
17.02.1988 07:00:00   ;    60,0000
18.02.1988 07:00:00   ;    57,0000
19.02.1988 07:00:00   ;    55,0000
20.02.1988 07:00:00   ;    54,0000
21.02.1988 07:00:00   ;    52,0000
22.02.1988 07:00:00   ;    51,0000
23.02.1988 07:00:00   ;    50,0000
24.02.1988 07:00:00   ;    60,0000
25.02.1988 07:00:00   ;    60,0000
26.02.1988 07:00:00   ;    57,0000
27.02.1988 07:00:00   ;    65,0000
28.02.1988 07:00:00   ;    73,0000
29.02.1988 07:00:00   ;    73,0000
01.03.1988 07:00:00   ;    70,0000
02.03.1988 07:00:00   ;    68,0000
03.03.1988 07:00:00   ;    66,0000
04.03.1988 07:00:00   ;    65,0000
05.03.1988 07:00:00   ;    64,0000
06.03.1988 07:00:00   ;    82,0000
07.03.1988 07:00:00   ;    82,0000
08.03.1988 07:00:00   ;    78,0000
09.03.1988 07:00:00   ;    77,0000
10.03.1988 07:00:00   ;    75,0000
11.03.1988 07:00:00   ;    74,0000
12.03.1988 07:00:00   ;    73,0000
13.03.1988 07:00:00   ;    69,0000
14.03.1988 07:00:00   ;    64,0000
15.03.1988 07:00:00   ;    60,0000
16.03.1988 07:00:00   ;    56,0000
17.03.1988 07:00:00   ;    52,0000
18.03.1988 07:00:00   ;    48,0000
19.03.1988 07:00:00   ;    45,0000
20.03.1988 07:00:00   ;    44,0000
21.03.1988 07:00:00   ;    43,0000
22.03.1988 07:00:00   ;    40,0000
23.03.1988 07:00:00   ;    46,0000
24.03.1988 07:00:00   ;    45,0000
25.03.1988 07:00:00   ;    43,0000
26.03.1988 07:00:00   ;    43,0000
27.03.1988 07:00:00   ;    41,0000
28.03.1988 07:00:00   ;    40,0000
29.03.1988 07:00:00   ;    39,0000
30.03.1988 07:00:00   ;    36,0000
31.03.1988 07:00:00   ;    35,0000
01.04.1988 07:00:00   ;    35,0000
02.04.1988 07:00:00   ;    38,0000
03.04.1988 07:00:00   ;    37,0000
04.04.1988 07:00:00   ;    36,0000
05.04.1988 07:00:00   ;    35,0000
06.04.1988 07:00:00   ;    34,0000
07.04.1988 07:00:00   ;    30,0000
08.04.1988 07:00:00   ;    27,0000
09.04.1988 07:00:00   ;    24,0000
10.04.1988 07:00:00   ;    21,0000
11.04.1988 07:00:00   ;    16,0000
12.04.1988 07:00:00   ;    12,0000
13.04.1988 07:00:00   ;     9,0000
14.04.1988 07:00:00   ;     6,0000
15.04.1988 07:00:00   ;     4,0000
16.04.1988 07:00:00   ;     3,0000
17.04.1988 07:00:00   ;     1,0000
18.04.1988 07:00:00   ;     0,0000
19.04.1988 07:00:00   ;     0,0000
20.04.1988 07:00:00   ;     0,0000
21.04.1988 07:00:00   ;     0,0000
22.04.1988 07:00:00   ;     0,0000
23.04.1988 07:00:00   ;     0,0000
24.04.1988 07:00:00   ;     3,0000
25.04.1988 07:00:00   ;     0,0000
26.04.1988 07:00:00   ;     0,0000
27.04.1988 07:00:00   ;     0,0000
28.04.1988 07:00:00   ;     0,0000
29.04.1988 07:00:00   ;     0,0000
30.04.1988 07:00:00   ;     0,0000
01.05.1988 07:00:00   ;     0,0000
02.05.1988 07:00:00   ;     0,0000
03.05.1988 07:00:00   ;     0,0000
04.05.1988 07:00:00   ;     0,0000
05.05.1988 07:00:00   ;     0,0000
06.05.1988 07:00:00   ;     0,0000
07.05.1988 07:00:00   ;     0,0000
08.05.1988 07:00:00   ;     0,0000
09.05.1988 07:00:00   ;     0,0000
10.05.1988 07:00:00   ;     0,0000
11.05.1988 07:00:00   ;     0,0000
12.05.1988 07:00:00   ;     0,0000
13.05.1988 07:00:00   ;     0,0000
14.05.1988 07:00:00   ;     0,0000
15.05.1988 07:00:00   ;     0,0000
16.05.1988 07:00:00   ;     0,0000
17.05.1988 07:00:00   ;     0,0000
18.05.1988 07:00:00   ;     0,0000
19.05.1988 07:00:00   ;     0,0000
20.05.1988 07:00:00   ;     0,0000
21.05.1988 07:00:00   ;     0,0000
22.05.1988 07:00:00   ;     0,0000
23.05.1988 07:00:00   ;     0,0000
24.05.1988 07:00:00   ;     0,0000
25.05.1988 07:00:00   ;     0,0000
26.05.1988 07:00:00   ;     0,0000
27.05.1988 07:00:00   ;     0,0000
28.05.1988 07:00:00   ;     0,0000
29.05.1988 07:00:00   ;     0,0000
30.05.1988 07:00:00   ;     0,0000
31.05.1988 07:00:00   ;     0,0000
01.06.1988 07:00:00   ;     0,0000
02.06.1988 07:00:00   ;     0,0000
03.06.1988 07:00:00   ;     0,0000
04.06.1988 07:00:00   ;     0,0000
05.06.1988 07:00:00   ;     0,0000
06.06.1988 07:00:00   ;     0,0000
07.06.1988 07:00:00   ;     0,0000
08.06.1988 07:00:00   ;     0,0000
09.06.1988 07:00:00   ;     0,0000
10.06.1988 07:00:00   ;     0,0000
11.06.1988 07:00:00   ;     0,0000
12.06.1988 07:00:00   ;     0,0000
13.06.1988 07:00:00   ;     0,0000
14.06.1988 07:00:00   ;     0,0000
15.06.1988 07:00:00   ;     0,0000
16.06.1988 07:00:00   ;     0,0000
17.06.1988 07:00:00   ;     0,0000
18.06.1988 07:00:00   ;     0,0000
19.06.1988 07:00:00   ;     0,0000
20.06.1988 07:00:00   ;     0,0000
21.06.1988 07:00:00   ;     0,0000
22.06.1988 07:00:00   ;     0,0000
23.06.1988 07:00:00   ;     0,0000
24.06.1988 07:00:00   ;     0,0000
25.06.1988 07:00:00   ;     0,0000
26.06.1988 07:00:00   ;     0,0000
27.06.1988 07:00:00   ;     0,0000
28.06.1988 07:00:00   ;     0,0000
29.06.1988 07:00:00   ;     0,0000
30.06.1988 07:00:00   ;     0,0000
01.07.1988 07:00:00   ;     0,0000
02.07.1988 07:00:00   ;     0,0000
03.07.1988 07:00:00   ;     0,0000
04.07.1988 07:00:00   ;     0,0000
05.07.1988 07:00:00   ;     0,0000
06.07.1988 07:00:00   ;     0,0000
07.07.1988 07:00:00   ;     0,0000
08.07.1988 07:00:00   ;     0,0000
09.07.1988 07:00:00   ;     0,0000
10.07.1988 07:00:00   ;     0,0000
11.07.1988 07:00:00   ;     0,0000
12.07.1988 07:00:00   ;     0,0000
13.07.1988 07:00:00   ;     0,0000
14.07.1988 07:00:00   ;     0,0000
15.07.1988 07:00:00   ;     0,0000
16.07.1988 07:00:00   ;     0,0000
17.07.1988 07:00:00   ;     0,0000
18.07.1988 07:00:00   ;     0,0000
19.07.1988 07:00:00   ;     0,0000
20.07.1988 07:00:00   ;     0,0000
21.07.1988 07:00:00   ;     0,0000
22.07.1988 07:00:00   ;     0,0000
23.07.1988 07:00:00   ;     0,0000
24.07.1988 07:00:00   ;     0,0000
25.07.1988 07:00:00   ;     0,0000
26.07.1988 07:00:00   ;     0,0000
27.07.1988 07:00:00   ;     0,0000
28.07.1988 07:00:00   ;     0,0000
29.07.1988 07:00:00   ;     0,0000
30.07.1988 07:00:00   ;     0,0000
31.07.1988 07:00:00   ;     0,0000
01.08.1988 07:00:00   ;     0,0000
02.08.1988 07:00:00   ;     0,0000
03.08.1988 07:00:00   ;     0,0000
04.08.1988 07:00:00   ;     0,0000
05.08.1988 07:00:00   ;     0,0000
06.08.1988 07:00:00   ;     0,0000
07.08.1988 07:00:00   ;     0,0000
08.08.1988 07:00:00   ;     0,0000
09.08.1988 07:00:00   ;     0,0000
10.08.1988 07:00:00   ;     0,0000
11.08.1988 07:00:00   ;     0,0000
12.08.1988 07:00:00   ;     0,0000
13.08.1988 07:00:00   ;     0,0000
14.08.1988 07:00:00   ;     0,0000
15.08.1988 07:00:00   ;     0,0000
16.08.1988 07:00:00   ;     0,0000
17.08.1988 07:00:00   ;     0,0000
18.08.1988 07:00:00   ;     0,0000
19.08.1988 07:00:00   ;     0,0000
20.08.1988 07:00:00   ;     0,0000
21.08.1988 07:00:00   ;     0,0000
22.08.1988 07:00:00   ;     0,0000
23.08.1988 07:00:00   ;     0,0000
24.08.1988 07:00:00   ;     0,0000
25.08.1988 07:00:00   ;     0,0000
26.08.1988 07:00:00   ;     0,0000
27.08.1988 07:00:00   ;     0,0000
28.08.1988 07:00:00   ;     0,0000
29.08.1988 07:00:00   ;     0,0000
30.08.1988 07:00:00   ;     0,0000
31.08.1988 07:00:00   ;     0,0000
01.09.1988 07:00:00   ;     0,0000
02.09.1988 07:00:00   ;     0,0000
03.09.1988 07:00:00   ;     0,0000
04.09.1988 07:00:00   ;     0,0000
05.09.1988 07:00:00   ;     0,0000
06.09.1988 07:00:00   ;     0,0000
07.09.1988 07:00:00   ;     0,0000
08.09.1988 07:00:00   ;     0,0000
09.09.1988 07:00:00   ;     0,0000
10.09.1988 07:00:00   ;     0,0000
11.09.1988 07:00:00   ;     0,0000
12.09.1988 07:00:00   ;     0,0000
13.09.1988 07:00:00   ;     0,0000
14.09.1988 07:00:00   ;     0,0000
15.09.1988 07:00:00   ;     0,0000
16.09.1988 07:00:00   ;     0,0000
17.09.1988 07:00:00   ;     0,0000
18.09.1988 07:00:00   ;     0,0000
19.09.1988 07:00:00   ;     0,0000
20.09.1988 07:00:00   ;     0,0000
21.09.1988 07:00:00   ;     0,0000
22.09.1988 07:00:00   ;     0,0000
23.09.1988 07:00:00   ;     0,0000
24.09.1988 07:00:00   ;     0,0000
25.09.1988 07:00:00   ;     0,0000
26.09.1988 07:00:00   ;     0,0000
27.09.1988 07:00:00   ;     0,0000
28.09.1988 07:00:00   ;     0,0000
29.09.1988 07:00:00   ;     0,0000
30.09.1988 07:00:00   ;     0,0000
01.10.1988 07:00:00   ;     0,0000
02.10.1988 07:00:00   ;     0,0000
03.10.1988 07:00:00   ;     0,0000
04.10.1988 07:00:00   ;     0,0000
05.10.1988 07:00:00   ;     0,0000
06.10.1988 07:00:00   ;     0,0000
07.10.1988 07:00:00   ;     0,0000
08.10.1988 07:00:00   ;     0,0000
09.10.1988 07:00:00   ;     0,0000
10.10.1988 07:00:00   ;     0,0000
11.10.1988 07:00:00   ;     0,0000
12.10.1988 07:00:00   ;     0,0000
13.10.1988 07:00:00   ;     0,0000
14.10.1988 07:00:00   ;     0,0000
15.10.1988 07:00:00   ;     0,0000
16.10.1988 07:00:00   ;     0,0000
17.10.1988 07:00:00   ;     0,0000
18.10.1988 07:00:00   ;     0,0000
19.10.1988 07:00:00   ;     0,0000
20.10.1988 07:00:00   ;     0,0000
21.10.1988 07:00:00   ;     0,0000
22.10.1988 07:00:00   ;     0,0000
23.10.1988 07:00:00   ;     0,0000
24.10.1988 07:00:00   ;     0,0000
25.10.1988 07:00:00   ;     0,0000
26.10.1988 07:00:00   ;     0,0000
27.10.1988 07:00:00   ;     0,0000
28.10.1988 07:00:00   ;     0,0000
29.10.1988 07:00:00   ;     0,0000
30.10.1988 07:00:00   ;     0,0000
31.10.1988 07:00:00   ;     0,0000
01.11.1988 07:00:00   ;     0,0000
02.11.1988 07:00:00   ;     0,0000
03.11.1988 07:00:00   ;     0,0000
04.11.1988 07:00:00   ;     0,0000
05.11.1988 07:00:00   ;     0,0000
06.11.1988 07:00:00   ;     0,0000
07.11.1988 07:00:00   ;     0,0000
08.11.1988 07:00:00   ;     0,0000
09.11.1988 07:00:00   ;     0,0000
10.11.1988 07:00:00   ;     0,0000
11.11.1988 07:00:00   ;     0,0000
12.11.1988 07:00:00   ;     0,0000
13.11.1988 07:00:00   ;     0,0000
14.11.1988 07:00:00   ;     0,0000
15.11.1988 07:00:00   ;     0,0000
16.11.1988 07:00:00   ;     0,0000
17.11.1988 07:00:00   ;     0,0000
18.11.1988 07:00:00   ;     0,0000
19.11.1988 07:00:00   ;     0,0000
20.11.1988 07:00:00   ;     0,0000
21.11.1988 07:00:00   ;     2,0000
22.11.1988 07:00:00   ;    14,0000
23.11.1988 07:00:00   ;    14,0000
24.11.1988 07:00:00   ;    14,0000
25.11.1988 07:00:00   ;    14,0000
26.11.1988 07:00:00   ;    14,0000
27.11.1988 07:00:00   ;    14,0000
28.11.1988 07:00:00   ;    14,0000
29.11.1988 07:00:00   ;    12,0000
30.11.1988 07:00:00   ;    11,0000
01.12.1988 07:00:00   ;    10,0000
02.12.1988 07:00:00   ;     8,0000
03.12.1988 07:00:00   ;     7,0000
04.12.1988 07:00:00   ;     6,0000
05.12.1988 07:00:00   ;     4,0000
06.12.1988 07:00:00   ;     3,0000
07.12.1988 07:00:00   ;     2,0000
08.12.1988 07:00:00   ;     1,0000
09.12.1988 07:00:00   ;     1,0000
10.12.1988 07:00:00   ;     1,0000
11.12.1988 07:00:00   ;     0,0000
12.12.1988 07:00:00   ;     0,0000
13.12.1988 07:00:00   ;     0,0000
14.12.1988 07:00:00   ;     0,0000
15.12.1988 07:00:00   ;     0,0000
16.12.1988 07:00:00   ;     0,0000
17.12.1988 07:00:00   ;     0,0000
18.12.1988 07:00:00   ;     0,0000
19.12.1988 07:00:00   ;     0,0000
20.12.1988 07:00:00   ;     1,0000
21.12.1988 07:00:00   ;     0,0000
22.12.1988 07:00:00   ;     0,0000
23.12.1988 07:00:00   ;     0,0000
24.12.1988 07:00:00   ;     0,0000
25.12.1988 07:00:00   ;     0,0000
26.12.1988 07:00:00   ;     0,0000
27.12.1988 07:00:00   ;     0,0000
28.12.1988 07:00:00   ;     0,0000
29.12.1988 07:00:00   ;     0,0000
30.12.1988 07:00:00   ;     0,0000
31.12.1988 07:00:00   ;     0,0000
01.01.1989 07:00:00   ;     0,0000
02.01.1989 07:00:00   ;     0,0000
03.01.1989 07:00:00   ;     0,0000
04.01.1989 07:00:00   ;     0,0000
05.01.1989 07:00:00   ;     0,0000
06.01.1989 07:00:00   ;     0,0000
07.01.1989 07:00:00   ;     0,0000
08.01.1989 07:00:00   ;     1,0000
09.01.1989 07:00:00   ;     0,0000
10.01.1989 07:00:00   ;     0,0000
11.01.1989 07:00:00   ;     0,0000
12.01.1989 07:00:00   ;     0,0000
13.01.1989 07:00:00   ;     0,0000
14.01.1989 07:00:00   ;     0,0000
15.01.1989 07:00:00   ;     0,0000
16.01.1989 07:00:00   ;     0,0000
17.01.1989 07:00:00   ;     0,0000
18.01.1989 07:00:00   ;     0,0000
19.01.1989 07:00:00   ;     0,0000
20.01.1989 07:00:00   ;     0,0000
21.01.1989 07:00:00   ;     0,0000
22.01.1989 07:00:00   ;     0,0000
23.01.1989 07:00:00   ;     0,0000
24.01.1989 07:00:00   ;     0,0000
25.01.1989 07:00:00   ;     0,0000
26.01.1989 07:00:00   ;     0,0000
27.01.1989 07:00:00   ;     0,0000
28.01.1989 07:00:00   ;     0,0000
29.01.1989 07:00:00   ;     0,0000
30.01.1989 07:00:00   ;     0,0000
31.01.1989 07:00:00   ;     0,0000
01.02.1989 07:00:00   ;     0,0000
02.02.1989 07:00:00   ;     0,0000
03.02.1989 07:00:00   ;     0,0000
04.02.1989 07:00:00   ;     0,0000
05.02.1989 07:00:00   ;     0,0000
06.02.1989 07:00:00   ;     0,0000
07.02.1989 07:00:00   ;     0,0000
08.02.1989 07:00:00   ;     0,0000
09.02.1989 07:00:00   ;     0,0000
10.02.1989 07:00:00   ;     0,0000
11.02.1989 07:00:00   ;     0,0000
12.02.1989 07:00:00   ;     0,0000
13.02.1989 07:00:00   ;     0,0000
14.02.1989 07:00:00   ;     0,0000
15.02.1989 07:00:00   ;     0,0000
16.02.1989 07:00:00   ;     0,0000
17.02.1989 07:00:00   ;     0,0000
18.02.1989 07:00:00   ;     0,0000
19.02.1989 07:00:00   ;     0,0000
20.02.1989 07:00:00   ;     0,0000
21.02.1989 07:00:00   ;     0,0000
22.02.1989 07:00:00   ;     0,0000
23.02.1989 07:00:00   ;     0,0000
24.02.1989 07:00:00   ;     0,0000
25.02.1989 07:00:00   ;     0,0000
26.02.1989 07:00:00   ;     8,0000
27.02.1989 07:00:00   ;    16,0000
28.02.1989 07:00:00   ;    14,0000
01.03.1989 07:00:00   ;    14,0000
02.03.1989 07:00:00   ;    14,0000
03.03.1989 07:00:00   ;    14,0000
04.03.1989 07:00:00   ;    27,0000
05.03.1989 07:00:00   ;    24,0000
06.03.1989 07:00:00   ;    24,0000
07.03.1989 07:00:00   ;    22,0000
08.03.1989 07:00:00   ;    22,0000
09.03.1989 07:00:00   ;    20,0000
10.03.1989 07:00:00   ;    20,0000
11.03.1989 07:00:00   ;    18,0000
12.03.1989 07:00:00   ;    16,0000
13.03.1989 07:00:00   ;    15,0000
14.03.1989 07:00:00   ;    13,0000
15.03.1989 07:00:00   ;    12,0000
16.03.1989 07:00:00   ;    12,0000
17.03.1989 07:00:00   ;    10,0000
18.03.1989 07:00:00   ;    10,0000
19.03.1989 07:00:00   ;    16,0000
20.03.1989 07:00:00   ;    10,0000
21.03.1989 07:00:00   ;     8,0000
22.03.1989 07:00:00   ;     7,0000
23.03.1989 07:00:00   ;     5,0000
24.03.1989 07:00:00   ;    12,0000
25.03.1989 07:00:00   ;    10,0000
26.03.1989 07:00:00   ;     5,0000
27.03.1989 07:00:00   ;     0,0000
28.03.1989 07:00:00   ;     0,0000
29.03.1989 07:00:00   ;     0,0000
30.03.1989 07:00:00   ;     0,0000
31.03.1989 07:00:00   ;     0,0000
01.04.1989 07:00:00   ;     0,0000
02.04.1989 07:00:00   ;     0,0000
03.04.1989 07:00:00   ;     0,0000
04.04.1989 07:00:00   ;     0,0000
05.04.1989 07:00:00   ;     0,0000
06.04.1989 07:00:00   ;     0,0000
07.04.1989 07:00:00   ;     0,0000
08.04.1989 07:00:00   ;     0,0000
09.04.1989 07:00:00   ;     0,0000
10.04.1989 07:00:00   ;     0,0000
11.04.1989 07:00:00   ;     0,0000
12.04.1989 07:00:00   ;     0,0000
13.04.1989 07:00:00   ;     0,0000
14.04.1989 07:00:00   ;     0,0000
15.04.1989 07:00:00   ;     0,0000
16.04.1989 07:00:00   ;     0,0000
17.04.1989 07:00:00   ;     0,0000
18.04.1989 07:00:00   ;     0,0000
19.04.1989 07:00:00   ;     0,0000
20.04.1989 07:00:00   ;     0,0000
21.04.1989 07:00:00   ;     0,0000
22.04.1989 07:00:00   ;     0,0000
23.04.1989 07:00:00   ;     0,0000
24.04.1989 07:00:00   ;     0,0000
25.04.1989 07:00:00   ;     0,0000
26.04.1989 07:00:00   ;     0,0000
27.04.1989 07:00:00   ;     0,0000
28.04.1989 07:00:00   ;     0,0000
29.04.1989 07:00:00   ;     0,0000
30.04.1989 07:00:00   ;     0,0000
01.05.1989 07:00:00   ;     0,0000
02.05.1989 07:00:00   ;     0,0000
03.05.1989 07:00:00   ;     0,0000
04.05.1989 07:00:00   ;     0,0000
05.05.1989 07:00:00   ;     0,0000
06.05.1989 07:00:00   ;     0,0000
07.05.1989 07:00:00   ;     0,0000
08.05.1989 07:00:00   ;     0,0000
09.05.1989 07:00:00   ;     0,0000
10.05.1989 07:00:00   ;     0,0000
11.05.1989 07:00:00   ;     0,0000
12.05.1989 07:00:00   ;     0,0000
13.05.1989 07:00:00   ;     0,0000
14.05.1989 07:00:00   ;     0,0000
15.05.1989 07:00:00   ;     0,0000
16.05.1989 07:00:00   ;     0,0000
17.05.1989 07:00:00   ;     0,0000
18.05.1989 07:00:00   ;     0,0000
19.05.1989 07:00:00   ;     0,0000
20.05.1989 07:00:00   ;     0,0000
21.05.1989 07:00:00   ;     0,0000
22.05.1989 07:00:00   ;     0,0000
23.05.1989 07:00:00   ;     0,0000
24.05.1989 07:00:00   ;     0,0000
25.05.1989 07:00:00   ;     0,0000
26.05.1989 07:00:00   ;     0,0000
27.05.1989 07:00:00   ;     0,0000
28.05.1989 07:00:00   ;     0,0000
29.05.1989 07:00:00   ;     0,0000
30.05.1989 07:00:00   ;     0,0000
31.05.1989 07:00:00   ;     0,0000
01.06.1989 07:00:00   ;     0,0000
02.06.1989 07:00:00   ;     0,0000
03.06.1989 07:00:00   ;     0,0000
04.06.1989 07:00:00   ;     0,0000
05.06.1989 07:00:00   ;     0,0000
06.06.1989 07:00:00   ;     0,0000
07.06.1989 07:00:00   ;     0,0000
08.06.1989 07:00:00   ;     0,0000
09.06.1989 07:00:00   ;     0,0000
10.06.1989 07:00:00   ;     0,0000
11.06.1989 07:00:00   ;     0,0000
12.06.1989 07:00:00   ;     0,0000
13.06.1989 07:00:00   ;     0,0000
14.06.1989 07:00:00   ;     0,0000
15.06.1989 07:00:00   ;     0,0000
16.06.1989 07:00:00   ;     0,0000
17.06.1989 07:00:00   ;     0,0000
18.06.1989 07:00:00   ;     0,0000
19.06.1989 07:00:00   ;     0,0000
20.06.1989 07:00:00   ;     0,0000
21.06.1989 07:00:00   ;     0,0000
22.06.1989 07:00:00   ;     0,0000
23.06.1989 07:00:00   ;     0,0000
24.06.1989 07:00:00   ;     0,0000
25.06.1989 07:00:00   ;     0,0000
26.06.1989 07:00:00   ;     0,0000
27.06.1989 07:00:00   ;     0,0000
28.06.1989 07:00:00   ;     0,0000
29.06.1989 07:00:00   ;     0,0000
30.06.1989 07:00:00   ;     0,0000
01.07.1989 07:00:00   ;     0,0000
02.07.1989 07:00:00   ;     0,0000
03.07.1989 07:00:00   ;     0,0000
04.07.1989 07:00:00   ;     0,0000
05.07.1989 07:00:00   ;     0,0000
06.07.1989 07:00:00   ;     0,0000
07.07.1989 07:00:00   ;     0,0000
08.07.1989 07:00:00   ;     0,0000
09.07.1989 07:00:00   ;     0,0000
10.07.1989 07:00:00   ;     0,0000
11.07.1989 07:00:00   ;     0,0000
12.07.1989 07:00:00   ;     0,0000
13.07.1989 07:00:00   ;     0,0000
14.07.1989 07:00:00   ;     0,0000
15.07.1989 07:00:00   ;     0,0000
16.07.1989 07:00:00   ;     0,0000
17.07.1989 07:00:00   ;     0,0000
18.07.1989 07:00:00   ;     0,0000
19.07.1989 07:00:00   ;     0,0000
20.07.1989 07:00:00   ;     0,0000
21.07.1989 07:00:00   ;     0,0000
22.07.1989 07:00:00   ;     0,0000
23.07.1989 07:00:00   ;     0,0000
24.07.1989 07:00:00   ;     0,0000
25.07.1989 07:00:00   ;     0,0000
26.07.1989 07:00:00   ;     0,0000
27.07.1989 07:00:00   ;     0,0000
28.07.1989 07:00:00   ;     0,0000
29.07.1989 07:00:00   ;     0,0000
30.07.1989 07:00:00   ;     0,0000
31.07.1989 07:00:00   ;     0,0000
01.08.1989 07:00:00   ;     0,0000
02.08.1989 07:00:00   ;     0,0000
03.08.1989 07:00:00   ;     0,0000
04.08.1989 07:00:00   ;     0,0000
05.08.1989 07:00:00   ;     0,0000
06.08.1989 07:00:00   ;     0,0000
07.08.1989 07:00:00   ;     0,0000
08.08.1989 07:00:00   ;     0,0000
09.08.1989 07:00:00   ;     0,0000
10.08.1989 07:00:00   ;     0,0000
11.08.1989 07:00:00   ;     0,0000
12.08.1989 07:00:00   ;     0,0000
13.08.1989 07:00:00   ;     0,0000
14.08.1989 07:00:00   ;     0,0000
15.08.1989 07:00:00   ;     0,0000
16.08.1989 07:00:00   ;     0,0000
17.08.1989 07:00:00   ;     0,0000
18.08.1989 07:00:00   ;     0,0000
19.08.1989 07:00:00   ;     0,0000
20.08.1989 07:00:00   ;     0,0000
21.08.1989 07:00:00   ;     0,0000
22.08.1989 07:00:00   ;     0,0000
23.08.1989 07:00:00   ;     0,0000
24.08.1989 07:00:00   ;     0,0000
25.08.1989 07:00:00   ;     0,0000
26.08.1989 07:00:00   ;     0,0000
27.08.1989 07:00:00   ;     0,0000
28.08.1989 07:00:00   ;     0,0000
29.08.1989 07:00:00   ;     0,0000
30.08.1989 07:00:00   ;     0,0000
31.08.1989 07:00:00   ;     0,0000
01.09.1989 07:00:00   ;     0,0000
02.09.1989 07:00:00   ;     0,0000
03.09.1989 07:00:00   ;     0,0000
04.09.1989 07:00:00   ;     0,0000
05.09.1989 07:00:00   ;     0,0000
06.09.1989 07:00:00   ;     0,0000
07.09.1989 07:00:00   ;     0,0000
08.09.1989 07:00:00   ;     0,0000
09.09.1989 07:00:00   ;     0,0000
10.09.1989 07:00:00   ;     0,0000
11.09.1989 07:00:00   ;     0,0000
12.09.1989 07:00:00   ;     0,0000
13.09.1989 07:00:00   ;     0,0000
14.09.1989 07:00:00   ;     0,0000
15.09.1989 07:00:00   ;     0,0000
16.09.1989 07:00:00   ;     0,0000
17.09.1989 07:00:00   ;     0,0000
18.09.1989 07:00:00   ;     0,0000
19.09.1989 07:00:00   ;     0,0000
20.09.1989 07:00:00   ;     0,0000
21.09.1989 07:00:00   ;     0,0000
22.09.1989 07:00:00   ;     0,0000
23.09.1989 07:00:00   ;     0,0000
24.09.1989 07:00:00   ;     0,0000
25.09.1989 07:00:00   ;     0,0000
26.09.1989 07:00:00   ;     0,0000
27.09.1989 07:00:00   ;     0,0000
28.09.1989 07:00:00   ;     0,0000
29.09.1989 07:00:00   ;     0,0000
30.09.1989 07:00:00   ;     0,0000
01.10.1989 07:00:00   ;     0,0000
02.10.1989 07:00:00   ;     0,0000
03.10.1989 07:00:00   ;     0,0000
04.10.1989 07:00:00   ;     0,0000
05.10.1989 07:00:00   ;     0,0000
06.10.1989 07:00:00   ;     0,0000
07.10.1989 07:00:00   ;     0,0000
08.10.1989 07:00:00   ;     0,0000
09.10.1989 07:00:00   ;     0,0000
10.10.1989 07:00:00   ;     0,0000
11.10.1989 07:00:00   ;     0,0000
12.10.1989 07:00:00   ;     0,0000
13.10.1989 07:00:00   ;     0,0000
14.10.1989 07:00:00   ;     0,0000
15.10.1989 07:00:00   ;     0,0000
16.10.1989 07:00:00   ;     0,0000
17.10.1989 07:00:00   ;     0,0000
18.10.1989 07:00:00   ;     0,0000
19.10.1989 07:00:00   ;     0,0000
20.10.1989 07:00:00   ;     0,0000
21.10.1989 07:00:00   ;     0,0000
22.10.1989 07:00:00   ;     0,0000
23.10.1989 07:00:00   ;     0,0000
24.10.1989 07:00:00   ;     0,0000
25.10.1989 07:00:00   ;     0,0000
26.10.1989 07:00:00   ;     0,0000
27.10.1989 07:00:00   ;     0,0000
28.10.1989 07:00:00   ;     0,0000
29.10.1989 07:00:00   ;     0,0000
30.10.1989 07:00:00   ;     0,0000
31.10.1989 07:00:00   ;     0,0000
01.11.1989 07:00:00   ;     0,0000
02.11.1989 07:00:00   ;     0,0000
03.11.1989 07:00:00   ;     0,0000
04.11.1989 07:00:00   ;     0,0000
05.11.1989 07:00:00   ;     0,0000
06.11.1989 07:00:00   ;     5,0000
07.11.1989 07:00:00   ;     4,0000
08.11.1989 07:00:00   ;     4,0000
09.11.1989 07:00:00   ;     4,0000
10.11.1989 07:00:00   ;     3,0000
11.11.1989 07:00:00   ;     3,0000
12.11.1989 07:00:00   ;     3,0000
13.11.1989 07:00:00   ;     3,0000
14.11.1989 07:00:00   ;     3,0000
15.11.1989 07:00:00   ;     3,0000
16.11.1989 07:00:00   ;     3,0000
17.11.1989 07:00:00   ;     3,0000
18.11.1989 07:00:00   ;     3,0000
19.11.1989 07:00:00   ;     3,0000
20.11.1989 07:00:00   ;     3,0000
21.11.1989 07:00:00   ;     3,0000
22.11.1989 07:00:00   ;     2,0000
23.11.1989 07:00:00   ;     0,0000
24.11.1989 07:00:00   ;     0,0000
25.11.1989 07:00:00   ;     0,0000
26.11.1989 07:00:00   ;     0,0000
27.11.1989 07:00:00   ;     0,0000
28.11.1989 07:00:00   ;     0,0000
29.11.1989 07:00:00   ;     0,0000
30.11.1989 07:00:00   ;     0,0000
01.12.1989 07:00:00   ;     0,0000
02.12.1989 07:00:00   ;     0,0000
03.12.1989 07:00:00   ;     0,0000
04.12.1989 07:00:00   ;     0,0000
05.12.1989 07:00:00   ;     0,0000
06.12.1989 07:00:00   ;     0,0000
07.12.1989 07:00:00   ;     0,0000
08.12.1989 07:00:00   ;     0,0000
09.12.1989 07:00:00   ;     0,0000
10.12.1989 07:00:00   ;     0,0000
11.12.1989 07:00:00   ;     0,0000
12.12.1989 07:00:00   ;     0,0000
13.12.1989 07:00:00   ;     0,0000
14.12.1989 07:00:00   ;     0,0000
15.12.1989 07:00:00   ;     0,0000
16.12.1989 07:00:00   ;     0,0000
17.12.1989 07:00:00   ;     0,0000
18.12.1989 07:00:00   ;     0,0000
19.12.1989 07:00:00   ;     0,0000
20.12.1989 07:00:00   ;     0,0000
21.12.1989 07:00:00   ;     0,0000
22.12.1989 07:00:00   ;     0,0000
23.12.1989 07:00:00   ;     0,0000
24.12.1989 07:00:00   ;     0,0000
25.12.1989 07:00:00   ;     0,0000
26.12.1989 07:00:00   ;     0,0000
27.12.1989 07:00:00   ;     0,0000
28.12.1989 07:00:00   ;     0,0000
29.12.1989 07:00:00   ;     0,0000
30.12.1989 07:00:00   ;     0,0000
31.12.1989 07:00:00   ;     0,0000
01.01.1990 07:00:00   ;     0,0000
02.01.1990 07:00:00   ;     0,0000
03.01.1990 07:00:00   ;     0,0000
04.01.1990 07:00:00   ;     0,0000
05.01.1990 07:00:00   ;     0,0000
06.01.1990 07:00:00   ;     0,0000
07.01.1990 07:00:00   ;     0,0000
08.01.1990 07:00:00   ;     0,0000
09.01.1990 07:00:00   ;     0,0000
10.01.1990 07:00:00   ;     0,0000
11.01.1990 07:00:00   ;     0,0000
12.01.1990 07:00:00   ;     0,0000
13.01.1990 07:00:00   ;     0,0000
14.01.1990 07:00:00   ;     0,0000
15.01.1990 07:00:00   ;     0,0000
16.01.1990 07:00:00   ;     0,0000
17.01.1990 07:00:00   ;     0,0000
18.01.1990 07:00:00   ;     0,0000
19.01.1990 07:00:00   ;     0,0000
20.01.1990 07:00:00   ;     0,0000
21.01.1990 07:00:00   ;     0,0000
22.01.1990 07:00:00   ;     0,0000
23.01.1990 07:00:00   ;     0,0000
24.01.1990 07:00:00   ;     0,0000
25.01.1990 07:00:00   ;     0,0000
26.01.1990 07:00:00   ;     0,0000
27.01.1990 07:00:00   ;     5,0000
28.01.1990 07:00:00   ;     0,0000
29.01.1990 07:00:00   ;     0,0000
30.01.1990 07:00:00   ;     0,0000
31.01.1990 07:00:00   ;     0,0000
01.02.1990 07:00:00   ;     0,0000
02.02.1990 07:00:00   ;     0,0000
03.02.1990 07:00:00   ;     0,0000
04.02.1990 07:00:00   ;     0,0000
05.02.1990 07:00:00   ;     0,0000
06.02.1990 07:00:00   ;     0,0000
07.02.1990 07:00:00   ;     0,0000
08.02.1990 07:00:00   ;     0,0000
09.02.1990 07:00:00   ;     0,0000
10.02.1990 07:00:00   ;     0,0000
11.02.1990 07:00:00   ;     0,0000
12.02.1990 07:00:00   ;     6,0000
13.02.1990 07:00:00   ;    11,0000
14.02.1990 07:00:00   ;     9,0000
15.02.1990 07:00:00   ;     8,0000
16.02.1990 07:00:00   ;     2,0000
17.02.1990 07:00:00   ;     0,0000
18.02.1990 07:00:00   ;     0,0000
19.02.1990 07:00:00   ;     0,0000
20.02.1990 07:00:00   ;     0,0000
21.02.1990 07:00:00   ;     0,0000
22.02.1990 07:00:00   ;     0,0000
23.02.1990 07:00:00   ;     0,0000
24.02.1990 07:00:00   ;     0,0000
25.02.1990 07:00:00   ;     0,0000
26.02.1990 07:00:00   ;     0,0000
27.02.1990 07:00:00   ;     0,0000
28.02.1990 07:00:00   ;     4,0000
01.03.1990 07:00:00   ;     1,0000
02.03.1990 07:00:00   ;     0,0000
03.03.1990 07:00:00   ;     0,0000
04.03.1990 07:00:00   ;     0,0000
05.03.1990 07:00:00   ;     0,0000
06.03.1990 07:00:00   ;     0,0000
07.03.1990 07:00:00   ;     0,0000
08.03.1990 07:00:00   ;     0,0000
09.03.1990 07:00:00   ;     0,0000
10.03.1990 07:00:00   ;     0,0000
11.03.1990 07:00:00   ;     0,0000
12.03.1990 07:00:00   ;     0,0000
13.03.1990 07:00:00   ;     0,0000
14.03.1990 07:00:00   ;     0,0000
15.03.1990 07:00:00   ;     0,0000
16.03.1990 07:00:00   ;     0,0000
17.03.1990 07:00:00   ;     0,0000
18.03.1990 07:00:00   ;     0,0000
19.03.1990 07:00:00   ;     0,0000
20.03.1990 07:00:00   ;     0,0000
21.03.1990 07:00:00   ;     0,0000
22.03.1990 07:00:00   ;     0,0000
23.03.1990 07:00:00   ;     0,0000
24.03.1990 07:00:00   ;     0,0000
25.03.1990 07:00:00   ;     0,0000
26.03.1990 07:00:00   ;    35,0000
27.03.1990 07:00:00   ;    31,0000
28.03.1990 07:00:00   ;    50,0000
29.03.1990 07:00:00   ;    44,0000
30.03.1990 07:00:00   ;    28,0000
31.03.1990 07:00:00   ;    23,0000
01.04.1990 07:00:00   ;    19,0000
02.04.1990 07:00:00   ;    13,0000
03.04.1990 07:00:00   ;     7,0000
04.04.1990 07:00:00   ;     0,0000
05.04.1990 07:00:00   ;     2,0000
06.04.1990 07:00:00   ;     0,0000
07.04.1990 07:00:00   ;     0,0000
08.04.1990 07:00:00   ;     0,0000
09.04.1990 07:00:00   ;     0,0000
10.04.1990 07:00:00   ;     0,0000
11.04.1990 07:00:00   ;     0,0000
12.04.1990 07:00:00   ;     0,0000
13.04.1990 07:00:00   ;     0,0000
14.04.1990 07:00:00   ;     0,0000
15.04.1990 07:00:00   ;     0,0000
16.04.1990 07:00:00   ;     0,0000
17.04.1990 07:00:00   ;     0,0000
18.04.1990 07:00:00   ;     0,0000
19.04.1990 07:00:00   ;     0,0000
20.04.1990 07:00:00   ;     4,0000
21.04.1990 07:00:00   ;     2,0000
22.04.1990 07:00:00   ;     0,0000
23.04.1990 07:00:00   ;     0,0000
24.04.1990 07:00:00   ;     0,0000
25.04.1990 07:00:00   ;     0,0000
26.04.1990 07:00:00   ;     0,0000
27.04.1990 07:00:00   ;     0,0000
28.04.1990 07:00:00   ;     0,0000
29.04.1990 07:00:00   ;     0,0000
30.04.1990 07:00:00   ;     0,0000
01.05.1990 07:00:00   ;     0,0000
02.05.1990 07:00:00   ;     0,0000
03.05.1990 07:00:00   ;     0,0000
04.05.1990 07:00:00   ;     0,0000
05.05.1990 07:00:00   ;     0,0000
06.05.1990 07:00:00   ;     0,0000
07.05.1990 07:00:00   ;     0,0000
08.05.1990 07:00:00   ;     0,0000
09.05.1990 07:00:00   ;     0,0000
10.05.1990 07:00:00   ;     0,0000
11.05.1990 07:00:00   ;     0,0000
12.05.1990 07:00:00   ;     0,0000
13.05.1990 07:00:00   ;     0,0000
14.05.1990 07:00:00   ;     0,0000
15.05.1990 07:00:00   ;     0,0000
16.05.1990 07:00:00   ;     0,0000
17.05.1990 07:00:00   ;     0,0000
18.05.1990 07:00:00   ;     0,0000
19.05.1990 07:00:00   ;     0,0000
20.05.1990 07:00:00   ;     0,0000
21.05.1990 07:00:00   ;     0,0000
22.05.1990 07:00:00   ;     0,0000
23.05.1990 07:00:00   ;     0,0000
24.05.1990 07:00:00   ;     0,0000
25.05.1990 07:00:00   ;     0,0000
26.05.1990 07:00:00   ;     0,0000
27.05.1990 07:00:00   ;     0,0000
28.05.1990 07:00:00   ;     0,0000
29.05.1990 07:00:00   ;     0,0000
30.05.1990 07:00:00   ;     0,0000
31.05.1990 07:00:00   ;     0,0000
01.06.1990 07:00:00   ;     0,0000
02.06.1990 07:00:00   ;     0,0000
03.06.1990 07:00:00   ;     0,0000
04.06.1990 07:00:00   ;     0,0000
05.06.1990 07:00:00   ;     0,0000
06.06.1990 07:00:00   ;     0,0000
07.06.1990 07:00:00   ;     0,0000
08.06.1990 07:00:00   ;     0,0000
09.06.1990 07:00:00   ;     0,0000
10.06.1990 07:00:00   ;     0,0000
11.06.1990 07:00:00   ;     0,0000
12.06.1990 07:00:00   ;     0,0000
13.06.1990 07:00:00   ;     0,0000
14.06.1990 07:00:00   ;     0,0000
15.06.1990 07:00:00   ;     0,0000
16.06.1990 07:00:00   ;     0,0000
17.06.1990 07:00:00   ;     0,0000
18.06.1990 07:00:00   ;     0,0000
19.06.1990 07:00:00   ;     0,0000
20.06.1990 07:00:00   ;     0,0000
21.06.1990 07:00:00   ;     0,0000
22.06.1990 07:00:00   ;     0,0000
23.06.1990 07:00:00   ;     0,0000
24.06.1990 07:00:00   ;     0,0000
25.06.1990 07:00:00   ;     0,0000
26.06.1990 07:00:00   ;     0,0000
27.06.1990 07:00:00   ;     0,0000
28.06.1990 07:00:00   ;     0,0000
29.06.1990 07:00:00   ;     0,0000
30.06.1990 07:00:00   ;     0,0000
01.07.1990 07:00:00   ;     0,0000
02.07.1990 07:00:00   ;     0,0000
03.07.1990 07:00:00   ;     0,0000
04.07.1990 07:00:00   ;     0,0000
05.07.1990 07:00:00   ;     0,0000
06.07.1990 07:00:00   ;     0,0000
07.07.1990 07:00:00   ;     0,0000
08.07.1990 07:00:00   ;     0,0000
09.07.1990 07:00:00   ;     0,0000
10.07.1990 07:00:00   ;     0,0000
11.07.1990 07:00:00   ;     0,0000
12.07.1990 07:00:00   ;     0,0000
13.07.1990 07:00:00   ;     0,0000
14.07.1990 07:00:00   ;     0,0000
15.07.1990 07:00:00   ;     0,0000
16.07.1990 07:00:00   ;     0,0000
17.07.1990 07:00:00   ;     0,0000
18.07.1990 07:00:00   ;     0,0000
19.07.1990 07:00:00   ;     0,0000
20.07.1990 07:00:00   ;     0,0000
21.07.1990 07:00:00   ;     0,0000
22.07.1990 07:00:00   ;     0,0000
23.07.1990 07:00:00   ;     0,0000
24.07.1990 07:00:00   ;     0,0000
25.07.1990 07:00:00   ;     0,0000
26.07.1990 07:00:00   ;     0,0000
27.07.1990 07:00:00   ;     0,0000
28.07.1990 07:00:00   ;     0,0000
29.07.1990 07:00:00   ;     0,0000
30.07.1990 07:00:00   ;     0,0000
31.07.1990 07:00:00   ;     0,0000
01.08.1990 07:00:00   ;     0,0000
02.08.1990 07:00:00   ;     0,0000
03.08.1990 07:00:00   ;     0,0000
04.08.1990 07:00:00   ;     0,0000
05.08.1990 07:00:00   ;     0,0000
06.08.1990 07:00:00   ;     0,0000
07.08.1990 07:00:00   ;     0,0000
08.08.1990 07:00:00   ;     0,0000
09.08.1990 07:00:00   ;     0,0000
10.08.1990 07:00:00   ;     0,0000
11.08.1990 07:00:00   ;     0,0000
12.08.1990 07:00:00   ;     0,0000
13.08.1990 07:00:00   ;     0,0000
14.08.1990 07:00:00   ;     0,0000
15.08.1990 07:00:00   ;     0,0000
16.08.1990 07:00:00   ;     0,0000
17.08.1990 07:00:00   ;     0,0000
18.08.1990 07:00:00   ;     0,0000
19.08.1990 07:00:00   ;     0,0000
20.08.1990 07:00:00   ;     0,0000
21.08.1990 07:00:00   ;     0,0000
22.08.1990 07:00:00   ;     0,0000
23.08.1990 07:00:00   ;     0,0000
24.08.1990 07:00:00   ;     0,0000
25.08.1990 07:00:00   ;     0,0000
26.08.1990 07:00:00   ;     0,0000
27.08.1990 07:00:00   ;     0,0000
28.08.1990 07:00:00   ;     0,0000
29.08.1990 07:00:00   ;     0,0000
30.08.1990 07:00:00   ;     0,0000
31.08.1990 07:00:00   ;     0,0000
01.09.1990 07:00:00   ;     0,0000
02.09.1990 07:00:00   ;     0,0000
03.09.1990 07:00:00   ;     0,0000
04.09.1990 07:00:00   ;     0,0000
05.09.1990 07:00:00   ;     0,0000
06.09.1990 07:00:00   ;     0,0000
07.09.1990 07:00:00   ;     0,0000
08.09.1990 07:00:00   ;     0,0000
09.09.1990 07:00:00   ;     0,0000
10.09.1990 07:00:00   ;     0,0000
11.09.1990 07:00:00   ;     0,0000
12.09.1990 07:00:00   ;     0,0000
13.09.1990 07:00:00   ;     0,0000
14.09.1990 07:00:00   ;     0,0000
15.09.1990 07:00:00   ;     0,0000
16.09.1990 07:00:00   ;     0,0000
17.09.1990 07:00:00   ;     0,0000
18.09.1990 07:00:00   ;     0,0000
19.09.1990 07:00:00   ;     0,0000
20.09.1990 07:00:00   ;     0,0000
21.09.1990 07:00:00   ;     0,0000
22.09.1990 07:00:00   ;     0,0000
23.09.1990 07:00:00   ;     0,0000
24.09.1990 07:00:00   ;     0,0000
25.09.1990 07:00:00   ;     0,0000
26.09.1990 07:00:00   ;     0,0000
27.09.1990 07:00:00   ;     0,0000
28.09.1990 07:00:00   ;     0,0000
29.09.1990 07:00:00   ;     0,0000
30.09.1990 07:00:00   ;     0,0000
01.10.1990 07:00:00   ;     0,0000
02.10.1990 07:00:00   ;     0,0000
03.10.1990 07:00:00   ;     0,0000
04.10.1990 07:00:00   ;     0,0000
05.10.1990 07:00:00   ;     0,0000
06.10.1990 07:00:00   ;     0,0000
07.10.1990 07:00:00   ;     0,0000
08.10.1990 07:00:00   ;     0,0000
09.10.1990 07:00:00   ;     0,0000
10.10.1990 07:00:00   ;     0,0000
11.10.1990 07:00:00   ;     0,0000
12.10.1990 07:00:00   ;     0,0000
13.10.1990 07:00:00   ;     0,0000
14.10.1990 07:00:00   ;     0,0000
15.10.1990 07:00:00   ;     0,0000
16.10.1990 07:00:00   ;     0,0000
17.10.1990 07:00:00   ;     0,0000
18.10.1990 07:00:00   ;     0,0000
19.10.1990 07:00:00   ;     0,0000
20.10.1990 07:00:00   ;     0,0000
21.10.1990 07:00:00   ;     0,0000
22.10.1990 07:00:00   ;     0,0000
23.10.1990 07:00:00   ;     0,0000
24.10.1990 07:00:00   ;     0,0000
25.10.1990 07:00:00   ;     0,0000
26.10.1990 07:00:00   ;     0,0000
27.10.1990 07:00:00   ;     0,0000
28.10.1990 07:00:00   ;     0,0000
29.10.1990 07:00:00   ;     0,0000
30.10.1990 07:00:00   ;     0,0000
31.10.1990 07:00:00   ;     0,0000
01.11.1990 07:00:00   ;     0,0000
02.11.1990 07:00:00   ;     6,0000
03.11.1990 07:00:00   ;     6,0000
04.11.1990 07:00:00   ;    17,0000
05.11.1990 07:00:00   ;    16,0000
06.11.1990 07:00:00   ;    16,0000
07.11.1990 07:00:00   ;    15,0000
08.11.1990 07:00:00   ;    14,0000
09.11.1990 07:00:00   ;    14,0000
10.11.1990 07:00:00   ;    13,0000
11.11.1990 07:00:00   ;    12,0000
12.11.1990 07:00:00   ;    12,0000
13.11.1990 07:00:00   ;    12,0000
14.11.1990 07:00:00   ;    11,0000
15.11.1990 07:00:00   ;    11,0000
16.11.1990 07:00:00   ;     9,0000
17.11.1990 07:00:00   ;     9,0000
18.11.1990 07:00:00   ;     8,0000
19.11.1990 07:00:00   ;     7,0000
20.11.1990 07:00:00   ;     5,0000
21.11.1990 07:00:00   ;     0,0000
22.11.1990 07:00:00   ;     0,0000
23.11.1990 07:00:00   ;     0,0000
24.11.1990 07:00:00   ;     0,0000
25.11.1990 07:00:00   ;     0,0000
26.11.1990 07:00:00   ;     0,0000
27.11.1990 07:00:00   ;     0,0000
28.11.1990 07:00:00   ;    18,0000
29.11.1990 07:00:00   ;    17,0000
30.11.1990 07:00:00   ;    17,0000
01.12.1990 07:00:00   ;    16,0000
02.12.1990 07:00:00   ;    16,0000
03.12.1990 07:00:00   ;    17,0000
04.12.1990 07:00:00   ;    16,0000
05.12.1990 07:00:00   ;    16,0000
06.12.1990 07:00:00   ;    18,0000
07.12.1990 07:00:00   ;    17,0000
08.12.1990 07:00:00   ;    19,0000
09.12.1990 07:00:00   ;    19,0000
10.12.1990 07:00:00   ;    44,0000
11.12.1990 07:00:00   ;    65,0000
12.12.1990 07:00:00   ;    59,0000
13.12.1990 07:00:00   ;    57,0000
14.12.1990 07:00:00   ;    61,0000
15.12.1990 07:00:00   ;    60,0000
16.12.1990 07:00:00   ;    60,0000
17.12.1990 07:00:00   ;    60,0000
18.12.1990 07:00:00   ;    67,0000
19.12.1990 07:00:00   ;    66,0000
20.12.1990 07:00:00   ;    65,0000
21.12.1990 07:00:00   ;    64,0000
22.12.1990 07:00:00   ;    63,0000
23.12.1990 07:00:00   ;    62,0000
24.12.1990 07:00:00   ;    61,0000
25.12.1990 07:00:00   ;    61,0000
26.12.1990 07:00:00   ;    60,0000
27.12.1990 07:00:00   ;    59,0000
28.12.1990 07:00:00   ;    57,0000
29.12.1990 07:00:00   ;    56,0000
30.12.1990 07:00:00   ;    56,0000
31.12.1990 07:00:00   ;    55,0000
01.01.1991 07:00:00   ;    52,0000
02.01.1991 07:00:00   ;    51,0000
03.01.1991 07:00:00   ;    51,0000
04.01.1991 07:00:00   ;    48,0000
05.01.1991 07:00:00   ;    47,0000
06.01.1991 07:00:00   ;    74,0000
07.01.1991 07:00:00   ;    70,0000
08.01.1991 07:00:00   ;    68,0000
09.01.1991 07:00:00   ;    67,0000
10.01.1991 07:00:00   ;    66,0000
11.01.1991 07:00:00   ;    65,0000
12.01.1991 07:00:00   ;    63,0000
13.01.1991 07:00:00   ;    62,0000
14.01.1991 07:00:00   ;    73,0000
15.01.1991 07:00:00   ;    74,0000
16.01.1991 07:00:00   ;    74,0000
17.01.1991 07:00:00   ;    74,0000
18.01.1991 07:00:00   ;    74,0000
19.01.1991 07:00:00   ;    74,0000
20.01.1991 07:00:00   ;    74,0000
21.01.1991 07:00:00   ;    74,0000
22.01.1991 07:00:00   ;    74,0000
23.01.1991 07:00:00   ;    74,0000
24.01.1991 07:00:00   ;    74,0000
25.01.1991 07:00:00   ;    74,0000
26.01.1991 07:00:00   ;    74,0000
27.01.1991 07:00:00   ;    74,0000
28.01.1991 07:00:00   ;    74,0000
29.01.1991 07:00:00   ;    74,0000
30.01.1991 07:00:00   ;    74,0000
31.01.1991 07:00:00   ;    74,0000
01.02.1991 07:00:00   ;    74,0000
02.02.1991 07:00:00   ;    74,0000
03.02.1991 07:00:00   ;    74,0000
04.02.1991 07:00:00   ;    74,0000
05.02.1991 07:00:00   ;    74,0000
06.02.1991 07:00:00   ;    76,0000
07.02.1991 07:00:00   ;    84,0000
08.02.1991 07:00:00   ;   100,0000
09.02.1991 07:00:00   ;   107,0000
10.02.1991 07:00:00   ;   112,0000
11.02.1991 07:00:00   ;   128,0000
12.02.1991 07:00:00   ;   133,0000
13.02.1991 07:00:00   ;   129,0000
14.02.1991 07:00:00   ;   125,0000
15.02.1991 07:00:00   ;   124,0000
16.02.1991 07:00:00   ;   123,0000
17.02.1991 07:00:00   ;   123,0000
18.02.1991 07:00:00   ;   122,0000
19.02.1991 07:00:00   ;   120,0000
20.02.1991 07:00:00   ;   119,0000
21.02.1991 07:00:00   ;   118,0000
22.02.1991 07:00:00   ;   113,0000
23.02.1991 07:00:00   ;   111,0000
24.02.1991 07:00:00   ;   109,0000
25.02.1991 07:00:00   ;   107,0000
26.02.1991 07:00:00   ;   105,0000
27.02.1991 07:00:00   ;   102,0000
28.02.1991 07:00:00   ;   100,0000
01.03.1991 07:00:00   ;    98,0000
02.03.1991 07:00:00   ;    97,0000
03.03.1991 07:00:00   ;    95,0000
04.03.1991 07:00:00   ;    94,0000
05.03.1991 07:00:00   ;    93,0000
06.03.1991 07:00:00   ;    91,0000
07.03.1991 07:00:00   ;    88,0000
08.03.1991 07:00:00   ;    81,0000
09.03.1991 07:00:00   ;    76,0000
10.03.1991 07:00:00   ;    72,0000
11.03.1991 07:00:00   ;    70,0000
12.03.1991 07:00:00   ;    67,0000
13.03.1991 07:00:00   ;    65,0000
14.03.1991 07:00:00   ;    64,0000
15.03.1991 07:00:00   ;    62,0000
16.03.1991 07:00:00   ;    61,0000
17.03.1991 07:00:00   ;    59,0000
18.03.1991 07:00:00   ;    55,0000
19.03.1991 07:00:00   ;    49,0000
20.03.1991 07:00:00   ;    48,0000
21.03.1991 07:00:00   ;    39,0000
22.03.1991 07:00:00   ;    28,0000
23.03.1991 07:00:00   ;    18,0000
24.03.1991 07:00:00   ;    11,0000
25.03.1991 07:00:00   ;     0,0000
26.03.1991 07:00:00   ;     0,0000
27.03.1991 07:00:00   ;     0,0000
28.03.1991 07:00:00   ;    20,0000
29.03.1991 07:00:00   ;    14,0000
30.03.1991 07:00:00   ;    26,0000
31.03.1991 07:00:00   ;    18,0000
01.04.1991 07:00:00   ;     0,0000
02.04.1991 07:00:00   ;     0,0000
03.04.1991 07:00:00   ;     0,0000
04.04.1991 07:00:00   ;     0,0000
05.04.1991 07:00:00   ;     0,0000
06.04.1991 07:00:00   ;     0,0000
07.04.1991 07:00:00   ;     0,0000
08.04.1991 07:00:00   ;     0,0000
09.04.1991 07:00:00   ;     0,0000
10.04.1991 07:00:00   ;     0,0000
11.04.1991 07:00:00   ;     0,0000
12.04.1991 07:00:00   ;     0,0000
13.04.1991 07:00:00   ;     0,0000
14.04.1991 07:00:00   ;     0,0000
15.04.1991 07:00:00   ;     0,0000
16.04.1991 07:00:00   ;     0,0000
17.04.1991 07:00:00   ;     0,0000
18.04.1991 07:00:00   ;    60,0000
19.04.1991 07:00:00   ;    66,0000
20.04.1991 07:00:00   ;    56,0000
21.04.1991 07:00:00   ;    44,0000
22.04.1991 07:00:00   ;    57,0000
23.04.1991 07:00:00   ;    45,0000
24.04.1991 07:00:00   ;    41,0000
25.04.1991 07:00:00   ;    35,0000
26.04.1991 07:00:00   ;    31,0000
27.04.1991 07:00:00   ;    25,0000
28.04.1991 07:00:00   ;    21,0000
29.04.1991 07:00:00   ;    15,0000
30.04.1991 07:00:00   ;     8,0000
01.05.1991 07:00:00   ;     5,0000
02.05.1991 07:00:00   ;     3,0000
03.05.1991 07:00:00   ;     2,0000
04.05.1991 07:00:00   ;     0,0000
05.05.1991 07:00:00   ;     0,0000
06.05.1991 07:00:00   ;     0,0000
07.05.1991 07:00:00   ;     0,0000
08.05.1991 07:00:00   ;     0,0000
09.05.1991 07:00:00   ;     0,0000
10.05.1991 07:00:00   ;     0,0000
11.05.1991 07:00:00   ;     0,0000
12.05.1991 07:00:00   ;     0,0000
13.05.1991 07:00:00   ;     0,0000
14.05.1991 07:00:00   ;     0,0000
15.05.1991 07:00:00   ;     0,0000
16.05.1991 07:00:00   ;     0,0000
17.05.1991 07:00:00   ;     0,0000
18.05.1991 07:00:00   ;     0,0000
19.05.1991 07:00:00   ;     0,0000
20.05.1991 07:00:00   ;     0,0000
21.05.1991 07:00:00   ;     0,0000
22.05.1991 07:00:00   ;     0,0000
23.05.1991 07:00:00   ;     0,0000
24.05.1991 07:00:00   ;     0,0000
25.05.1991 07:00:00   ;     0,0000
26.05.1991 07:00:00   ;     0,0000
27.05.1991 07:00:00   ;     0,0000
28.05.1991 07:00:00   ;     0,0000
29.05.1991 07:00:00   ;     0,0000
30.05.1991 07:00:00   ;     0,0000
31.05.1991 07:00:00   ;     0,0000
01.06.1991 07:00:00   ;     0,0000
02.06.1991 07:00:00   ;     0,0000
03.06.1991 07:00:00   ;     0,0000
04.06.1991 07:00:00   ;     0,0000
05.06.1991 07:00:00   ;     0,0000
06.06.1991 07:00:00   ;     0,0000
07.06.1991 07:00:00   ;     0,0000
08.06.1991 07:00:00   ;     0,0000
09.06.1991 07:00:00   ;     0,0000
10.06.1991 07:00:00   ;     0,0000
11.06.1991 07:00:00   ;     0,0000
12.06.1991 07:00:00   ;     0,0000
13.06.1991 07:00:00   ;     0,0000
14.06.1991 07:00:00   ;     0,0000
15.06.1991 07:00:00   ;     0,0000
16.06.1991 07:00:00   ;     0,0000
17.06.1991 07:00:00   ;     0,0000
18.06.1991 07:00:00   ;     0,0000
19.06.1991 07:00:00   ;     0,0000
20.06.1991 07:00:00   ;     0,0000
21.06.1991 07:00:00   ;     0,0000
22.06.1991 07:00:00   ;     0,0000
23.06.1991 07:00:00   ;     0,0000
24.06.1991 07:00:00   ;     0,0000
25.06.1991 07:00:00   ;     0,0000
26.06.1991 07:00:00   ;     0,0000
27.06.1991 07:00:00   ;     0,0000
28.06.1991 07:00:00   ;     0,0000
29.06.1991 07:00:00   ;     0,0000
30.06.1991 07:00:00   ;     0,0000
01.07.1991 07:00:00   ;     0,0000
02.07.1991 07:00:00   ;     0,0000
03.07.1991 07:00:00   ;     0,0000
04.07.1991 07:00:00   ;     0,0000
05.07.1991 07:00:00   ;     0,0000
06.07.1991 07:00:00   ;     0,0000
07.07.1991 07:00:00   ;     0,0000
08.07.1991 07:00:00   ;     0,0000
09.07.1991 07:00:00   ;     0,0000
10.07.1991 07:00:00   ;     0,0000
11.07.1991 07:00:00   ;     0,0000
12.07.1991 07:00:00   ;     0,0000
13.07.1991 07:00:00   ;     0,0000
14.07.1991 07:00:00   ;     0,0000
15.07.1991 07:00:00   ;     0,0000
16.07.1991 07:00:00   ;     0,0000
17.07.1991 07:00:00   ;     0,0000
18.07.1991 07:00:00   ;     0,0000
19.07.1991 07:00:00   ;     0,0000
20.07.1991 07:00:00   ;     0,0000
21.07.1991 07:00:00   ;     0,0000
22.07.1991 07:00:00   ;     0,0000
23.07.1991 07:00:00   ;     0,0000
24.07.1991 07:00:00   ;     0,0000
25.07.1991 07:00:00   ;     0,0000
26.07.1991 07:00:00   ;     0,0000
27.07.1991 07:00:00   ;     0,0000
28.07.1991 07:00:00   ;     0,0000
29.07.1991 07:00:00   ;     0,0000
30.07.1991 07:00:00   ;     0,0000
31.07.1991 07:00:00   ;     0,0000
01.08.1991 07:00:00   ;     0,0000
02.08.1991 07:00:00   ;     0,0000
03.08.1991 07:00:00   ;     0,0000
04.08.1991 07:00:00   ;     0,0000
05.08.1991 07:00:00   ;     0,0000
06.08.1991 07:00:00   ;     0,0000
07.08.1991 07:00:00   ;     0,0000
08.08.1991 07:00:00   ;     0,0000
09.08.1991 07:00:00   ;     0,0000
10.08.1991 07:00:00   ;     0,0000
11.08.1991 07:00:00   ;     0,0000
12.08.1991 07:00:00   ;     0,0000
13.08.1991 07:00:00   ;     0,0000
14.08.1991 07:00:00   ;     0,0000
15.08.1991 07:00:00   ;     0,0000
16.08.1991 07:00:00   ;     0,0000
17.08.1991 07:00:00   ;     0,0000
18.08.1991 07:00:00   ;     0,0000
19.08.1991 07:00:00   ;     0,0000
20.08.1991 07:00:00   ;     0,0000
21.08.1991 07:00:00   ;     0,0000
22.08.1991 07:00:00   ;     0,0000
23.08.1991 07:00:00   ;     0,0000
24.08.1991 07:00:00   ;     0,0000
25.08.1991 07:00:00   ;     0,0000
26.08.1991 07:00:00   ;     0,0000
27.08.1991 07:00:00   ;     0,0000
28.08.1991 07:00:00   ;     0,0000
29.08.1991 07:00:00   ;     0,0000
30.08.1991 07:00:00   ;     0,0000
31.08.1991 07:00:00   ;     0,0000
01.09.1991 07:00:00   ;     0,0000
02.09.1991 07:00:00   ;     0,0000
03.09.1991 07:00:00   ;     0,0000
04.09.1991 07:00:00   ;     0,0000
05.09.1991 07:00:00   ;     0,0000
06.09.1991 07:00:00   ;     0,0000
07.09.1991 07:00:00   ;     0,0000
08.09.1991 07:00:00   ;     0,0000
09.09.1991 07:00:00   ;     0,0000
10.09.1991 07:00:00   ;     0,0000
11.09.1991 07:00:00   ;     0,0000
12.09.1991 07:00:00   ;     0,0000
13.09.1991 07:00:00   ;     0,0000
14.09.1991 07:00:00   ;     0,0000
15.09.1991 07:00:00   ;     0,0000
16.09.1991 07:00:00   ;     0,0000
17.09.1991 07:00:00   ;     0,0000
18.09.1991 07:00:00   ;     0,0000
19.09.1991 07:00:00   ;     0,0000
20.09.1991 07:00:00   ;     0,0000
21.09.1991 07:00:00   ;     0,0000
22.09.1991 07:00:00   ;     0,0000
23.09.1991 07:00:00   ;     0,0000
24.09.1991 07:00:00   ;     0,0000
25.09.1991 07:00:00   ;     0,0000
26.09.1991 07:00:00   ;     0,0000
27.09.1991 07:00:00   ;     0,0000
28.09.1991 07:00:00   ;     0,0000
29.09.1991 07:00:00   ;     0,0000
30.09.1991 07:00:00   ;     0,0000
01.10.1991 07:00:00   ;     0,0000
02.10.1991 07:00:00   ;     0,0000
03.10.1991 07:00:00   ;     0,0000
04.10.1991 07:00:00   ;     0,0000
05.10.1991 07:00:00   ;     0,0000
06.10.1991 07:00:00   ;     0,0000
07.10.1991 07:00:00   ;     0,0000
08.10.1991 07:00:00   ;     0,0000
09.10.1991 07:00:00   ;     0,0000
10.10.1991 07:00:00   ;     0,0000
11.10.1991 07:00:00   ;     0,0000
12.10.1991 07:00:00   ;     0,0000
13.10.1991 07:00:00   ;     0,0000
14.10.1991 07:00:00   ;     0,0000
15.10.1991 07:00:00   ;     0,0000
16.10.1991 07:00:00   ;     0,0000
17.10.1991 07:00:00   ;     0,0000
18.10.1991 07:00:00   ;     0,0000
19.10.1991 07:00:00   ;     1,0000
20.10.1991 07:00:00   ;     9,0000
21.10.1991 07:00:00   ;     6,0000
22.10.1991 07:00:00   ;     5,0000
23.10.1991 07:00:00   ;     5,0000
24.10.1991 07:00:00   ;     5,0000
25.10.1991 07:00:00   ;     4,0000
26.10.1991 07:00:00   ;     4,0000
27.10.1991 07:00:00   ;     3,0000
28.10.1991 07:00:00   ;     2,0000
29.10.1991 07:00:00   ;     1,0000
30.10.1991 07:00:00   ;     1,0000
31.10.1991 07:00:00   ;     0,0000
01.11.1991 07:00:00   ;     0,0000
02.11.1991 07:00:00   ;     0,0000
03.11.1991 07:00:00   ;     0,0000
04.11.1991 07:00:00   ;     0,0000
05.11.1991 07:00:00   ;     0,0000
06.11.1991 07:00:00   ;     0,0000
07.11.1991 07:00:00   ;     0,0000
08.11.1991 07:00:00   ;     0,0000
09.11.1991 07:00:00   ;     0,0000
10.11.1991 07:00:00   ;     3,0000
11.11.1991 07:00:00   ;     3,0000
12.11.1991 07:00:00   ;     2,0000
13.11.1991 07:00:00   ;     2,0000
14.11.1991 07:00:00   ;     0,0000
15.11.1991 07:00:00   ;     0,0000
16.11.1991 07:00:00   ;     7,0000
17.11.1991 07:00:00   ;    35,0000
18.11.1991 07:00:00   ;    33,0000
19.11.1991 07:00:00   ;    30,0000
20.11.1991 07:00:00   ;    28,0000
21.11.1991 07:00:00   ;    27,0000
22.11.1991 07:00:00   ;    38,0000
23.11.1991 07:00:00   ;    42,0000
24.11.1991 07:00:00   ;    43,0000
25.11.1991 07:00:00   ;    50,0000
26.11.1991 07:00:00   ;    44,0000
27.11.1991 07:00:00   ;    43,0000
28.11.1991 07:00:00   ;    43,0000
29.11.1991 07:00:00   ;    42,0000
30.11.1991 07:00:00   ;    42,0000
01.12.1991 07:00:00   ;    42,0000
02.12.1991 07:00:00   ;    42,0000
03.12.1991 07:00:00   ;    42,0000
04.12.1991 07:00:00   ;    42,0000
05.12.1991 07:00:00   ;    42,0000
06.12.1991 07:00:00   ;    41,0000
07.12.1991 07:00:00   ;    41,0000
08.12.1991 07:00:00   ;    41,0000
09.12.1991 07:00:00   ;    43,0000
10.12.1991 07:00:00   ;    43,0000
11.12.1991 07:00:00   ;    42,0000
12.12.1991 07:00:00   ;    42,0000
13.12.1991 07:00:00   ;    41,0000
14.12.1991 07:00:00   ;    41,0000
15.12.1991 07:00:00   ;    40,0000
16.12.1991 07:00:00   ;    40,0000
17.12.1991 07:00:00   ;    40,0000
18.12.1991 07:00:00   ;    40,0000
19.12.1991 07:00:00   ;    43,0000
20.12.1991 07:00:00   ;    43,0000
21.12.1991 07:00:00   ;    49,0000
22.12.1991 07:00:00   ;    54,0000
23.12.1991 07:00:00   ;    47,0000
24.12.1991 07:00:00   ;    46,0000
25.12.1991 07:00:00   ;    46,0000
26.12.1991 07:00:00   ;    46,0000
27.12.1991 07:00:00   ;    45,0000
28.12.1991 07:00:00   ;    45,0000
29.12.1991 07:00:00   ;    45,0000
30.12.1991 07:00:00   ;    44,0000
31.12.1991 07:00:00   ;    44,0000
01.01.1992 07:00:00   ;    44,0000
02.01.1992 07:00:00   ;    44,0000
03.01.1992 07:00:00   ;    44,0000
04.01.1992 07:00:00   ;    44,0000
05.01.1992 07:00:00   ;    44,0000
06.01.1992 07:00:00   ;    44,0000
07.01.1992 07:00:00   ;    44,0000
08.01.1992 07:00:00   ;    44,0000
09.01.1992 07:00:00   ;    44,0000
10.01.1992 07:00:00   ;    42,0000
11.01.1992 07:00:00   ;    40,0000
12.01.1992 07:00:00   ;    39,0000
13.01.1992 07:00:00   ;    39,0000
14.01.1992 07:00:00   ;    39,0000
15.01.1992 07:00:00   ;    39,0000
16.01.1992 07:00:00   ;    39,0000
17.01.1992 07:00:00   ;    39,0000
18.01.1992 07:00:00   ;    39,0000
19.01.1992 07:00:00   ;    39,0000
20.01.1992 07:00:00   ;    41,0000
21.01.1992 07:00:00   ;    48,0000
22.01.1992 07:00:00   ;    60,0000
23.01.1992 07:00:00   ;    63,0000
24.01.1992 07:00:00   ;    70,0000
25.01.1992 07:00:00   ;    64,0000
26.01.1992 07:00:00   ;    63,0000
27.01.1992 07:00:00   ;    63,0000
28.01.1992 07:00:00   ;    62,0000
29.01.1992 07:00:00   ;    60,0000
30.01.1992 07:00:00   ;    57,0000
31.01.1992 07:00:00   ;    55,0000
01.02.1992 07:00:00   ;    55,0000
02.02.1992 07:00:00   ;    54,0000
03.02.1992 07:00:00   ;    54,0000
04.02.1992 07:00:00   ;    53,0000
05.02.1992 07:00:00   ;    53,0000
06.02.1992 07:00:00   ;    53,0000
07.02.1992 07:00:00   ;    52,0000
08.02.1992 07:00:00   ;    52,0000
09.02.1992 07:00:00   ;    51,0000
10.02.1992 07:00:00   ;    51,0000
11.02.1992 07:00:00   ;    64,0000
12.02.1992 07:00:00   ;    59,0000
13.02.1992 07:00:00   ;    54,0000
14.02.1992 07:00:00   ;    51,0000
15.02.1992 07:00:00   ;    49,0000
16.02.1992 07:00:00   ;    48,0000
17.02.1992 07:00:00   ;    56,0000
18.02.1992 07:00:00   ;    54,0000
19.02.1992 07:00:00   ;    54,0000
20.02.1992 07:00:00   ;    54,0000
21.02.1992 07:00:00   ;    53,0000
22.02.1992 07:00:00   ;    53,0000
23.02.1992 07:00:00   ;    52,0000
24.02.1992 07:00:00   ;    52,0000
25.02.1992 07:00:00   ;    51,0000
26.02.1992 07:00:00   ;    51,0000
27.02.1992 07:00:00   ;    50,0000
28.02.1992 07:00:00   ;    49,0000
29.02.1992 07:00:00   ;    48,0000
01.03.1992 07:00:00   ;    47,0000
02.03.1992 07:00:00   ;    46,0000
03.03.1992 07:00:00   ;    44,0000
04.03.1992 07:00:00   ;    43,0000
05.03.1992 07:00:00   ;    42,0000
06.03.1992 07:00:00   ;    42,0000
07.03.1992 07:00:00   ;    41,0000
08.03.1992 07:00:00   ;    41,0000
09.03.1992 07:00:00   ;    41,0000
10.03.1992 07:00:00   ;    40,0000
11.03.1992 07:00:00   ;    40,0000
12.03.1992 07:00:00   ;    39,0000
13.03.1992 07:00:00   ;    38,0000
14.03.1992 07:00:00   ;    37,0000
15.03.1992 07:00:00   ;    37,0000
16.03.1992 07:00:00   ;    36,0000
17.03.1992 07:00:00   ;    34,0000
18.03.1992 07:00:00   ;    31,0000
19.03.1992 07:00:00   ;    30,0000
20.03.1992 07:00:00   ;    27,0000
21.03.1992 07:00:00   ;    24,0000
22.03.1992 07:00:00   ;    28,0000
23.03.1992 07:00:00   ;    21,0000
24.03.1992 07:00:00   ;    19,0000
25.03.1992 07:00:00   ;    16,0000
26.03.1992 07:00:00   ;    16,0000
27.03.1992 07:00:00   ;    51,0000
28.03.1992 07:00:00   ;    42,0000
29.03.1992 07:00:00   ;    46,0000
30.03.1992 07:00:00   ;    39,0000
31.03.1992 07:00:00   ;    34,0000
01.04.1992 07:00:00   ;    24,0000
02.04.1992 07:00:00   ;    24,0000
03.04.1992 07:00:00   ;    16,0000
04.04.1992 07:00:00   ;    12,0000
05.04.1992 07:00:00   ;     8,0000
06.04.1992 07:00:00   ;     5,0000
07.04.1992 07:00:00   ;     8,0000
08.04.1992 07:00:00   ;     4,0000
09.04.1992 07:00:00   ;     3,0000
10.04.1992 07:00:00   ;     0,0000
11.04.1992 07:00:00   ;     0,0000
12.04.1992 07:00:00   ;     0,0000
13.04.1992 07:00:00   ;     0,0000
14.04.1992 07:00:00   ;     0,0000
15.04.1992 07:00:00   ;     0,0000
16.04.1992 07:00:00   ;     4,0000
17.04.1992 07:00:00   ;     0,0000
18.04.1992 07:00:00   ;     0,0000
19.04.1992 07:00:00   ;     0,0000
20.04.1992 07:00:00   ;     0,0000
21.04.1992 07:00:00   ;     0,0000
22.04.1992 07:00:00   ;     0,0000
23.04.1992 07:00:00   ;     0,0000
24.04.1992 07:00:00   ;     0,0000
25.04.1992 07:00:00   ;     0,0000
26.04.1992 07:00:00   ;     0,0000
27.04.1992 07:00:00   ;     0,0000
28.04.1992 07:00:00   ;     0,0000
29.04.1992 07:00:00   ;     0,0000
30.04.1992 07:00:00   ;     8,0000
01.05.1992 07:00:00   ;     8,0000
02.05.1992 07:00:00   ;     3,0000
03.05.1992 07:00:00   ;     0,0000
04.05.1992 07:00:00   ;     0,0000
05.05.1992 07:00:00   ;     0,0000
06.05.1992 07:00:00   ;     0,0000
07.05.1992 07:00:00   ;     0,0000
08.05.1992 07:00:00   ;     0,0000
09.05.1992 07:00:00   ;     0,0000
10.05.1992 07:00:00   ;     0,0000
11.05.1992 07:00:00   ;     0,0000
12.05.1992 07:00:00   ;     0,0000
13.05.1992 07:00:00   ;     0,0000
14.05.1992 07:00:00   ;     0,0000
15.05.1992 07:00:00   ;     0,0000
16.05.1992 07:00:00   ;     0,0000
17.05.1992 07:00:00   ;     0,0000
18.05.1992 07:00:00   ;     0,0000
19.05.1992 07:00:00   ;     0,0000
20.05.1992 07:00:00   ;     0,0000
21.05.1992 07:00:00   ;     0,0000
22.05.1992 07:00:00   ;     0,0000
23.05.1992 07:00:00   ;     0,0000
24.05.1992 07:00:00   ;     0,0000
25.05.1992 07:00:00   ;     0,0000
26.05.1992 07:00:00   ;     0,0000
27.05.1992 07:00:00   ;     0,0000
28.05.1992 07:00:00   ;     0,0000
29.05.1992 07:00:00   ;     0,0000
30.05.1992 07:00:00   ;     0,0000
31.05.1992 07:00:00   ;     0,0000
01.06.1992 07:00:00   ;     0,0000
02.06.1992 07:00:00   ;     0,0000
03.06.1992 07:00:00   ;     0,0000
04.06.1992 07:00:00   ;     0,0000
05.06.1992 07:00:00   ;     0,0000
06.06.1992 07:00:00   ;     0,0000
07.06.1992 07:00:00   ;     0,0000
08.06.1992 07:00:00   ;     0,0000
09.06.1992 07:00:00   ;     0,0000
10.06.1992 07:00:00   ;     0,0000
11.06.1992 07:00:00   ;     0,0000
12.06.1992 07:00:00   ;     0,0000
13.06.1992 07:00:00   ;     0,0000
14.06.1992 07:00:00   ;     0,0000
15.06.1992 07:00:00   ;     0,0000
16.06.1992 07:00:00   ;     0,0000
17.06.1992 07:00:00   ;     0,0000
18.06.1992 07:00:00   ;     0,0000
19.06.1992 07:00:00   ;     0,0000
20.06.1992 07:00:00   ;     0,0000
21.06.1992 07:00:00   ;     0,0000
22.06.1992 07:00:00   ;     0,0000
23.06.1992 07:00:00   ;     0,0000
24.06.1992 07:00:00   ;     0,0000
25.06.1992 07:00:00   ;     0,0000
26.06.1992 07:00:00   ;     0,0000
27.06.1992 07:00:00   ;     0,0000
28.06.1992 07:00:00   ;     0,0000
29.06.1992 07:00:00   ;     0,0000
30.06.1992 07:00:00   ;     0,0000
01.07.1992 07:00:00   ;     0,0000
02.07.1992 07:00:00   ;     0,0000
03.07.1992 07:00:00   ;     0,0000
04.07.1992 07:00:00   ;     0,0000
05.07.1992 07:00:00   ;     0,0000
06.07.1992 07:00:00   ;     0,0000
07.07.1992 07:00:00   ;     0,0000
08.07.1992 07:00:00   ;     0,0000
09.07.1992 07:00:00   ;     0,0000
10.07.1992 07:00:00   ;     0,0000
11.07.1992 07:00:00   ;     0,0000
12.07.1992 07:00:00   ;     0,0000
13.07.1992 07:00:00   ;     0,0000
14.07.1992 07:00:00   ;     0,0000
15.07.1992 07:00:00   ;     0,0000
16.07.1992 07:00:00   ;     0,0000
17.07.1992 07:00:00   ;     0,0000
18.07.1992 07:00:00   ;     0,0000
19.07.1992 07:00:00   ;     0,0000
20.07.1992 07:00:00   ;     0,0000
21.07.1992 07:00:00   ;     0,0000
22.07.1992 07:00:00   ;     0,0000
23.07.1992 07:00:00   ;     0,0000
24.07.1992 07:00:00   ;     0,0000
25.07.1992 07:00:00   ;     0,0000
26.07.1992 07:00:00   ;     0,0000
27.07.1992 07:00:00   ;     0,0000
28.07.1992 07:00:00   ;     0,0000
29.07.1992 07:00:00   ;     0,0000
30.07.1992 07:00:00   ;     0,0000
31.07.1992 07:00:00   ;     0,0000
01.08.1992 07:00:00   ;     0,0000
02.08.1992 07:00:00   ;     0,0000
03.08.1992 07:00:00   ;     0,0000
04.08.1992 07:00:00   ;     0,0000
05.08.1992 07:00:00   ;     0,0000
06.08.1992 07:00:00   ;     0,0000
07.08.1992 07:00:00   ;     0,0000
08.08.1992 07:00:00   ;     0,0000
09.08.1992 07:00:00   ;     0,0000
10.08.1992 07:00:00   ;     0,0000
11.08.1992 07:00:00   ;     0,0000
12.08.1992 07:00:00   ;     0,0000
13.08.1992 07:00:00   ;     0,0000
14.08.1992 07:00:00   ;     0,0000
15.08.1992 07:00:00   ;     0,0000
16.08.1992 07:00:00   ;     0,0000
17.08.1992 07:00:00   ;     0,0000
18.08.1992 07:00:00   ;     0,0000
19.08.1992 07:00:00   ;     0,0000
20.08.1992 07:00:00   ;     0,0000
21.08.1992 07:00:00   ;     0,0000
22.08.1992 07:00:00   ;     0,0000
23.08.1992 07:00:00   ;     0,0000
24.08.1992 07:00:00   ;     0,0000
25.08.1992 07:00:00   ;     0,0000
26.08.1992 07:00:00   ;     0,0000
27.08.1992 07:00:00   ;     0,0000
28.08.1992 07:00:00   ;     0,0000
29.08.1992 07:00:00   ;     0,0000
30.08.1992 07:00:00   ;     0,0000
31.08.1992 07:00:00   ;     0,0000
01.09.1992 07:00:00   ;     0,0000
02.09.1992 07:00:00   ;     0,0000
03.09.1992 07:00:00   ;     0,0000
04.09.1992 07:00:00   ;     0,0000
05.09.1992 07:00:00   ;     0,0000
06.09.1992 07:00:00   ;     0,0000
07.09.1992 07:00:00   ;     0,0000
08.09.1992 07:00:00   ;     0,0000
09.09.1992 07:00:00   ;     0,0000
10.09.1992 07:00:00   ;     0,0000
11.09.1992 07:00:00   ;     0,0000
12.09.1992 07:00:00   ;     0,0000
13.09.1992 07:00:00   ;     0,0000
14.09.1992 07:00:00   ;     0,0000
15.09.1992 07:00:00   ;     0,0000
16.09.1992 07:00:00   ;     0,0000
17.09.1992 07:00:00   ;     0,0000
18.09.1992 07:00:00   ;     0,0000
19.09.1992 07:00:00   ;     0,0000
20.09.1992 07:00:00   ;     0,0000
21.09.1992 07:00:00   ;     0,0000
22.09.1992 07:00:00   ;     0,0000
23.09.1992 07:00:00   ;     0,0000
24.09.1992 07:00:00   ;     0,0000
25.09.1992 07:00:00   ;     0,0000
26.09.1992 07:00:00   ;     0,0000
27.09.1992 07:00:00   ;     0,0000
28.09.1992 07:00:00   ;     0,0000
29.09.1992 07:00:00   ;     0,0000
30.09.1992 07:00:00   ;     0,0000
01.10.1992 07:00:00   ;     0,0000
02.10.1992 07:00:00   ;     0,0000
03.10.1992 07:00:00   ;     0,0000
04.10.1992 07:00:00   ;     0,0000
05.10.1992 07:00:00   ;     0,0000
06.10.1992 07:00:00   ;     0,0000
07.10.1992 07:00:00   ;     0,0000
08.10.1992 07:00:00   ;     0,0000
09.10.1992 07:00:00   ;     0,0000
10.10.1992 07:00:00   ;     0,0000
11.10.1992 07:00:00   ;     0,0000
12.10.1992 07:00:00   ;     0,0000
13.10.1992 07:00:00   ;     0,0000
14.10.1992 07:00:00   ;     0,0000
15.10.1992 07:00:00   ;     0,0000
16.10.1992 07:00:00   ;     0,0000
17.10.1992 07:00:00   ;     0,0000
18.10.1992 07:00:00   ;     0,0000
19.10.1992 07:00:00   ;    16,0000
20.10.1992 07:00:00   ;    12,0000
21.10.1992 07:00:00   ;     7,0000
22.10.1992 07:00:00   ;    21,0000
23.10.1992 07:00:00   ;    18,0000
24.10.1992 07:00:00   ;    16,0000
25.10.1992 07:00:00   ;    13,0000
26.10.1992 07:00:00   ;     9,0000
27.10.1992 07:00:00   ;     6,0000
28.10.1992 07:00:00   ;     3,0000
29.10.1992 07:00:00   ;     0,0000
30.10.1992 07:00:00   ;     0,0000
31.10.1992 07:00:00   ;     6,0000
01.11.1992 07:00:00   ;     2,0000
02.11.1992 07:00:00   ;     0,0000
03.11.1992 07:00:00   ;     0,0000
04.11.1992 07:00:00   ;     0,0000
05.11.1992 07:00:00   ;     0,0000
06.11.1992 07:00:00   ;     0,0000
07.11.1992 07:00:00   ;     0,0000
08.11.1992 07:00:00   ;     0,0000
09.11.1992 07:00:00   ;     0,0000
10.11.1992 07:00:00   ;     0,0000
11.11.1992 07:00:00   ;     0,0000
12.11.1992 07:00:00   ;     0,0000
13.11.1992 07:00:00   ;     2,0000
14.11.1992 07:00:00   ;     2,0000
15.11.1992 07:00:00   ;     1,0000
16.11.1992 07:00:00   ;     0,0000
17.11.1992 07:00:00   ;     0,0000
18.11.1992 07:00:00   ;     9,0000
19.11.1992 07:00:00   ;     8,0000
20.11.1992 07:00:00   ;     8,0000
21.11.1992 07:00:00   ;     7,0000
22.11.1992 07:00:00   ;     5,0000
23.11.1992 07:00:00   ;     4,0000
24.11.1992 07:00:00   ;     3,0000
25.11.1992 07:00:00   ;     2,0000
26.11.1992 07:00:00   ;     2,0000
27.11.1992 07:00:00   ;     1,0000
28.11.1992 07:00:00   ;     1,0000
29.11.1992 07:00:00   ;     1,0000
30.11.1992 07:00:00   ;     0,0000
01.12.1992 07:00:00   ;     0,0000
02.12.1992 07:00:00   ;     0,0000
03.12.1992 07:00:00   ;     0,0000
04.12.1992 07:00:00   ;     3,0000
05.12.1992 07:00:00   ;     0,0000
06.12.1992 07:00:00   ;    33,0000
07.12.1992 07:00:00   ;    29,0000
08.12.1992 07:00:00   ;    40,0000
09.12.1992 07:00:00   ;    51,0000
10.12.1992 07:00:00   ;    53,0000
11.12.1992 07:00:00   ;    48,0000
12.12.1992 07:00:00   ;    45,0000
13.12.1992 07:00:00   ;    44,0000
14.12.1992 07:00:00   ;    43,0000
15.12.1992 07:00:00   ;    43,0000
16.12.1992 07:00:00   ;    42,0000
17.12.1992 07:00:00   ;    41,0000
18.12.1992 07:00:00   ;    41,0000
19.12.1992 07:00:00   ;    40,0000
20.12.1992 07:00:00   ;    39,0000
21.12.1992 07:00:00   ;    38,0000
22.12.1992 07:00:00   ;    36,0000
23.12.1992 07:00:00   ;    35,0000
24.12.1992 07:00:00   ;    35,0000
25.12.1992 07:00:00   ;    35,0000
26.12.1992 07:00:00   ;    34,0000
27.12.1992 07:00:00   ;    34,0000
28.12.1992 07:00:00   ;    34,0000
29.12.1992 07:00:00   ;    33,0000
30.12.1992 07:00:00   ;    33,0000
31.12.1992 07:00:00   ;    33,0000
01.01.1993 07:00:00   ;    33,0000
02.01.1993 07:00:00   ;    33,0000
03.01.1993 07:00:00   ;    35,0000
04.01.1993 07:00:00   ;    42,0000
05.01.1993 07:00:00   ;    42,0000
06.01.1993 07:00:00   ;    42,0000
07.01.1993 07:00:00   ;    41,0000
08.01.1993 07:00:00   ;    41,0000
09.01.1993 07:00:00   ;    40,0000
10.01.1993 07:00:00   ;    39,0000
11.01.1993 07:00:00   ;    37,0000
12.01.1993 07:00:00   ;    33,0000
13.01.1993 07:00:00   ;    28,0000
14.01.1993 07:00:00   ;    25,0000
15.01.1993 07:00:00   ;    22,0000
16.01.1993 07:00:00   ;    21,0000
17.01.1993 07:00:00   ;    21,0000
18.01.1993 07:00:00   ;    20,0000
19.01.1993 07:00:00   ;    19,0000
20.01.1993 07:00:00   ;    19,0000
21.01.1993 07:00:00   ;    19,0000
22.01.1993 07:00:00   ;    17,0000
23.01.1993 07:00:00   ;    16,0000
24.01.1993 07:00:00   ;    15,0000
25.01.1993 07:00:00   ;    15,0000
26.01.1993 07:00:00   ;    14,0000
27.01.1993 07:00:00   ;    14,0000
28.01.1993 07:00:00   ;    14,0000
29.01.1993 07:00:00   ;    14,0000
30.01.1993 07:00:00   ;    15,0000
31.01.1993 07:00:00   ;    15,0000
01.02.1993 07:00:00   ;    15,0000
02.02.1993 07:00:00   ;    15,0000
03.02.1993 07:00:00   ;    15,0000
04.02.1993 07:00:00   ;    14,0000
05.02.1993 07:00:00   ;    14,0000
06.02.1993 07:00:00   ;    14,0000
07.02.1993 07:00:00   ;    13,0000
08.02.1993 07:00:00   ;    13,0000
09.02.1993 07:00:00   ;    13,0000
10.02.1993 07:00:00   ;    13,0000
11.02.1993 07:00:00   ;    13,0000
12.02.1993 07:00:00   ;    13,0000
13.02.1993 07:00:00   ;    13,0000
14.02.1993 07:00:00   ;    13,0000
15.02.1993 07:00:00   ;    13,0000
16.02.1993 07:00:00   ;    13,0000
17.02.1993 07:00:00   ;    13,0000
18.02.1993 07:00:00   ;    13,0000
19.02.1993 07:00:00   ;    13,0000
20.02.1993 07:00:00   ;    15,0000
21.02.1993 07:00:00   ;    14,0000
22.02.1993 07:00:00   ;    14,0000
23.02.1993 07:00:00   ;    14,0000
24.02.1993 07:00:00   ;    13,0000
25.02.1993 07:00:00   ;    13,0000
26.02.1993 07:00:00   ;    13,0000
27.02.1993 07:00:00   ;    13,0000
28.02.1993 07:00:00   ;    13,0000
01.03.1993 07:00:00   ;    13,0000
02.03.1993 07:00:00   ;    13,0000
03.03.1993 07:00:00   ;    14,0000
04.03.1993 07:00:00   ;    16,0000
05.03.1993 07:00:00   ;    16,0000
06.03.1993 07:00:00   ;    16,0000
07.03.1993 07:00:00   ;    16,0000
08.03.1993 07:00:00   ;    18,0000
09.03.1993 07:00:00   ;    17,0000
10.03.1993 07:00:00   ;    17,0000
11.03.1993 07:00:00   ;    16,0000
12.03.1993 07:00:00   ;    15,0000
13.03.1993 07:00:00   ;    14,0000
14.03.1993 07:00:00   ;    13,0000
15.03.1993 07:00:00   ;    12,0000
16.03.1993 07:00:00   ;    11,0000
17.03.1993 07:00:00   ;    10,0000
18.03.1993 07:00:00   ;     8,0000
19.03.1993 07:00:00   ;     5,0000
20.03.1993 07:00:00   ;     3,0000
21.03.1993 07:00:00   ;     0,0000
22.03.1993 07:00:00   ;     0,0000
23.03.1993 07:00:00   ;     0,0000
24.03.1993 07:00:00   ;     3,0000
25.03.1993 07:00:00   ;    20,0000
26.03.1993 07:00:00   ;    32,0000
27.03.1993 07:00:00   ;    29,0000
28.03.1993 07:00:00   ;    26,0000
29.03.1993 07:00:00   ;    24,0000
30.03.1993 07:00:00   ;    19,0000
31.03.1993 07:00:00   ;    16,0000
01.04.1993 07:00:00   ;    16,0000
02.04.1993 07:00:00   ;    14,0000
03.04.1993 07:00:00   ;    10,0000
04.04.1993 07:00:00   ;     6,0000
05.04.1993 07:00:00   ;     7,0000
06.04.1993 07:00:00   ;     4,0000
07.04.1993 07:00:00   ;     3,0000
08.04.1993 07:00:00   ;     2,0000
09.04.1993 07:00:00   ;     1,0000
10.04.1993 07:00:00   ;     1,0000
11.04.1993 07:00:00   ;     4,0000
12.04.1993 07:00:00   ;     7,0000
13.04.1993 07:00:00   ;     4,0000
14.04.1993 07:00:00   ;     0,0000
15.04.1993 07:00:00   ;     0,0000
16.04.1993 07:00:00   ;     0,0000
17.04.1993 07:00:00   ;     0,0000
18.04.1993 07:00:00   ;     0,0000
19.04.1993 07:00:00   ;     0,0000
20.04.1993 07:00:00   ;     0,0000
21.04.1993 07:00:00   ;     0,0000
22.04.1993 07:00:00   ;     0,0000
23.04.1993 07:00:00   ;     0,0000
24.04.1993 07:00:00   ;     0,0000
25.04.1993 07:00:00   ;     0,0000
26.04.1993 07:00:00   ;     0,0000
27.04.1993 07:00:00   ;     0,0000
28.04.1993 07:00:00   ;     0,0000
29.04.1993 07:00:00   ;     0,0000
30.04.1993 07:00:00   ;     0,0000
01.05.1993 07:00:00   ;     0,0000
02.05.1993 07:00:00   ;     0,0000
03.05.1993 07:00:00   ;     0,0000
04.05.1993 07:00:00   ;     0,0000
05.05.1993 07:00:00   ;     0,0000
06.05.1993 07:00:00   ;     0,0000
07.05.1993 07:00:00   ;     0,0000
08.05.1993 07:00:00   ;     0,0000
09.05.1993 07:00:00   ;     0,0000
10.05.1993 07:00:00   ;     0,0000
11.05.1993 07:00:00   ;     0,0000
12.05.1993 07:00:00   ;     0,0000
13.05.1993 07:00:00   ;     0,0000
14.05.1993 07:00:00   ;     0,0000
15.05.1993 07:00:00   ;     0,0000
16.05.1993 07:00:00   ;     0,0000
17.05.1993 07:00:00   ;     0,0000
18.05.1993 07:00:00   ;     0,0000
19.05.1993 07:00:00   ;     0,0000
20.05.1993 07:00:00   ;     0,0000
21.05.1993 07:00:00   ;     0,0000
22.05.1993 07:00:00   ;     0,0000
23.05.1993 07:00:00   ;     0,0000
24.05.1993 07:00:00   ;     0,0000
25.05.1993 07:00:00   ;     0,0000
26.05.1993 07:00:00   ;     0,0000
27.05.1993 07:00:00   ;     0,0000
28.05.1993 07:00:00   ;     0,0000
29.05.1993 07:00:00   ;     0,0000
30.05.1993 07:00:00   ;     0,0000
31.05.1993 07:00:00   ;     0,0000
01.06.1993 07:00:00   ;     0,0000
02.06.1993 07:00:00   ;     0,0000
03.06.1993 07:00:00   ;     0,0000
04.06.1993 07:00:00   ;     0,0000
05.06.1993 07:00:00   ;     0,0000
06.06.1993 07:00:00   ;     0,0000
07.06.1993 07:00:00   ;     0,0000
08.06.1993 07:00:00   ;     0,0000
09.06.1993 07:00:00   ;     0,0000
10.06.1993 07:00:00   ;     0,0000
11.06.1993 07:00:00   ;     0,0000
12.06.1993 07:00:00   ;     0,0000
13.06.1993 07:00:00   ;     0,0000
14.06.1993 07:00:00   ;     0,0000
15.06.1993 07:00:00   ;     0,0000
16.06.1993 07:00:00   ;     0,0000
17.06.1993 07:00:00   ;     0,0000
18.06.1993 07:00:00   ;     0,0000
19.06.1993 07:00:00   ;     0,0000
20.06.1993 07:00:00   ;     0,0000
21.06.1993 07:00:00   ;     0,0000
22.06.1993 07:00:00   ;     0,0000
23.06.1993 07:00:00   ;     0,0000
24.06.1993 07:00:00   ;     0,0000
25.06.1993 07:00:00   ;     0,0000
26.06.1993 07:00:00   ;     0,0000
27.06.1993 07:00:00   ;     0,0000
28.06.1993 07:00:00   ;     0,0000
29.06.1993 07:00:00   ;     0,0000
30.06.1993 07:00:00   ;     0,0000
01.07.1993 07:00:00   ;     0,0000
02.07.1993 07:00:00   ;     0,0000
03.07.1993 07:00:00   ;     0,0000
04.07.1993 07:00:00   ;     0,0000
05.07.1993 07:00:00   ;     0,0000
06.07.1993 07:00:00   ;     0,0000
07.07.1993 07:00:00   ;     0,0000
08.07.1993 07:00:00   ;     0,0000
09.07.1993 07:00:00   ;     0,0000
10.07.1993 07:00:00   ;     0,0000
11.07.1993 07:00:00   ;     0,0000
12.07.1993 07:00:00   ;     0,0000
13.07.1993 07:00:00   ;     0,0000
14.07.1993 07:00:00   ;     0,0000
15.07.1993 07:00:00   ;     0,0000
16.07.1993 07:00:00   ;     0,0000
17.07.1993 07:00:00   ;     0,0000
18.07.1993 07:00:00   ;     0,0000
19.07.1993 07:00:00   ;     0,0000
20.07.1993 07:00:00   ;     0,0000
21.07.1993 07:00:00   ;     0,0000
22.07.1993 07:00:00   ;     0,0000
23.07.1993 07:00:00   ;     0,0000
24.07.1993 07:00:00   ;     0,0000
25.07.1993 07:00:00   ;     0,0000
26.07.1993 07:00:00   ;     0,0000
27.07.1993 07:00:00   ;     0,0000
28.07.1993 07:00:00   ;     0,0000
29.07.1993 07:00:00   ;     0,0000
30.07.1993 07:00:00   ;     0,0000
31.07.1993 07:00:00   ;     0,0000
01.08.1993 07:00:00   ;     0,0000
02.08.1993 07:00:00   ;     0,0000
03.08.1993 07:00:00   ;     0,0000
04.08.1993 07:00:00   ;     0,0000
05.08.1993 07:00:00   ;     0,0000
06.08.1993 07:00:00   ;     0,0000
07.08.1993 07:00:00   ;     0,0000
08.08.1993 07:00:00   ;     0,0000
09.08.1993 07:00:00   ;     0,0000
10.08.1993 07:00:00   ;     0,0000
11.08.1993 07:00:00   ;     0,0000
12.08.1993 07:00:00   ;     0,0000
13.08.1993 07:00:00   ;     0,0000
14.08.1993 07:00:00   ;     0,0000
15.08.1993 07:00:00   ;     0,0000
16.08.1993 07:00:00   ;     0,0000
17.08.1993 07:00:00   ;     0,0000
18.08.1993 07:00:00   ;     0,0000
19.08.1993 07:00:00   ;     0,0000
20.08.1993 07:00:00   ;     0,0000
21.08.1993 07:00:00   ;     0,0000
22.08.1993 07:00:00   ;     0,0000
23.08.1993 07:00:00   ;     0,0000
24.08.1993 07:00:00   ;     0,0000
25.08.1993 07:00:00   ;     0,0000
26.08.1993 07:00:00   ;     0,0000
27.08.1993 07:00:00   ;     0,0000
28.08.1993 07:00:00   ;     0,0000
29.08.1993 07:00:00   ;     0,0000
30.08.1993 07:00:00   ;     0,0000
31.08.1993 07:00:00   ;     0,0000
01.09.1993 07:00:00   ;     0,0000
02.09.1993 07:00:00   ;     0,0000
03.09.1993 07:00:00   ;     0,0000
04.09.1993 07:00:00   ;     0,0000
05.09.1993 07:00:00   ;     0,0000
06.09.1993 07:00:00   ;     0,0000
07.09.1993 07:00:00   ;     0,0000
08.09.1993 07:00:00   ;     0,0000
09.09.1993 07:00:00   ;     0,0000
10.09.1993 07:00:00   ;     0,0000
11.09.1993 07:00:00   ;     0,0000
12.09.1993 07:00:00   ;     0,0000
13.09.1993 07:00:00   ;     0,0000
14.09.1993 07:00:00   ;     0,0000
15.09.1993 07:00:00   ;     0,0000
16.09.1993 07:00:00   ;     0,0000
17.09.1993 07:00:00   ;     0,0000
18.09.1993 07:00:00   ;     0,0000
19.09.1993 07:00:00   ;     0,0000
20.09.1993 07:00:00   ;     0,0000
21.09.1993 07:00:00   ;     0,0000
22.09.1993 07:00:00   ;     0,0000
23.09.1993 07:00:00   ;     0,0000
24.09.1993 07:00:00   ;     0,0000
25.09.1993 07:00:00   ;     0,0000
26.09.1993 07:00:00   ;     0,0000
27.09.1993 07:00:00   ;     0,0000
28.09.1993 07:00:00   ;     0,0000
29.09.1993 07:00:00   ;     0,0000
30.09.1993 07:00:00   ;     0,0000
01.10.1993 07:00:00   ;     0,0000
02.10.1993 07:00:00   ;     0,0000
03.10.1993 07:00:00   ;     0,0000
04.10.1993 07:00:00   ;     0,0000
05.10.1993 07:00:00   ;     0,0000
06.10.1993 07:00:00   ;     0,0000
07.10.1993 07:00:00   ;     0,0000
08.10.1993 07:00:00   ;     0,0000
09.10.1993 07:00:00   ;     0,0000
10.10.1993 07:00:00   ;     0,0000
11.10.1993 07:00:00   ;     0,0000
12.10.1993 07:00:00   ;     0,0000
13.10.1993 07:00:00   ;     0,0000
14.10.1993 07:00:00   ;     0,0000
15.10.1993 07:00:00   ;     0,0000
16.10.1993 07:00:00   ;     0,0000
17.10.1993 07:00:00   ;     0,0000
18.10.1993 07:00:00   ;     0,0000
19.10.1993 07:00:00   ;     0,0000
20.10.1993 07:00:00   ;     0,0000
21.10.1993 07:00:00   ;     0,0000
22.10.1993 07:00:00   ;    30,0000
23.10.1993 07:00:00   ;    19,0000
24.10.1993 07:00:00   ;    11,0000
25.10.1993 07:00:00   ;     7,0000
26.10.1993 07:00:00   ;     5,0000
27.10.1993 07:00:00   ;     3,0000
28.10.1993 07:00:00   ;     0,0000
29.10.1993 07:00:00   ;     0,0000
30.10.1993 07:00:00   ;     0,0000
31.10.1993 07:00:00   ;     0,0000
01.11.1993 07:00:00   ;     0,0000
02.11.1993 07:00:00   ;     0,0000
03.11.1993 07:00:00   ;     0,0000
04.11.1993 07:00:00   ;     0,0000
05.11.1993 07:00:00   ;     0,0000
06.11.1993 07:00:00   ;     0,0000
07.11.1993 07:00:00   ;     0,0000
08.11.1993 07:00:00   ;     0,0000
09.11.1993 07:00:00   ;     0,0000
10.11.1993 07:00:00   ;     0,0000
11.11.1993 07:00:00   ;     0,0000
12.11.1993 07:00:00   ;     0,0000
13.11.1993 07:00:00   ;    14,0000
14.11.1993 07:00:00   ;    13,0000
15.11.1993 07:00:00   ;    11,0000
16.11.1993 07:00:00   ;     9,0000
17.11.1993 07:00:00   ;     9,0000
18.11.1993 07:00:00   ;     9,0000
19.11.1993 07:00:00   ;     9,0000
20.11.1993 07:00:00   ;     9,0000
21.11.1993 07:00:00   ;    18,0000
22.11.1993 07:00:00   ;    33,0000
23.11.1993 07:00:00   ;    30,0000
24.11.1993 07:00:00   ;    29,0000
25.11.1993 07:00:00   ;    28,0000
26.11.1993 07:00:00   ;    26,0000
27.11.1993 07:00:00   ;    25,0000
28.11.1993 07:00:00   ;    24,0000
29.11.1993 07:00:00   ;    26,0000
30.11.1993 07:00:00   ;    37,0000
01.12.1993 07:00:00   ;    35,0000
02.12.1993 07:00:00   ;    34,0000
03.12.1993 07:00:00   ;    32,0000
04.12.1993 07:00:00   ;    30,0000
05.12.1993 07:00:00   ;    28,0000
06.12.1993 07:00:00   ;    27,0000
07.12.1993 07:00:00   ;    27,0000
08.12.1993 07:00:00   ;    26,0000
09.12.1993 07:00:00   ;    24,0000
10.12.1993 07:00:00   ;    19,0000
11.12.1993 07:00:00   ;    16,0000
12.12.1993 07:00:00   ;    25,0000
13.12.1993 07:00:00   ;    23,0000
14.12.1993 07:00:00   ;    18,0000
15.12.1993 07:00:00   ;    24,0000
16.12.1993 07:00:00   ;    25,0000
17.12.1993 07:00:00   ;    28,0000
18.12.1993 07:00:00   ;    28,0000
19.12.1993 07:00:00   ;    27,0000
20.12.1993 07:00:00   ;    20,0000
21.12.1993 07:00:00   ;    17,0000
22.12.1993 07:00:00   ;    10,0000
23.12.1993 07:00:00   ;     7,0000
24.12.1993 07:00:00   ;     6,0000
25.12.1993 07:00:00   ;    66,0000
26.12.1993 07:00:00   ;    64,0000
27.12.1993 07:00:00   ;    83,0000
28.12.1993 07:00:00   ;    78,0000
29.12.1993 07:00:00   ;    73,0000
30.12.1993 07:00:00   ;    71,0000
31.12.1993 07:00:00   ;    68,0000
01.01.1994 07:00:00   ;    57,0000
02.01.1994 07:00:00   ;    66,0000
03.01.1994 07:00:00   ;    64,0000
04.01.1994 07:00:00   ;    63,0000
05.01.1994 07:00:00   ;    56,0000
06.01.1994 07:00:00   ;    51,0000
07.01.1994 07:00:00   ;    43,0000
08.01.1994 07:00:00   ;    34,0000
09.01.1994 07:00:00   ;    33,0000
10.01.1994 07:00:00   ;    31,0000
11.01.1994 07:00:00   ;    27,0000
12.01.1994 07:00:00   ;    25,0000
13.01.1994 07:00:00   ;    24,0000
14.01.1994 07:00:00   ;    24,0000
15.01.1994 07:00:00   ;    27,0000
16.01.1994 07:00:00   ;    27,0000
17.01.1994 07:00:00   ;    27,0000
18.01.1994 07:00:00   ;    31,0000
19.01.1994 07:00:00   ;    31,0000
20.01.1994 07:00:00   ;    31,0000
21.01.1994 07:00:00   ;    31,0000
22.01.1994 07:00:00   ;    31,0000
23.01.1994 07:00:00   ;    31,0000
24.01.1994 07:00:00   ;    31,0000
25.01.1994 07:00:00   ;    31,0000
26.01.1994 07:00:00   ;    31,0000
27.01.1994 07:00:00   ;    34,0000
28.01.1994 07:00:00   ;    34,0000
29.01.1994 07:00:00   ;    36,0000
30.01.1994 07:00:00   ;    35,0000
31.01.1994 07:00:00   ;    34,0000
01.02.1994 07:00:00   ;    34,0000
02.02.1994 07:00:00   ;    34,0000
03.02.1994 07:00:00   ;    31,0000
04.02.1994 07:00:00   ;    27,0000
05.02.1994 07:00:00   ;    25,0000
06.02.1994 07:00:00   ;    25,0000
07.02.1994 07:00:00   ;    24,0000
08.02.1994 07:00:00   ;    24,0000
09.02.1994 07:00:00   ;    28,0000
10.02.1994 07:00:00   ;    28,0000
11.02.1994 07:00:00   ;    28,0000
12.02.1994 07:00:00   ;    28,0000
13.02.1994 07:00:00   ;    42,0000
14.02.1994 07:00:00   ;    51,0000
15.02.1994 07:00:00   ;    46,0000
16.02.1994 07:00:00   ;    44,0000
17.02.1994 07:00:00   ;    43,0000
18.02.1994 07:00:00   ;    43,0000
19.02.1994 07:00:00   ;    42,0000
20.02.1994 07:00:00   ;    42,0000
21.02.1994 07:00:00   ;    41,0000
22.02.1994 07:00:00   ;    40,0000
23.02.1994 07:00:00   ;    39,0000
24.02.1994 07:00:00   ;    38,0000
25.02.1994 07:00:00   ;    40,0000
26.02.1994 07:00:00   ;    39,0000
27.02.1994 07:00:00   ;    38,0000
28.02.1994 07:00:00   ;    35,0000
01.03.1994 07:00:00   ;    28,0000
02.03.1994 07:00:00   ;    23,0000
03.03.1994 07:00:00   ;    20,0000
04.03.1994 07:00:00   ;    18,0000
05.03.1994 07:00:00   ;    18,0000
06.03.1994 07:00:00   ;    17,0000
07.03.1994 07:00:00   ;    17,0000
08.03.1994 07:00:00   ;    15,0000
09.03.1994 07:00:00   ;    12,0000
10.03.1994 07:00:00   ;     9,0000
11.03.1994 07:00:00   ;     5,0000
12.03.1994 07:00:00   ;     0,0000
13.03.1994 07:00:00   ;     0,0000
14.03.1994 07:00:00   ;     0,0000
15.03.1994 07:00:00   ;     0,0000
16.03.1994 07:00:00   ;     0,0000
17.03.1994 07:00:00   ;     0,0000
18.03.1994 07:00:00   ;     0,0000
19.03.1994 07:00:00   ;     0,0000
20.03.1994 07:00:00   ;     0,0000
21.03.1994 07:00:00   ;     0,0000
22.03.1994 07:00:00   ;     0,0000
23.03.1994 07:00:00   ;     0,0000
24.03.1994 07:00:00   ;     0,0000
25.03.1994 07:00:00   ;     0,0000
26.03.1994 07:00:00   ;     0,0000
27.03.1994 07:00:00   ;     0,0000
28.03.1994 07:00:00   ;     0,0000
29.03.1994 07:00:00   ;     0,0000
30.03.1994 07:00:00   ;     0,0000
31.03.1994 07:00:00   ;     0,0000
01.04.1994 07:00:00   ;     0,0000
02.04.1994 07:00:00   ;    41,0000
03.04.1994 07:00:00   ;    35,0000
04.04.1994 07:00:00   ;    23,0000
05.04.1994 07:00:00   ;    27,0000
06.04.1994 07:00:00   ;    55,0000
07.04.1994 07:00:00   ;    44,0000
08.04.1994 07:00:00   ;    25,0000
09.04.1994 07:00:00   ;    20,0000
10.04.1994 07:00:00   ;    69,0000
11.04.1994 07:00:00   ;   105,0000
12.04.1994 07:00:00   ;   108,0000
13.04.1994 07:00:00   ;    82,0000
14.04.1994 07:00:00   ;    60,0000
15.04.1994 07:00:00   ;    43,0000
16.04.1994 07:00:00   ;    32,0000
17.04.1994 07:00:00   ;    27,0000
18.04.1994 07:00:00   ;    21,0000
19.04.1994 07:00:00   ;    18,0000
20.04.1994 07:00:00   ;    17,0000
21.04.1994 07:00:00   ;    15,0000
22.04.1994 07:00:00   ;    11,0000
23.04.1994 07:00:00   ;     8,0000
24.04.1994 07:00:00   ;     0,0000
25.04.1994 07:00:00   ;     0,0000
26.04.1994 07:00:00   ;     0,0000
27.04.1994 07:00:00   ;     0,0000
28.04.1994 07:00:00   ;     0,0000
29.04.1994 07:00:00   ;     0,0000
30.04.1994 07:00:00   ;     0,0000
01.05.1994 07:00:00   ;     0,0000
02.05.1994 07:00:00   ;     0,0000
03.05.1994 07:00:00   ;     0,0000
04.05.1994 07:00:00   ;     0,0000
05.05.1994 07:00:00   ;     0,0000
06.05.1994 07:00:00   ;     0,0000
07.05.1994 07:00:00   ;     0,0000
08.05.1994 07:00:00   ;     0,0000
09.05.1994 07:00:00   ;     0,0000
10.05.1994 07:00:00   ;     0,0000
11.05.1994 07:00:00   ;     0,0000
12.05.1994 07:00:00   ;     0,0000
13.05.1994 07:00:00   ;     0,0000
14.05.1994 07:00:00   ;     0,0000
15.05.1994 07:00:00   ;     0,0000
16.05.1994 07:00:00   ;     0,0000
17.05.1994 07:00:00   ;     0,0000
18.05.1994 07:00:00   ;     0,0000
19.05.1994 07:00:00   ;     0,0000
20.05.1994 07:00:00   ;     0,0000
21.05.1994 07:00:00   ;     0,0000
22.05.1994 07:00:00   ;     0,0000
23.05.1994 07:00:00   ;     0,0000
24.05.1994 07:00:00   ;     0,0000
25.05.1994 07:00:00   ;     0,0000
26.05.1994 07:00:00   ;     0,0000
27.05.1994 07:00:00   ;     0,0000
28.05.1994 07:00:00   ;     0,0000
29.05.1994 07:00:00   ;     0,0000
30.05.1994 07:00:00   ;     0,0000
31.05.1994 07:00:00   ;     0,0000
01.06.1994 07:00:00   ;     0,0000
02.06.1994 07:00:00   ;     0,0000
03.06.1994 07:00:00   ;     0,0000
04.06.1994 07:00:00   ;     0,0000
05.06.1994 07:00:00   ;     0,0000
06.06.1994 07:00:00   ;     0,0000
07.06.1994 07:00:00   ;     0,0000
08.06.1994 07:00:00   ;     0,0000
09.06.1994 07:00:00   ;     0,0000
10.06.1994 07:00:00   ;     0,0000
11.06.1994 07:00:00   ;     0,0000
12.06.1994 07:00:00   ;     0,0000
13.06.1994 07:00:00   ;     0,0000
14.06.1994 07:00:00   ;     0,0000
15.06.1994 07:00:00   ;     0,0000
16.06.1994 07:00:00   ;     0,0000
17.06.1994 07:00:00   ;     0,0000
18.06.1994 07:00:00   ;     0,0000
19.06.1994 07:00:00   ;     0,0000
20.06.1994 07:00:00   ;     0,0000
21.06.1994 07:00:00   ;     0,0000
22.06.1994 07:00:00   ;     0,0000
23.06.1994 07:00:00   ;     0,0000
24.06.1994 07:00:00   ;     0,0000
25.06.1994 07:00:00   ;     0,0000
26.06.1994 07:00:00   ;     0,0000
27.06.1994 07:00:00   ;     0,0000
28.06.1994 07:00:00   ;     0,0000
29.06.1994 07:00:00   ;     0,0000
30.06.1994 07:00:00   ;     0,0000
01.07.1994 07:00:00   ;     0,0000
02.07.1994 07:00:00   ;     0,0000
03.07.1994 07:00:00   ;     0,0000
04.07.1994 07:00:00   ;     0,0000
05.07.1994 07:00:00   ;     0,0000
06.07.1994 07:00:00   ;     0,0000
07.07.1994 07:00:00   ;     0,0000
08.07.1994 07:00:00   ;     0,0000
09.07.1994 07:00:00   ;     0,0000
10.07.1994 07:00:00   ;     0,0000
11.07.1994 07:00:00   ;     0,0000
12.07.1994 07:00:00   ;     0,0000
13.07.1994 07:00:00   ;     0,0000
14.07.1994 07:00:00   ;     0,0000
15.07.1994 07:00:00   ;     0,0000
16.07.1994 07:00:00   ;     0,0000
17.07.1994 07:00:00   ;     0,0000
18.07.1994 07:00:00   ;     0,0000
19.07.1994 07:00:00   ;     0,0000
20.07.1994 07:00:00   ;     0,0000
21.07.1994 07:00:00   ;     0,0000
22.07.1994 07:00:00   ;     0,0000
23.07.1994 07:00:00   ;     0,0000
24.07.1994 07:00:00   ;     0,0000
25.07.1994 07:00:00   ;     0,0000
26.07.1994 07:00:00   ;     0,0000
27.07.1994 07:00:00   ;     0,0000
28.07.1994 07:00:00   ;     0,0000
29.07.1994 07:00:00   ;     0,0000
30.07.1994 07:00:00   ;     0,0000
31.07.1994 07:00:00   ;     0,0000
01.08.1994 07:00:00   ;     0,0000
02.08.1994 07:00:00   ;     0,0000
03.08.1994 07:00:00   ;     0,0000
04.08.1994 07:00:00   ;     0,0000
05.08.1994 07:00:00   ;     0,0000
06.08.1994 07:00:00   ;     0,0000
07.08.1994 07:00:00   ;     0,0000
08.08.1994 07:00:00   ;     0,0000
09.08.1994 07:00:00   ;     0,0000
10.08.1994 07:00:00   ;     0,0000
11.08.1994 07:00:00   ;     0,0000
12.08.1994 07:00:00   ;     0,0000
13.08.1994 07:00:00   ;     0,0000
14.08.1994 07:00:00   ;     0,0000
15.08.1994 07:00:00   ;     0,0000
16.08.1994 07:00:00   ;     0,0000
17.08.1994 07:00:00   ;     0,0000
18.08.1994 07:00:00   ;     0,0000
19.08.1994 07:00:00   ;     0,0000
20.08.1994 07:00:00   ;     0,0000
21.08.1994 07:00:00   ;     0,0000
22.08.1994 07:00:00   ;     0,0000
23.08.1994 07:00:00   ;     0,0000
24.08.1994 07:00:00   ;     0,0000
25.08.1994 07:00:00   ;     0,0000
26.08.1994 07:00:00   ;     0,0000
27.08.1994 07:00:00   ;     0,0000
28.08.1994 07:00:00   ;     0,0000
29.08.1994 07:00:00   ;     0,0000
30.08.1994 07:00:00   ;     0,0000
31.08.1994 07:00:00   ;     0,0000
01.09.1994 07:00:00   ;     0,0000
02.09.1994 07:00:00   ;     0,0000
03.09.1994 07:00:00   ;     0,0000
04.09.1994 07:00:00   ;     0,0000
05.09.1994 07:00:00   ;     0,0000
06.09.1994 07:00:00   ;     0,0000
07.09.1994 07:00:00   ;     0,0000
08.09.1994 07:00:00   ;     0,0000
09.09.1994 07:00:00   ;     0,0000
10.09.1994 07:00:00   ;     0,0000
11.09.1994 07:00:00   ;     0,0000
12.09.1994 07:00:00   ;     0,0000
13.09.1994 07:00:00   ;     0,0000
14.09.1994 07:00:00   ;     0,0000
15.09.1994 07:00:00   ;     0,0000
16.09.1994 07:00:00   ;     0,0000
17.09.1994 07:00:00   ;     0,0000
18.09.1994 07:00:00   ;     0,0000
19.09.1994 07:00:00   ;     0,0000
20.09.1994 07:00:00   ;     0,0000
21.09.1994 07:00:00   ;     0,0000
22.09.1994 07:00:00   ;     0,0000
23.09.1994 07:00:00   ;     0,0000
24.09.1994 07:00:00   ;     0,0000
25.09.1994 07:00:00   ;     0,0000
26.09.1994 07:00:00   ;     0,0000
27.09.1994 07:00:00   ;     0,0000
28.09.1994 07:00:00   ;     0,0000
29.09.1994 07:00:00   ;     0,0000
30.09.1994 07:00:00   ;     0,0000
01.10.1994 07:00:00   ;     0,0000
02.10.1994 07:00:00   ;     0,0000
03.10.1994 07:00:00   ;     0,0000
04.10.1994 07:00:00   ;     0,0000
05.10.1994 07:00:00   ;     2,0000
06.10.1994 07:00:00   ;     0,0000
07.10.1994 07:00:00   ;     0,0000
08.10.1994 07:00:00   ;     0,0000
09.10.1994 07:00:00   ;     6,0000
10.10.1994 07:00:00   ;     3,0000
11.10.1994 07:00:00   ;     0,0000
12.10.1994 07:00:00   ;     0,0000
13.10.1994 07:00:00   ;     0,0000
14.10.1994 07:00:00   ;     0,0000
15.10.1994 07:00:00   ;     0,0000
16.10.1994 07:00:00   ;     0,0000
17.10.1994 07:00:00   ;     0,0000
18.10.1994 07:00:00   ;     0,0000
19.10.1994 07:00:00   ;     0,0000
20.10.1994 07:00:00   ;     0,0000
21.10.1994 07:00:00   ;     0,0000
22.10.1994 07:00:00   ;     0,0000
23.10.1994 07:00:00   ;     0,0000
24.10.1994 07:00:00   ;     0,0000
25.10.1994 07:00:00   ;     0,0000
26.10.1994 07:00:00   ;     0,0000
27.10.1994 07:00:00   ;     5,0000
28.10.1994 07:00:00   ;     3,0000
29.10.1994 07:00:00   ;     0,0000
30.10.1994 07:00:00   ;     0,0000
31.10.1994 07:00:00   ;     0,0000
01.11.1994 07:00:00   ;     0,0000
02.11.1994 07:00:00   ;     0,0000
03.11.1994 07:00:00   ;     0,0000
04.11.1994 07:00:00   ;     0,0000
05.11.1994 07:00:00   ;     0,0000
06.11.1994 07:00:00   ;     0,0000
07.11.1994 07:00:00   ;     0,0000
08.11.1994 07:00:00   ;     0,0000
09.11.1994 07:00:00   ;     0,0000
10.11.1994 07:00:00   ;     0,0000
11.11.1994 07:00:00   ;     0,0000
12.11.1994 07:00:00   ;     0,0000
13.11.1994 07:00:00   ;     0,0000
14.11.1994 07:00:00   ;     0,0000
15.11.1994 07:00:00   ;     0,0000
16.11.1994 07:00:00   ;     0,0000
17.11.1994 07:00:00   ;     0,0000
18.11.1994 07:00:00   ;     0,0000
19.11.1994 07:00:00   ;     0,0000
20.11.1994 07:00:00   ;     0,0000
21.11.1994 07:00:00   ;     0,0000
22.11.1994 07:00:00   ;     0,0000
23.11.1994 07:00:00   ;     0,0000
24.11.1994 07:00:00   ;     0,0000
25.11.1994 07:00:00   ;     0,0000
26.11.1994 07:00:00   ;     0,0000
27.11.1994 07:00:00   ;     0,0000
28.11.1994 07:00:00   ;     0,0000
29.11.1994 07:00:00   ;     0,0000
30.11.1994 07:00:00   ;     0,0000
01.12.1994 07:00:00   ;     0,0000
02.12.1994 07:00:00   ;     0,0000
03.12.1994 07:00:00   ;     0,0000
04.12.1994 07:00:00   ;     0,0000
05.12.1994 07:00:00   ;     0,0000
06.12.1994 07:00:00   ;     0,0000
07.12.1994 07:00:00   ;     1,0000
08.12.1994 07:00:00   ;     0,0000
09.12.1994 07:00:00   ;     0,0000
10.12.1994 07:00:00   ;     0,0000
11.12.1994 07:00:00   ;     0,0000
12.12.1994 07:00:00   ;     0,0000
13.12.1994 07:00:00   ;     0,0000
14.12.1994 07:00:00   ;     0,0000
15.12.1994 07:00:00   ;     0,0000
16.12.1994 07:00:00   ;     0,0000
17.12.1994 07:00:00   ;     0,0000
18.12.1994 07:00:00   ;     0,0000
19.12.1994 07:00:00   ;     0,0000
20.12.1994 07:00:00   ;     2,0000
21.12.1994 07:00:00   ;    28,0000
22.12.1994 07:00:00   ;    68,0000
23.12.1994 07:00:00   ;    92,0000
24.12.1994 07:00:00   ;    85,0000
25.12.1994 07:00:00   ;    76,0000
26.12.1994 07:00:00   ;    65,0000
27.12.1994 07:00:00   ;    61,0000
28.12.1994 07:00:00   ;    55,0000
29.12.1994 07:00:00   ;    50,0000
30.12.1994 07:00:00   ;    36,0000
31.12.1994 07:00:00   ;    38,0000
01.01.1995 07:00:00   ;    37,0000
02.01.1995 07:00:00   ;    36,0000
03.01.1995 07:00:00   ;    35,0000
04.01.1995 07:00:00   ;    35,0000
05.01.1995 07:00:00   ;    37,0000
06.01.1995 07:00:00   ;    40,0000
07.01.1995 07:00:00   ;    39,0000
08.01.1995 07:00:00   ;    38,0000
09.01.1995 07:00:00   ;    37,0000
10.01.1995 07:00:00   ;    37,0000
11.01.1995 07:00:00   ;    37,0000
12.01.1995 07:00:00   ;    36,0000
13.01.1995 07:00:00   ;    36,0000
14.01.1995 07:00:00   ;    36,0000
15.01.1995 07:00:00   ;    35,0000
16.01.1995 07:00:00   ;    35,0000
17.01.1995 07:00:00   ;    35,0000
18.01.1995 07:00:00   ;    35,0000
19.01.1995 07:00:00   ;    35,0000
20.01.1995 07:00:00   ;    43,0000
21.01.1995 07:00:00   ;    41,0000
22.01.1995 07:00:00   ;    53,0000
23.01.1995 07:00:00   ;    41,0000
24.01.1995 07:00:00   ;    39,0000
25.01.1995 07:00:00   ;    36,0000
26.01.1995 07:00:00   ;    34,0000
27.01.1995 07:00:00   ;    45,0000
28.01.1995 07:00:00   ;    43,0000
29.01.1995 07:00:00   ;    42,0000
30.01.1995 07:00:00   ;    38,0000
31.01.1995 07:00:00   ;    36,0000
01.02.1995 07:00:00   ;    36,0000
02.02.1995 07:00:00   ;    36,0000
03.02.1995 07:00:00   ;    35,0000
04.02.1995 07:00:00   ;    35,0000
05.02.1995 07:00:00   ;    35,0000
06.02.1995 07:00:00   ;    33,0000
07.02.1995 07:00:00   ;    33,0000
08.02.1995 07:00:00   ;    32,0000
09.02.1995 07:00:00   ;    32,0000
10.02.1995 07:00:00   ;    31,0000
11.02.1995 07:00:00   ;    30,0000
12.02.1995 07:00:00   ;    29,0000
13.02.1995 07:00:00   ;    28,0000
14.02.1995 07:00:00   ;    28,0000
15.02.1995 07:00:00   ;    27,0000
16.02.1995 07:00:00   ;    26,0000
17.02.1995 07:00:00   ;    27,0000
18.02.1995 07:00:00   ;    24,0000
19.02.1995 07:00:00   ;    46,0000
20.02.1995 07:00:00   ;    45,0000
21.02.1995 07:00:00   ;    42,0000
22.02.1995 07:00:00   ;    40,0000
23.02.1995 07:00:00   ;    36,0000
24.02.1995 07:00:00   ;    57,0000
25.02.1995 07:00:00   ;    53,0000
26.02.1995 07:00:00   ;    50,0000
27.02.1995 07:00:00   ;    88,0000
28.02.1995 07:00:00   ;    84,0000
01.03.1995 07:00:00   ;    78,0000
02.03.1995 07:00:00   ;    73,0000
03.03.1995 07:00:00   ;    85,0000
04.03.1995 07:00:00   ;    87,0000
05.03.1995 07:00:00   ;   118,0000
06.03.1995 07:00:00   ;   112,0000
07.03.1995 07:00:00   ;   114,0000
08.03.1995 07:00:00   ;   109,0000
09.03.1995 07:00:00   ;   107,0000
10.03.1995 07:00:00   ;   114,0000
11.03.1995 07:00:00   ;   109,0000
12.03.1995 07:00:00   ;   104,0000
13.03.1995 07:00:00   ;   100,0000
14.03.1995 07:00:00   ;   104,0000
15.03.1995 07:00:00   ;   100,0000
16.03.1995 07:00:00   ;   103,0000
17.03.1995 07:00:00   ;   102,0000
18.03.1995 07:00:00   ;    99,0000
19.03.1995 07:00:00   ;    93,0000
20.03.1995 07:00:00   ;    98,0000
21.03.1995 07:00:00   ;    97,0000
22.03.1995 07:00:00   ;    95,0000
23.03.1995 07:00:00   ;    93,0000
24.03.1995 07:00:00   ;    90,0000
25.03.1995 07:00:00   ;    80,0000
26.03.1995 07:00:00   ;    75,0000
27.03.1995 07:00:00   ;    72,0000
28.03.1995 07:00:00   ;    90,0000
29.03.1995 07:00:00   ;    83,0000
30.03.1995 07:00:00   ;    77,0000
31.03.1995 07:00:00   ;    75,0000
01.04.1995 07:00:00   ;    72,0000
02.04.1995 07:00:00   ;    70,0000
03.04.1995 07:00:00   ;    64,0000
04.04.1995 07:00:00   ;    58,0000
05.04.1995 07:00:00   ;    52,0000
06.04.1995 07:00:00   ;    44,0000
07.04.1995 07:00:00   ;    37,0000
08.04.1995 07:00:00   ;    35,0000
09.04.1995 07:00:00   ;    34,0000
10.04.1995 07:00:00   ;    34,0000
11.04.1995 07:00:00   ;    29,0000
12.04.1995 07:00:00   ;    24,0000
13.04.1995 07:00:00   ;    19,0000
14.04.1995 07:00:00   ;    18,0000
15.04.1995 07:00:00   ;    12,0000
16.04.1995 07:00:00   ;     8,0000
17.04.1995 07:00:00   ;     0,0000
18.04.1995 07:00:00   ;     0,0000
19.04.1995 07:00:00   ;     0,0000
20.04.1995 07:00:00   ;     0,0000
21.04.1995 07:00:00   ;     0,0000
22.04.1995 07:00:00   ;     0,0000
23.04.1995 07:00:00   ;     0,0000
24.04.1995 07:00:00   ;     0,0000
25.04.1995 07:00:00   ;     0,0000
26.04.1995 07:00:00   ;     0,0000
27.04.1995 07:00:00   ;     0,0000
28.04.1995 07:00:00   ;     0,0000
29.04.1995 07:00:00   ;     0,0000
30.04.1995 07:00:00   ;     0,0000
01.05.1995 07:00:00   ;     0,0000
02.05.1995 07:00:00   ;     0,0000
03.05.1995 07:00:00   ;     0,0000
04.05.1995 07:00:00   ;     0,0000
05.05.1995 07:00:00   ;     0,0000
06.05.1995 07:00:00   ;     0,0000
07.05.1995 07:00:00   ;     0,0000
08.05.1995 07:00:00   ;     0,0000
09.05.1995 07:00:00   ;     0,0000
10.05.1995 07:00:00   ;     0,0000
11.05.1995 07:00:00   ;     0,0000
12.05.1995 07:00:00   ;     0,0000
13.05.1995 07:00:00   ;     0,0000
14.05.1995 07:00:00   ;     0,0000
15.05.1995 07:00:00   ;     0,0000
16.05.1995 07:00:00   ;     0,0000
17.05.1995 07:00:00   ;     0,0000
18.05.1995 07:00:00   ;     0,0000
19.05.1995 07:00:00   ;     0,0000
20.05.1995 07:00:00   ;     0,0000
21.05.1995 07:00:00   ;     0,0000
22.05.1995 07:00:00   ;     0,0000
23.05.1995 07:00:00   ;     0,0000
24.05.1995 07:00:00   ;     0,0000
25.05.1995 07:00:00   ;     0,0000
26.05.1995 07:00:00   ;     0,0000
27.05.1995 07:00:00   ;     0,0000
28.05.1995 07:00:00   ;     0,0000
29.05.1995 07:00:00   ;     0,0000
30.05.1995 07:00:00   ;     0,0000
31.05.1995 07:00:00   ;     0,0000
01.06.1995 07:00:00   ;     0,0000
02.06.1995 07:00:00   ;     0,0000
03.06.1995 07:00:00   ;     0,0000
04.06.1995 07:00:00   ;     0,0000
05.06.1995 07:00:00   ;     0,0000
06.06.1995 07:00:00   ;     0,0000
07.06.1995 07:00:00   ;     0,0000
08.06.1995 07:00:00   ;     0,0000
09.06.1995 07:00:00   ;     0,0000
10.06.1995 07:00:00   ;     0,0000
11.06.1995 07:00:00   ;     0,0000
12.06.1995 07:00:00   ;     0,0000
13.06.1995 07:00:00   ;     0,0000
14.06.1995 07:00:00   ;     0,0000
15.06.1995 07:00:00   ;     0,0000
16.06.1995 07:00:00   ;     0,0000
17.06.1995 07:00:00   ;     0,0000
18.06.1995 07:00:00   ;     0,0000
19.06.1995 07:00:00   ;     0,0000
20.06.1995 07:00:00   ;     0,0000
21.06.1995 07:00:00   ;     0,0000
22.06.1995 07:00:00   ;     0,0000
23.06.1995 07:00:00   ;     0,0000
24.06.1995 07:00:00   ;     0,0000
25.06.1995 07:00:00   ;     0,0000
26.06.1995 07:00:00   ;     0,0000
27.06.1995 07:00:00   ;     0,0000
28.06.1995 07:00:00   ;     0,0000
29.06.1995 07:00:00   ;     0,0000
30.06.1995 07:00:00   ;     0,0000
01.07.1995 07:00:00   ;     0,0000
02.07.1995 07:00:00   ;     0,0000
03.07.1995 07:00:00   ;     0,0000
04.07.1995 07:00:00   ;     0,0000
05.07.1995 07:00:00   ;     0,0000
06.07.1995 07:00:00   ;     0,0000
07.07.1995 07:00:00   ;     0,0000
08.07.1995 07:00:00   ;     0,0000
09.07.1995 07:00:00   ;     0,0000
10.07.1995 07:00:00   ;     0,0000
11.07.1995 07:00:00   ;     0,0000
12.07.1995 07:00:00   ;     0,0000
13.07.1995 07:00:00   ;     0,0000
14.07.1995 07:00:00   ;     0,0000
15.07.1995 07:00:00   ;     0,0000
16.07.1995 07:00:00   ;     0,0000
17.07.1995 07:00:00   ;     0,0000
18.07.1995 07:00:00   ;     0,0000
19.07.1995 07:00:00   ;     0,0000
20.07.1995 07:00:00   ;     0,0000
21.07.1995 07:00:00   ;     0,0000
22.07.1995 07:00:00   ;     0,0000
23.07.1995 07:00:00   ;     0,0000
24.07.1995 07:00:00   ;     0,0000
25.07.1995 07:00:00   ;     0,0000
26.07.1995 07:00:00   ;     0,0000
27.07.1995 07:00:00   ;     0,0000
28.07.1995 07:00:00   ;     0,0000
29.07.1995 07:00:00   ;     0,0000
30.07.1995 07:00:00   ;     0,0000
31.07.1995 07:00:00   ;     0,0000
01.08.1995 07:00:00   ;     0,0000
02.08.1995 07:00:00   ;     0,0000
03.08.1995 07:00:00   ;     0,0000
04.08.1995 07:00:00   ;     0,0000
05.08.1995 07:00:00   ;     0,0000
06.08.1995 07:00:00   ;     0,0000
07.08.1995 07:00:00   ;     0,0000
08.08.1995 07:00:00   ;     0,0000
09.08.1995 07:00:00   ;     0,0000
10.08.1995 07:00:00   ;     0,0000
11.08.1995 07:00:00   ;     0,0000
12.08.1995 07:00:00   ;     0,0000
13.08.1995 07:00:00   ;     0,0000
14.08.1995 07:00:00   ;     0,0000
15.08.1995 07:00:00   ;     0,0000
16.08.1995 07:00:00   ;     0,0000
17.08.1995 07:00:00   ;     0,0000
18.08.1995 07:00:00   ;     0,0000
19.08.1995 07:00:00   ;     0,0000
20.08.1995 07:00:00   ;     0,0000
21.08.1995 07:00:00   ;     0,0000
22.08.1995 07:00:00   ;     0,0000
23.08.1995 07:00:00   ;     0,0000
24.08.1995 07:00:00   ;     0,0000
25.08.1995 07:00:00   ;     0,0000
26.08.1995 07:00:00   ;     0,0000
27.08.1995 07:00:00   ;     0,0000
28.08.1995 07:00:00   ;     0,0000
29.08.1995 07:00:00   ;     0,0000
30.08.1995 07:00:00   ;     0,0000
31.08.1995 07:00:00   ;     0,0000
01.09.1995 07:00:00   ;     0,0000
02.09.1995 07:00:00   ;     0,0000
03.09.1995 07:00:00   ;     0,0000
04.09.1995 07:00:00   ;     0,0000
05.09.1995 07:00:00   ;     0,0000
06.09.1995 07:00:00   ;     0,0000
07.09.1995 07:00:00   ;     0,0000
08.09.1995 07:00:00   ;     0,0000
09.09.1995 07:00:00   ;     0,0000
10.09.1995 07:00:00   ;     0,0000
11.09.1995 07:00:00   ;     0,0000
12.09.1995 07:00:00   ;     0,0000
13.09.1995 07:00:00   ;     0,0000
14.09.1995 07:00:00   ;     0,0000
15.09.1995 07:00:00   ;     0,0000
16.09.1995 07:00:00   ;     0,0000
17.09.1995 07:00:00   ;     0,0000
18.09.1995 07:00:00   ;     0,0000
19.09.1995 07:00:00   ;     0,0000
20.09.1995 07:00:00   ;     0,0000
21.09.1995 07:00:00   ;     0,0000
22.09.1995 07:00:00   ;     0,0000
23.09.1995 07:00:00   ;     0,0000
24.09.1995 07:00:00   ;     0,0000
25.09.1995 07:00:00   ;     0,0000
26.09.1995 07:00:00   ;     0,0000
27.09.1995 07:00:00   ;     0,0000
28.09.1995 07:00:00   ;     0,0000
29.09.1995 07:00:00   ;     0,0000
30.09.1995 07:00:00   ;     0,0000
01.10.1995 07:00:00   ;     0,0000
02.10.1995 07:00:00   ;     0,0000
03.10.1995 07:00:00   ;     0,0000
04.10.1995 07:00:00   ;     0,0000
05.10.1995 07:00:00   ;     0,0000
06.10.1995 07:00:00   ;     0,0000
07.10.1995 07:00:00   ;     0,0000
08.10.1995 07:00:00   ;     0,0000
09.10.1995 07:00:00   ;     0,0000
10.10.1995 07:00:00   ;     0,0000
11.10.1995 07:00:00   ;     0,0000
12.10.1995 07:00:00   ;     0,0000
13.10.1995 07:00:00   ;     0,0000
14.10.1995 07:00:00   ;     0,0000
15.10.1995 07:00:00   ;     0,0000
16.10.1995 07:00:00   ;     0,0000
17.10.1995 07:00:00   ;     0,0000
18.10.1995 07:00:00   ;     0,0000
19.10.1995 07:00:00   ;     0,0000
20.10.1995 07:00:00   ;     0,0000
21.10.1995 07:00:00   ;     0,0000
22.10.1995 07:00:00   ;     0,0000
23.10.1995 07:00:00   ;     0,0000
24.10.1995 07:00:00   ;     0,0000
25.10.1995 07:00:00   ;     0,0000
26.10.1995 07:00:00   ;     0,0000
27.10.1995 07:00:00   ;     0,0000
28.10.1995 07:00:00   ;     0,0000
29.10.1995 07:00:00   ;     0,0000
30.10.1995 07:00:00   ;     0,0000
31.10.1995 07:00:00   ;     0,0000
01.11.1995 07:00:00   ;     0,0000
02.11.1995 07:00:00   ;     0,0000
03.11.1995 07:00:00   ;     0,0000
04.11.1995 07:00:00   ;     2,0000
05.11.1995 07:00:00   ;     2,0000
06.11.1995 07:00:00   ;     1,0000
07.11.1995 07:00:00   ;     0,0000
08.11.1995 07:00:00   ;     0,0000
09.11.1995 07:00:00   ;     0,0000
10.11.1995 07:00:00   ;     0,0000
11.11.1995 07:00:00   ;     0,0000
12.11.1995 07:00:00   ;     0,0000
13.11.1995 07:00:00   ;     0,0000
14.11.1995 07:00:00   ;     0,0000
15.11.1995 07:00:00   ;     0,0000
16.11.1995 07:00:00   ;     0,0000
17.11.1995 07:00:00   ;     0,0000
18.11.1995 07:00:00   ;     0,0000
19.11.1995 07:00:00   ;    15,0000
20.11.1995 07:00:00   ;    12,0000
21.11.1995 07:00:00   ;    12,0000
22.11.1995 07:00:00   ;    11,0000
23.11.1995 07:00:00   ;    11,0000
24.11.1995 07:00:00   ;    11,0000
25.11.1995 07:00:00   ;    10,0000
26.11.1995 07:00:00   ;    10,0000
27.11.1995 07:00:00   ;     8,0000
28.11.1995 07:00:00   ;     6,0000
29.11.1995 07:00:00   ;     4,0000
30.11.1995 07:00:00   ;     0,0000
01.12.1995 07:00:00   ;     0,0000
02.12.1995 07:00:00   ;     0,0000
03.12.1995 07:00:00   ;     0,0000
04.12.1995 07:00:00   ;     0,0000
05.12.1995 07:00:00   ;    29,0000
06.12.1995 07:00:00   ;    31,0000
07.12.1995 07:00:00   ;    38,0000
08.12.1995 07:00:00   ;    36,0000
09.12.1995 07:00:00   ;    30,0000
10.12.1995 07:00:00   ;    27,0000
11.12.1995 07:00:00   ;    25,0000
12.12.1995 07:00:00   ;    29,0000
13.12.1995 07:00:00   ;    30,0000
14.12.1995 07:00:00   ;    47,0000
15.12.1995 07:00:00   ;    48,0000
16.12.1995 07:00:00   ;    42,0000
17.12.1995 07:00:00   ;    38,0000
18.12.1995 07:00:00   ;    31,0000
19.12.1995 07:00:00   ;    23,0000
20.12.1995 07:00:00   ;    22,0000
21.12.1995 07:00:00   ;    22,0000
22.12.1995 07:00:00   ;    22,0000
23.12.1995 07:00:00   ;    18,0000
24.12.1995 07:00:00   ;     8,0000
25.12.1995 07:00:00   ;     3,0000
26.12.1995 07:00:00   ;     0,0000
27.12.1995 07:00:00   ;    49,0000
28.12.1995 07:00:00   ;    58,0000
29.12.1995 07:00:00   ;    52,0000
30.12.1995 07:00:00   ;    47,0000
31.12.1995 07:00:00   ;    45,0000
01.01.1996 07:00:00   ;    59,0000
02.01.1996 07:00:00   ;    56,0000
03.01.1996 07:00:00   ;    52,0000
04.01.1996 07:00:00   ;    50,0000
05.01.1996 07:00:00   ;    47,0000
06.01.1996 07:00:00   ;    45,0000
07.01.1996 07:00:00   ;    45,0000
08.01.1996 07:00:00   ;    46,0000
09.01.1996 07:00:00   ;    43,0000
10.01.1996 07:00:00   ;    41,0000
11.01.1996 07:00:00   ;    37,0000
12.01.1996 07:00:00   ;    32,0000
13.01.1996 07:00:00   ;    28,0000
14.01.1996 07:00:00   ;    27,0000
15.01.1996 07:00:00   ;    27,0000
16.01.1996 07:00:00   ;    27,0000
17.01.1996 07:00:00   ;    27,0000
18.01.1996 07:00:00   ;    27,0000
19.01.1996 07:00:00   ;    27,0000
20.01.1996 07:00:00   ;    27,0000
21.01.1996 07:00:00   ;    27,0000
22.01.1996 07:00:00   ;    27,0000
23.01.1996 07:00:00   ;    28,0000
24.01.1996 07:00:00   ;    31,0000
25.01.1996 07:00:00   ;    38,0000
26.01.1996 07:00:00   ;    38,0000
27.01.1996 07:00:00   ;    38,0000
28.01.1996 07:00:00   ;    40,0000
29.01.1996 07:00:00   ;    40,0000
30.01.1996 07:00:00   ;    40,0000
31.01.1996 07:00:00   ;    42,0000
01.02.1996 07:00:00   ;    42,0000
02.02.1996 07:00:00   ;    41,0000
03.02.1996 07:00:00   ;    37,0000
04.02.1996 07:00:00   ;    42,0000
05.02.1996 07:00:00   ;    50,0000
06.02.1996 07:00:00   ;    48,0000
07.02.1996 07:00:00   ;    46,0000
08.02.1996 07:00:00   ;    45,0000
09.02.1996 07:00:00   ;    45,0000
10.02.1996 07:00:00   ;    45,0000
11.02.1996 07:00:00   ;    44,0000
12.02.1996 07:00:00   ;    44,0000
13.02.1996 07:00:00   ;    44,0000
14.02.1996 07:00:00   ;    59,0000
15.02.1996 07:00:00   ;    56,0000
16.02.1996 07:00:00   ;    54,0000
17.02.1996 07:00:00   ;    53,0000
18.02.1996 07:00:00   ;    52,0000
19.02.1996 07:00:00   ;    65,0000
20.02.1996 07:00:00   ;   130,0000
21.02.1996 07:00:00   ;   118,0000
22.02.1996 07:00:00   ;   113,0000
23.02.1996 07:00:00   ;   111,0000
24.02.1996 07:00:00   ;   108,0000
25.02.1996 07:00:00   ;   104,0000
26.02.1996 07:00:00   ;   101,0000
27.02.1996 07:00:00   ;    98,0000
28.02.1996 07:00:00   ;    97,0000
29.02.1996 07:00:00   ;    94,0000
01.03.1996 07:00:00   ;    91,0000
02.03.1996 07:00:00   ;    89,0000
03.03.1996 07:00:00   ;    87,0000
04.03.1996 07:00:00   ;    85,0000
05.03.1996 07:00:00   ;    82,0000
06.03.1996 07:00:00   ;    80,0000
07.03.1996 07:00:00   ;    80,0000
08.03.1996 07:00:00   ;    79,0000
09.03.1996 07:00:00   ;    86,0000
10.03.1996 07:00:00   ;    85,0000
11.03.1996 07:00:00   ;    84,0000
12.03.1996 07:00:00   ;    86,0000
13.03.1996 07:00:00   ;   105,0000
14.03.1996 07:00:00   ;    96,0000
15.03.1996 07:00:00   ;    92,0000
16.03.1996 07:00:00   ;    88,0000
17.03.1996 07:00:00   ;    84,0000
18.03.1996 07:00:00   ;    82,0000
19.03.1996 07:00:00   ;    79,0000
20.03.1996 07:00:00   ;    75,0000
21.03.1996 07:00:00   ;    73,0000
22.03.1996 07:00:00   ;    70,0000
23.03.1996 07:00:00   ;    67,0000
24.03.1996 07:00:00   ;    63,0000
25.03.1996 07:00:00   ;    60,0000
26.03.1996 07:00:00   ;    56,0000
27.03.1996 07:00:00   ;    52,0000
28.03.1996 07:00:00   ;    49,0000
29.03.1996 07:00:00   ;    48,0000
30.03.1996 07:00:00   ;    64,0000
31.03.1996 07:00:00   ;    65,0000
01.04.1996 07:00:00   ;    59,0000
02.04.1996 07:00:00   ;    82,0000
03.04.1996 07:00:00   ;   118,0000
04.04.1996 07:00:00   ;   119,0000
05.04.1996 07:00:00   ;   125,0000
06.04.1996 07:00:00   ;   113,0000
07.04.1996 07:00:00   ;   100,0000
08.04.1996 07:00:00   ;    88,0000
09.04.1996 07:00:00   ;    79,0000
10.04.1996 07:00:00   ;    73,0000
11.04.1996 07:00:00   ;    64,0000
12.04.1996 07:00:00   ;    56,0000
13.04.1996 07:00:00   ;    53,0000
14.04.1996 07:00:00   ;    51,0000
15.04.1996 07:00:00   ;    49,0000
16.04.1996 07:00:00   ;    46,0000
17.04.1996 07:00:00   ;    43,0000
18.04.1996 07:00:00   ;    38,0000
19.04.1996 07:00:00   ;    34,0000
20.04.1996 07:00:00   ;    30,0000
21.04.1996 07:00:00   ;    26,0000
22.04.1996 07:00:00   ;    20,0000
23.04.1996 07:00:00   ;     9,0000
24.04.1996 07:00:00   ;     0,0000
25.04.1996 07:00:00   ;     0,0000
26.04.1996 07:00:00   ;     0,0000
27.04.1996 07:00:00   ;     0,0000
28.04.1996 07:00:00   ;     0,0000
29.04.1996 07:00:00   ;     0,0000
30.04.1996 07:00:00   ;     0,0000
01.05.1996 07:00:00   ;     0,0000
02.05.1996 07:00:00   ;     0,0000
03.05.1996 07:00:00   ;     0,0000
04.05.1996 07:00:00   ;     0,0000
05.05.1996 07:00:00   ;     0,0000
06.05.1996 07:00:00   ;     0,0000
07.05.1996 07:00:00   ;     0,0000
08.05.1996 07:00:00   ;     0,0000
09.05.1996 07:00:00   ;     0,0000
10.05.1996 07:00:00   ;     0,0000
11.05.1996 07:00:00   ;     0,0000
12.05.1996 07:00:00   ;     0,0000
13.05.1996 07:00:00   ;     0,0000
14.05.1996 07:00:00   ;     0,0000
15.05.1996 07:00:00   ;     0,0000
16.05.1996 07:00:00   ;     0,0000
17.05.1996 07:00:00   ;     0,0000
18.05.1996 07:00:00   ;     0,0000
19.05.1996 07:00:00   ;     0,0000
20.05.1996 07:00:00   ;     0,0000
21.05.1996 07:00:00   ;     0,0000
22.05.1996 07:00:00   ;     0,0000
23.05.1996 07:00:00   ;     0,0000
24.05.1996 07:00:00   ;     0,0000
25.05.1996 07:00:00   ;     0,0000
26.05.1996 07:00:00   ;     0,0000
27.05.1996 07:00:00   ;     0,0000
28.05.1996 07:00:00   ;     0,0000
29.05.1996 07:00:00   ;     0,0000
30.05.1996 07:00:00   ;     0,0000
31.05.1996 07:00:00   ;     0,0000
01.06.1996 07:00:00   ;     0,0000
02.06.1996 07:00:00   ;     0,0000
03.06.1996 07:00:00   ;     0,0000
04.06.1996 07:00:00   ;     0,0000
05.06.1996 07:00:00   ;     0,0000
06.06.1996 07:00:00   ;     0,0000
07.06.1996 07:00:00   ;     0,0000
08.06.1996 07:00:00   ;     0,0000
09.06.1996 07:00:00   ;     0,0000
10.06.1996 07:00:00   ;     0,0000
11.06.1996 07:00:00   ;     0,0000
12.06.1996 07:00:00   ;     0,0000
13.06.1996 07:00:00   ;     0,0000
14.06.1996 07:00:00   ;     0,0000
15.06.1996 07:00:00   ;     0,0000
16.06.1996 07:00:00   ;     0,0000
17.06.1996 07:00:00   ;     0,0000
18.06.1996 07:00:00   ;     0,0000
19.06.1996 07:00:00   ;     0,0000
20.06.1996 07:00:00   ;     0,0000
21.06.1996 07:00:00   ;     0,0000
22.06.1996 07:00:00   ;     0,0000
23.06.1996 07:00:00   ;     0,0000
24.06.1996 07:00:00   ;     0,0000
25.06.1996 07:00:00   ;     0,0000
26.06.1996 07:00:00   ;     0,0000
27.06.1996 07:00:00   ;     0,0000
28.06.1996 07:00:00   ;     0,0000
29.06.1996 07:00:00   ;     0,0000
30.06.1996 07:00:00   ;     0,0000
01.07.1996 07:00:00   ;     0,0000
02.07.1996 07:00:00   ;     0,0000
03.07.1996 07:00:00   ;     0,0000
04.07.1996 07:00:00   ;     0,0000
05.07.1996 07:00:00   ;     0,0000
06.07.1996 07:00:00   ;     0,0000
07.07.1996 07:00:00   ;     0,0000
08.07.1996 07:00:00   ;     0,0000
09.07.1996 07:00:00   ;     0,0000
10.07.1996 07:00:00   ;     0,0000
11.07.1996 07:00:00   ;     0,0000
12.07.1996 07:00:00   ;     0,0000
13.07.1996 07:00:00   ;     0,0000
14.07.1996 07:00:00   ;     0,0000
15.07.1996 07:00:00   ;     0,0000
16.07.1996 07:00:00   ;     0,0000
17.07.1996 07:00:00   ;     0,0000
18.07.1996 07:00:00   ;     0,0000
19.07.1996 07:00:00   ;     0,0000
20.07.1996 07:00:00   ;     0,0000
21.07.1996 07:00:00   ;     0,0000
22.07.1996 07:00:00   ;     0,0000
23.07.1996 07:00:00   ;     0,0000
24.07.1996 07:00:00   ;     0,0000
25.07.1996 07:00:00   ;     0,0000
26.07.1996 07:00:00   ;     0,0000
27.07.1996 07:00:00   ;     0,0000
28.07.1996 07:00:00   ;     0,0000
29.07.1996 07:00:00   ;     0,0000
30.07.1996 07:00:00   ;     0,0000
31.07.1996 07:00:00   ;     0,0000
01.08.1996 07:00:00   ;     0,0000
02.08.1996 07:00:00   ;     0,0000
03.08.1996 07:00:00   ;     0,0000
04.08.1996 07:00:00   ;     0,0000
05.08.1996 07:00:00   ;     0,0000
06.08.1996 07:00:00   ;     0,0000
07.08.1996 07:00:00   ;     0,0000
08.08.1996 07:00:00   ;     0,0000
09.08.1996 07:00:00   ;     0,0000
10.08.1996 07:00:00   ;     0,0000
11.08.1996 07:00:00   ;     0,0000
12.08.1996 07:00:00   ;     0,0000
13.08.1996 07:00:00   ;     0,0000
14.08.1996 07:00:00   ;     0,0000
15.08.1996 07:00:00   ;     0,0000
16.08.1996 07:00:00   ;     0,0000
17.08.1996 07:00:00   ;     0,0000
18.08.1996 07:00:00   ;     0,0000
19.08.1996 07:00:00   ;     0,0000
20.08.1996 07:00:00   ;     0,0000
21.08.1996 07:00:00   ;     0,0000
22.08.1996 07:00:00   ;     0,0000
23.08.1996 07:00:00   ;     0,0000
24.08.1996 07:00:00   ;     0,0000
25.08.1996 07:00:00   ;     0,0000
26.08.1996 07:00:00   ;     0,0000
27.08.1996 07:00:00   ;     0,0000
28.08.1996 07:00:00   ;     0,0000
29.08.1996 07:00:00   ;     0,0000
30.08.1996 07:00:00   ;     0,0000
31.08.1996 07:00:00   ;     0,0000
01.09.1996 07:00:00   ;     0,0000
02.09.1996 07:00:00   ;     0,0000
03.09.1996 07:00:00   ;     0,0000
04.09.1996 07:00:00   ;     0,0000
05.09.1996 07:00:00   ;     0,0000
06.09.1996 07:00:00   ;     0,0000
07.09.1996 07:00:00   ;     0,0000
08.09.1996 07:00:00   ;     0,0000
09.09.1996 07:00:00   ;     0,0000
10.09.1996 07:00:00   ;     0,0000
11.09.1996 07:00:00   ;     0,0000
12.09.1996 07:00:00   ;     0,0000
13.09.1996 07:00:00   ;     0,0000
14.09.1996 07:00:00   ;     0,0000
15.09.1996 07:00:00   ;     0,0000
16.09.1996 07:00:00   ;     0,0000
17.09.1996 07:00:00   ;     0,0000
18.09.1996 07:00:00   ;     0,0000
19.09.1996 07:00:00   ;     0,0000
20.09.1996 07:00:00   ;     0,0000
21.09.1996 07:00:00   ;     0,0000
22.09.1996 07:00:00   ;     0,0000
23.09.1996 07:00:00   ;     0,0000
24.09.1996 07:00:00   ;     0,0000
25.09.1996 07:00:00   ;     0,0000
26.09.1996 07:00:00   ;     0,0000
27.09.1996 07:00:00   ;     0,0000
28.09.1996 07:00:00   ;     0,0000
29.09.1996 07:00:00   ;     0,0000
30.09.1996 07:00:00   ;     0,0000
01.10.1996 07:00:00   ;     0,0000
02.10.1996 07:00:00   ;     0,0000
03.10.1996 07:00:00   ;     5,0000
04.10.1996 07:00:00   ;     0,0000
05.10.1996 07:00:00   ;     0,0000
06.10.1996 07:00:00   ;     0,0000
07.10.1996 07:00:00   ;     0,0000
08.10.1996 07:00:00   ;     0,0000
09.10.1996 07:00:00   ;     0,0000
10.10.1996 07:00:00   ;     0,0000
11.10.1996 07:00:00   ;     0,0000
12.10.1996 07:00:00   ;     0,0000
13.10.1996 07:00:00   ;     0,0000
14.10.1996 07:00:00   ;     0,0000
15.10.1996 07:00:00   ;     0,0000
16.10.1996 07:00:00   ;     0,0000
17.10.1996 07:00:00   ;     0,0000
18.10.1996 07:00:00   ;     0,0000
19.10.1996 07:00:00   ;     0,0000
20.10.1996 07:00:00   ;     0,0000
21.10.1996 07:00:00   ;     0,0000
22.10.1996 07:00:00   ;     0,0000
23.10.1996 07:00:00   ;     0,0000
24.10.1996 07:00:00   ;     0,0000
25.10.1996 07:00:00   ;     0,0000
26.10.1996 07:00:00   ;     0,0000
27.10.1996 07:00:00   ;     0,0000
28.10.1996 07:00:00   ;     0,0000
29.10.1996 07:00:00   ;     0,0000
30.10.1996 07:00:00   ;     0,0000
31.10.1996 07:00:00   ;     0,0000
01.11.1996 07:00:00   ;     0,0000
02.11.1996 07:00:00   ;     0,0000
03.11.1996 07:00:00   ;     0,0000
04.11.1996 07:00:00   ;     0,0000
05.11.1996 07:00:00   ;     0,0000
06.11.1996 07:00:00   ;     0,0000
07.11.1996 07:00:00   ;     0,0000
08.11.1996 07:00:00   ;     0,0000
09.11.1996 07:00:00   ;     0,0000
10.11.1996 07:00:00   ;     0,0000
11.11.1996 07:00:00   ;     0,0000
12.11.1996 07:00:00   ;     0,0000
13.11.1996 07:00:00   ;     0,0000
14.11.1996 07:00:00   ;     0,0000
15.11.1996 07:00:00   ;     0,0000
16.11.1996 07:00:00   ;     0,0000
17.11.1996 07:00:00   ;     0,0000
18.11.1996 07:00:00   ;     0,0000
19.11.1996 07:00:00   ;     0,0000
20.11.1996 07:00:00   ;     0,0000
21.11.1996 07:00:00   ;     6,0000
22.11.1996 07:00:00   ;     8,0000
23.11.1996 07:00:00   ;    25,0000
24.11.1996 07:00:00   ;    24,0000
25.11.1996 07:00:00   ;    23,0000
26.11.1996 07:00:00   ;    27,0000
27.11.1996 07:00:00   ;    30,0000
28.11.1996 07:00:00   ;    29,0000
29.11.1996 07:00:00   ;    32,0000
30.11.1996 07:00:00   ;    30,0000
01.12.1996 07:00:00   ;    28,0000
02.12.1996 07:00:00   ;    28,0000
03.12.1996 07:00:00   ;    30,0000
04.12.1996 07:00:00   ;    30,0000
05.12.1996 07:00:00   ;    29,0000
06.12.1996 07:00:00   ;    29,0000
07.12.1996 07:00:00   ;    28,0000
08.12.1996 07:00:00   ;    28,0000
09.12.1996 07:00:00   ;    27,0000
10.12.1996 07:00:00   ;    27,0000
11.12.1996 07:00:00   ;    27,0000
12.12.1996 07:00:00   ;    26,0000
13.12.1996 07:00:00   ;    24,0000
14.12.1996 07:00:00   ;    19,0000
15.12.1996 07:00:00   ;    16,0000
16.12.1996 07:00:00   ;    15,0000
17.12.1996 07:00:00   ;    14,0000
18.12.1996 07:00:00   ;    14,0000
19.12.1996 07:00:00   ;    13,0000
20.12.1996 07:00:00   ;    12,0000
21.12.1996 07:00:00   ;     8,0000
22.12.1996 07:00:00   ;     6,0000
23.12.1996 07:00:00   ;     5,0000
24.12.1996 07:00:00   ;     5,0000
25.12.1996 07:00:00   ;    15,0000
26.12.1996 07:00:00   ;    12,0000
27.12.1996 07:00:00   ;    12,0000
28.12.1996 07:00:00   ;    12,0000
29.12.1996 07:00:00   ;    12,0000
30.12.1996 07:00:00   ;    12,0000
31.12.1996 07:00:00   ;    12,0000
01.01.1997 07:00:00   ;    32,0000
02.01.1997 07:00:00   ;    42,0000
03.01.1997 07:00:00   ;    44,0000
04.01.1997 07:00:00   ;    50,0000
05.01.1997 07:00:00   ;    44,0000
06.01.1997 07:00:00   ;    44,0000
07.01.1997 07:00:00   ;    49,0000
08.01.1997 07:00:00   ;    48,0000
09.01.1997 07:00:00   ;    48,0000
10.01.1997 07:00:00   ;    57,0000
11.01.1997 07:00:00   ;    59,0000
12.01.1997 07:00:00   ;    58,0000
13.01.1997 07:00:00   ;    56,0000
14.01.1997 07:00:00   ;    55,0000
15.01.1997 07:00:00   ;    53,0000
16.01.1997 07:00:00   ;    52,0000
17.01.1997 07:00:00   ;    50,0000
18.01.1997 07:00:00   ;    49,0000
19.01.1997 07:00:00   ;    48,0000
20.01.1997 07:00:00   ;    45,0000
21.01.1997 07:00:00   ;    43,0000
22.01.1997 07:00:00   ;    45,0000
23.01.1997 07:00:00   ;    42,0000
24.01.1997 07:00:00   ;    41,0000
25.01.1997 07:00:00   ;    40,0000
26.01.1997 07:00:00   ;    40,0000
27.01.1997 07:00:00   ;    40,0000
28.01.1997 07:00:00   ;    40,0000
29.01.1997 07:00:00   ;    39,0000
30.01.1997 07:00:00   ;    39,0000
31.01.1997 07:00:00   ;    39,0000
01.02.1997 07:00:00   ;    39,0000
02.02.1997 07:00:00   ;    39,0000
03.02.1997 07:00:00   ;    39,0000
04.02.1997 07:00:00   ;    39,0000
05.02.1997 07:00:00   ;    39,0000
06.02.1997 07:00:00   ;    39,0000
07.02.1997 07:00:00   ;    39,0000
08.02.1997 07:00:00   ;    39,0000
09.02.1997 07:00:00   ;    39,0000
10.02.1997 07:00:00   ;    39,0000
11.02.1997 07:00:00   ;    39,0000
12.02.1997 07:00:00   ;    38,0000
13.02.1997 07:00:00   ;    37,0000
14.02.1997 07:00:00   ;    44,0000
15.02.1997 07:00:00   ;    44,0000
16.02.1997 07:00:00   ;    42,0000
17.02.1997 07:00:00   ;    41,0000
18.02.1997 07:00:00   ;    40,0000
19.02.1997 07:00:00   ;    47,0000
20.02.1997 07:00:00   ;    44,0000
21.02.1997 07:00:00   ;    42,0000
22.02.1997 07:00:00   ;    41,0000
23.02.1997 07:00:00   ;    41,0000
24.02.1997 07:00:00   ;    41,0000
25.02.1997 07:00:00   ;    40,0000
26.02.1997 07:00:00   ;    36,0000
27.02.1997 07:00:00   ;    27,0000
28.02.1997 07:00:00   ;    27,0000
01.03.1997 07:00:00   ;    26,0000
02.03.1997 07:00:00   ;    26,0000
03.03.1997 07:00:00   ;    25,0000
04.03.1997 07:00:00   ;    24,0000
05.03.1997 07:00:00   ;    22,0000
06.03.1997 07:00:00   ;    21,0000
07.03.1997 07:00:00   ;    20,0000
08.03.1997 07:00:00   ;    20,0000
09.03.1997 07:00:00   ;    19,0000
10.03.1997 07:00:00   ;    18,0000
11.03.1997 07:00:00   ;    18,0000
12.03.1997 07:00:00   ;    17,0000
13.03.1997 07:00:00   ;    16,0000
14.03.1997 07:00:00   ;    14,0000
15.03.1997 07:00:00   ;    11,0000
16.03.1997 07:00:00   ;     8,0000
17.03.1997 07:00:00   ;     5,0000
18.03.1997 07:00:00   ;     3,0000
19.03.1997 07:00:00   ;     6,0000
20.03.1997 07:00:00   ;     7,0000
21.03.1997 07:00:00   ;     3,0000
22.03.1997 07:00:00   ;     2,0000
23.03.1997 07:00:00   ;     1,0000
24.03.1997 07:00:00   ;     3,0000
25.03.1997 07:00:00   ;     2,0000
26.03.1997 07:00:00   ;     1,0000
27.03.1997 07:00:00   ;     0,0000
28.03.1997 07:00:00   ;     0,0000
29.03.1997 07:00:00   ;     0,0000
30.03.1997 07:00:00   ;     0,0000
31.03.1997 07:00:00   ;     0,0000
01.04.1997 07:00:00   ;     0,0000
02.04.1997 07:00:00   ;     0,0000
03.04.1997 07:00:00   ;     0,0000
04.04.1997 07:00:00   ;     0,0000
05.04.1997 07:00:00   ;     0,0000
06.04.1997 07:00:00   ;     0,0000
07.04.1997 07:00:00   ;     0,0000
08.04.1997 07:00:00   ;     0,0000
09.04.1997 07:00:00   ;     0,0000
10.04.1997 07:00:00   ;     0,0000
11.04.1997 07:00:00   ;     0,0000
12.04.1997 07:00:00   ;     0,0000
13.04.1997 07:00:00   ;     0,0000
14.04.1997 07:00:00   ;     0,0000
15.04.1997 07:00:00   ;     0,0000
16.04.1997 07:00:00   ;     0,0000
17.04.1997 07:00:00   ;     0,0000
18.04.1997 07:00:00   ;     0,0000
19.04.1997 07:00:00   ;     0,0000
20.04.1997 07:00:00   ;     0,0000
21.04.1997 07:00:00   ;    22,0000
22.04.1997 07:00:00   ;    24,0000
23.04.1997 07:00:00   ;    21,0000
24.04.1997 07:00:00   ;    14,0000
25.04.1997 07:00:00   ;     7,0000
26.04.1997 07:00:00   ;     0,0000
27.04.1997 07:00:00   ;     0,0000
28.04.1997 07:00:00   ;     0,0000
29.04.1997 07:00:00   ;     0,0000
30.04.1997 07:00:00   ;     0,0000
01.05.1997 07:00:00   ;     0,0000
02.05.1997 07:00:00   ;     0,0000
03.05.1997 07:00:00   ;     0,0000
04.05.1997 07:00:00   ;     0,0000
05.05.1997 07:00:00   ;     0,0000
06.05.1997 07:00:00   ;     0,0000
07.05.1997 07:00:00   ;     0,0000
08.05.1997 07:00:00   ;     0,0000
09.05.1997 07:00:00   ;     2,0000
10.05.1997 07:00:00   ;     0,0000
11.05.1997 07:00:00   ;     0,0000
12.05.1997 07:00:00   ;     0,0000
13.05.1997 07:00:00   ;     0,0000
14.05.1997 07:00:00   ;     0,0000
15.05.1997 07:00:00   ;     0,0000
16.05.1997 07:00:00   ;     0,0000
17.05.1997 07:00:00   ;     0,0000
18.05.1997 07:00:00   ;     0,0000
19.05.1997 07:00:00   ;     0,0000
20.05.1997 07:00:00   ;     0,0000
21.05.1997 07:00:00   ;     0,0000
22.05.1997 07:00:00   ;     0,0000
23.05.1997 07:00:00   ;     0,0000
24.05.1997 07:00:00   ;     0,0000
25.05.1997 07:00:00   ;     0,0000
26.05.1997 07:00:00   ;     0,0000
27.05.1997 07:00:00   ;     0,0000
28.05.1997 07:00:00   ;     0,0000
29.05.1997 07:00:00   ;     0,0000
30.05.1997 07:00:00   ;     0,0000
31.05.1997 07:00:00   ;     0,0000
01.06.1997 07:00:00   ;     0,0000
02.06.1997 07:00:00   ;     0,0000
03.06.1997 07:00:00   ;     0,0000
04.06.1997 07:00:00   ;     0,0000
05.06.1997 07:00:00   ;     0,0000
06.06.1997 07:00:00   ;     0,0000
07.06.1997 07:00:00   ;     0,0000
08.06.1997 07:00:00   ;     0,0000
09.06.1997 07:00:00   ;     0,0000
10.06.1997 07:00:00   ;     0,0000
11.06.1997 07:00:00   ;     0,0000
12.06.1997 07:00:00   ;     0,0000
13.06.1997 07:00:00   ;     0,0000
14.06.1997 07:00:00   ;     0,0000
15.06.1997 07:00:00   ;     0,0000
16.06.1997 07:00:00   ;     0,0000
17.06.1997 07:00:00   ;     0,0000
18.06.1997 07:00:00   ;     0,0000
19.06.1997 07:00:00   ;     0,0000
20.06.1997 07:00:00   ;     0,0000
21.06.1997 07:00:00   ;     0,0000
22.06.1997 07:00:00   ;     0,0000
23.06.1997 07:00:00   ;     0,0000
24.06.1997 07:00:00   ;     0,0000
25.06.1997 07:00:00   ;     0,0000
26.06.1997 07:00:00   ;     0,0000
27.06.1997 07:00:00   ;     0,0000
28.06.1997 07:00:00   ;     0,0000
29.06.1997 07:00:00   ;     0,0000
30.06.1997 07:00:00   ;     0,0000
01.07.1997 07:00:00   ;     0,0000
02.07.1997 07:00:00   ;     0,0000
03.07.1997 07:00:00   ;     0,0000
04.07.1997 07:00:00   ;     0,0000
05.07.1997 07:00:00   ;     0,0000
06.07.1997 07:00:00   ;     0,0000
07.07.1997 07:00:00   ;     0,0000
08.07.1997 07:00:00   ;     0,0000
09.07.1997 07:00:00   ;     0,0000
10.07.1997 07:00:00   ;     0,0000
11.07.1997 07:00:00   ;     0,0000
12.07.1997 07:00:00   ;     0,0000
13.07.1997 07:00:00   ;     0,0000
14.07.1997 07:00:00   ;     0,0000
15.07.1997 07:00:00   ;     0,0000
16.07.1997 07:00:00   ;     0,0000
17.07.1997 07:00:00   ;     0,0000
18.07.1997 07:00:00   ;     0,0000
19.07.1997 07:00:00   ;     0,0000
20.07.1997 07:00:00   ;     0,0000
21.07.1997 07:00:00   ;     0,0000
22.07.1997 07:00:00   ;     0,0000
23.07.1997 07:00:00   ;     0,0000
24.07.1997 07:00:00   ;     0,0000
25.07.1997 07:00:00   ;     0,0000
26.07.1997 07:00:00   ;     0,0000
27.07.1997 07:00:00   ;     0,0000
28.07.1997 07:00:00   ;     0,0000
29.07.1997 07:00:00   ;     0,0000
30.07.1997 07:00:00   ;     0,0000
31.07.1997 07:00:00   ;     0,0000
01.08.1997 07:00:00   ;     0,0000
02.08.1997 07:00:00   ;     0,0000
03.08.1997 07:00:00   ;     0,0000
04.08.1997 07:00:00   ;     0,0000
05.08.1997 07:00:00   ;     0,0000
06.08.1997 07:00:00   ;     0,0000
07.08.1997 07:00:00   ;     0,0000
08.08.1997 07:00:00   ;     0,0000
09.08.1997 07:00:00   ;     0,0000
10.08.1997 07:00:00   ;     0,0000
11.08.1997 07:00:00   ;     0,0000
12.08.1997 07:00:00   ;     0,0000
13.08.1997 07:00:00   ;     0,0000
14.08.1997 07:00:00   ;     0,0000
15.08.1997 07:00:00   ;     0,0000
16.08.1997 07:00:00   ;     0,0000
17.08.1997 07:00:00   ;     0,0000
18.08.1997 07:00:00   ;     0,0000
19.08.1997 07:00:00   ;     0,0000
20.08.1997 07:00:00   ;     0,0000
21.08.1997 07:00:00   ;     0,0000
22.08.1997 07:00:00   ;     0,0000
23.08.1997 07:00:00   ;     0,0000
24.08.1997 07:00:00   ;     0,0000
25.08.1997 07:00:00   ;     0,0000
26.08.1997 07:00:00   ;     0,0000
27.08.1997 07:00:00   ;     0,0000
28.08.1997 07:00:00   ;     0,0000
29.08.1997 07:00:00   ;     0,0000
30.08.1997 07:00:00   ;     0,0000
31.08.1997 07:00:00   ;     0,0000
01.09.1997 07:00:00   ;     0,0000
02.09.1997 07:00:00   ;     0,0000
03.09.1997 07:00:00   ;     0,0000
04.09.1997 07:00:00   ;     0,0000
05.09.1997 07:00:00   ;     0,0000
06.09.1997 07:00:00   ;     0,0000
07.09.1997 07:00:00   ;     0,0000
08.09.1997 07:00:00   ;     0,0000
09.09.1997 07:00:00   ;     0,0000
10.09.1997 07:00:00   ;     0,0000
11.09.1997 07:00:00   ;     0,0000
12.09.1997 07:00:00   ;     0,0000
13.09.1997 07:00:00   ;     0,0000
14.09.1997 07:00:00   ;     0,0000
15.09.1997 07:00:00   ;     0,0000
16.09.1997 07:00:00   ;     0,0000
17.09.1997 07:00:00   ;     0,0000
18.09.1997 07:00:00   ;     0,0000
19.09.1997 07:00:00   ;     0,0000
20.09.1997 07:00:00   ;     0,0000
21.09.1997 07:00:00   ;     0,0000
22.09.1997 07:00:00   ;     0,0000
23.09.1997 07:00:00   ;     0,0000
24.09.1997 07:00:00   ;     0,0000
25.09.1997 07:00:00   ;     0,0000
26.09.1997 07:00:00   ;     0,0000
27.09.1997 07:00:00   ;     0,0000
28.09.1997 07:00:00   ;     0,0000
29.09.1997 07:00:00   ;     0,0000
30.09.1997 07:00:00   ;     0,0000
01.10.1997 07:00:00   ;     0,0000
02.10.1997 07:00:00   ;     0,0000
03.10.1997 07:00:00   ;     0,0000
04.10.1997 07:00:00   ;     0,0000
05.10.1997 07:00:00   ;     0,0000
06.10.1997 07:00:00   ;     0,0000
07.10.1997 07:00:00   ;     0,0000
08.10.1997 07:00:00   ;     0,0000
09.10.1997 07:00:00   ;     0,0000
10.10.1997 07:00:00   ;     0,0000
11.10.1997 07:00:00   ;     0,0000
12.10.1997 07:00:00   ;     0,0000
13.10.1997 07:00:00   ;     0,0000
14.10.1997 07:00:00   ;     0,0000
15.10.1997 07:00:00   ;     0,0000
16.10.1997 07:00:00   ;     0,0000
17.10.1997 07:00:00   ;     0,0000
18.10.1997 07:00:00   ;     0,0000
19.10.1997 07:00:00   ;     0,0000
20.10.1997 07:00:00   ;     0,0000
21.10.1997 07:00:00   ;     0,0000
22.10.1997 07:00:00   ;     0,0000
23.10.1997 07:00:00   ;     0,0000
24.10.1997 07:00:00   ;     0,0000
25.10.1997 07:00:00   ;     0,0000
26.10.1997 07:00:00   ;     0,0000
27.10.1997 07:00:00   ;     0,0000
28.10.1997 07:00:00   ;     2,0000
29.10.1997 07:00:00   ;     2,0000
30.10.1997 07:00:00   ;     2,0000
31.10.1997 07:00:00   ;     3,0000
01.11.1997 07:00:00   ;     0,0000
02.11.1997 07:00:00   ;     0,0000
03.11.1997 07:00:00   ;     0,0000
04.11.1997 07:00:00   ;     0,0000
05.11.1997 07:00:00   ;     0,0000
06.11.1997 07:00:00   ;     0,0000
07.11.1997 07:00:00   ;     0,0000
08.11.1997 07:00:00   ;     0,0000
09.11.1997 07:00:00   ;     0,0000
10.11.1997 07:00:00   ;     0,0000
11.11.1997 07:00:00   ;     0,0000
12.11.1997 07:00:00   ;     0,0000
13.11.1997 07:00:00   ;     0,0000
14.11.1997 07:00:00   ;     1,0000
15.11.1997 07:00:00   ;     0,0000
16.11.1997 07:00:00   ;     0,0000
17.11.1997 07:00:00   ;     0,0000
18.11.1997 07:00:00   ;     0,0000
19.11.1997 07:00:00   ;     4,0000
20.11.1997 07:00:00   ;     3,0000
21.11.1997 07:00:00   ;     2,0000
22.11.1997 07:00:00   ;     2,0000
23.11.1997 07:00:00   ;     1,0000
24.11.1997 07:00:00   ;    16,0000
25.11.1997 07:00:00   ;    14,0000
26.11.1997 07:00:00   ;    13,0000
27.11.1997 07:00:00   ;    12,0000
28.11.1997 07:00:00   ;    11,0000
29.11.1997 07:00:00   ;    11,0000
30.11.1997 07:00:00   ;    18,0000
01.12.1997 07:00:00   ;    23,0000
02.12.1997 07:00:00   ;    18,0000
03.12.1997 07:00:00   ;    24,0000
04.12.1997 07:00:00   ;    70,0000
05.12.1997 07:00:00   ;    66,0000
06.12.1997 07:00:00   ;    62,0000
07.12.1997 07:00:00   ;    60,0000
08.12.1997 07:00:00   ;    58,0000
09.12.1997 07:00:00   ;    55,0000
10.12.1997 07:00:00   ;    53,0000
11.12.1997 07:00:00   ;    51,0000
12.12.1997 07:00:00   ;    48,0000
13.12.1997 07:00:00   ;    45,0000
14.12.1997 07:00:00   ;    43,0000
15.12.1997 07:00:00   ;    42,0000
16.12.1997 07:00:00   ;    46,0000
17.12.1997 07:00:00   ;    53,0000
18.12.1997 07:00:00   ;    51,0000
19.12.1997 07:00:00   ;    49,0000
20.12.1997 07:00:00   ;    42,0000
21.12.1997 07:00:00   ;    34,0000
22.12.1997 07:00:00   ;    33,0000
23.12.1997 07:00:00   ;    32,0000
24.12.1997 07:00:00   ;    32,0000
25.12.1997 07:00:00   ;    32,0000
26.12.1997 07:00:00   ;    31,0000
27.12.1997 07:00:00   ;    42,0000
28.12.1997 07:00:00   ;    42,0000
29.12.1997 07:00:00   ;    42,0000
30.12.1997 07:00:00   ;    42,0000
31.12.1997 07:00:00   ;    42,0000
01.01.1998 07:00:00   ;    41,0000
02.01.1998 07:00:00   ;    39,0000
03.01.1998 07:00:00   ;    35,0000
04.01.1998 07:00:00   ;    34,0000
05.01.1998 07:00:00   ;    34,0000
06.01.1998 07:00:00   ;    34,0000
07.01.1998 07:00:00   ;    33,0000
08.01.1998 07:00:00   ;    33,0000
09.01.1998 07:00:00   ;    33,0000
10.01.1998 07:00:00   ;    33,0000
11.01.1998 07:00:00   ;    33,0000
12.01.1998 07:00:00   ;    33,0000
13.01.1998 07:00:00   ;    33,0000
14.01.1998 07:00:00   ;    33,0000
15.01.1998 07:00:00   ;    32,0000
16.01.1998 07:00:00   ;    32,0000
17.01.1998 07:00:00   ;    32,0000
18.01.1998 07:00:00   ;    32,0000
19.01.1998 07:00:00   ;    31,0000
20.01.1998 07:00:00   ;    40,0000
21.01.1998 07:00:00   ;    38,0000
22.01.1998 07:00:00   ;    36,0000
23.01.1998 07:00:00   ;    38,0000
24.01.1998 07:00:00   ;    38,0000
25.01.1998 07:00:00   ;    38,0000
26.01.1998 07:00:00   ;    38,0000
27.01.1998 07:00:00   ;    38,0000
28.01.1998 07:00:00   ;    38,0000
29.01.1998 07:00:00   ;    38,0000
30.01.1998 07:00:00   ;    38,0000
31.01.1998 07:00:00   ;    38,0000
01.02.1998 07:00:00   ;    37,0000
02.02.1998 07:00:00   ;    37,0000
03.02.1998 07:00:00   ;    37,0000
04.02.1998 07:00:00   ;    37,0000
05.02.1998 07:00:00   ;    36,0000
06.02.1998 07:00:00   ;    36,0000
07.02.1998 07:00:00   ;    36,0000
08.02.1998 07:00:00   ;    36,0000
09.02.1998 07:00:00   ;    35,0000
10.02.1998 07:00:00   ;    35,0000
11.02.1998 07:00:00   ;    34,0000
12.02.1998 07:00:00   ;    34,0000
13.02.1998 07:00:00   ;    32,0000
14.02.1998 07:00:00   ;    31,0000
15.02.1998 07:00:00   ;    30,0000
16.02.1998 07:00:00   ;    28,0000
17.02.1998 07:00:00   ;    27,0000
18.02.1998 07:00:00   ;    27,0000
19.02.1998 07:00:00   ;    26,0000
20.02.1998 07:00:00   ;    25,0000
21.02.1998 07:00:00   ;    24,0000
22.02.1998 07:00:00   ;    23,0000
23.02.1998 07:00:00   ;    22,0000
24.02.1998 07:00:00   ;    21,0000
25.02.1998 07:00:00   ;    21,0000
26.02.1998 07:00:00   ;    20,0000
27.02.1998 07:00:00   ;    19,0000
28.02.1998 07:00:00   ;    18,0000
01.03.1998 07:00:00   ;    17,0000
02.03.1998 07:00:00   ;    19,0000
03.03.1998 07:00:00   ;    16,0000
04.03.1998 07:00:00   ;    14,0000
05.03.1998 07:00:00   ;    10,0000
06.03.1998 07:00:00   ;    17,0000
07.03.1998 07:00:00   ;    13,0000
08.03.1998 07:00:00   ;     5,0000
09.03.1998 07:00:00   ;     0,0000
10.03.1998 07:00:00   ;     0,0000
11.03.1998 07:00:00   ;     0,0000
12.03.1998 07:00:00   ;     0,0000
13.03.1998 07:00:00   ;     0,0000
14.03.1998 07:00:00   ;     0,0000
15.03.1998 07:00:00   ;     0,0000
16.03.1998 07:00:00   ;     0,0000
17.03.1998 07:00:00   ;     0,0000
18.03.1998 07:00:00   ;     0,0000
19.03.1998 07:00:00   ;     0,0000
20.03.1998 07:00:00   ;     0,0000
21.03.1998 07:00:00   ;    17,0000
22.03.1998 07:00:00   ;    15,0000
23.03.1998 07:00:00   ;    13,0000
24.03.1998 07:00:00   ;    12,0000
25.03.1998 07:00:00   ;    12,0000
26.03.1998 07:00:00   ;    10,0000
27.03.1998 07:00:00   ;     8,0000
28.03.1998 07:00:00   ;     5,0000
29.03.1998 07:00:00   ;     0,0000
30.03.1998 07:00:00   ;     0,0000
31.03.1998 07:00:00   ;     0,0000
01.04.1998 07:00:00   ;     0,0000
02.04.1998 07:00:00   ;     0,0000
03.04.1998 07:00:00   ;     0,0000
04.04.1998 07:00:00   ;     0,0000
05.04.1998 07:00:00   ;     0,0000
06.04.1998 07:00:00   ;     0,0000
07.04.1998 07:00:00   ;     0,0000
08.04.1998 07:00:00   ;     0,0000
09.04.1998 07:00:00   ;     0,0000
10.04.1998 07:00:00   ;     0,0000
11.04.1998 07:00:00   ;     0,0000
12.04.1998 07:00:00   ;     0,0000
13.04.1998 07:00:00   ;     0,0000
14.04.1998 07:00:00   ;     3,0000
15.04.1998 07:00:00   ;     0,0000
16.04.1998 07:00:00   ;     0,0000
17.04.1998 07:00:00   ;    12,0000
18.04.1998 07:00:00   ;    10,0000
19.04.1998 07:00:00   ;     6,0000
20.04.1998 07:00:00   ;     0,0000
21.04.1998 07:00:00   ;     0,0000
22.04.1998 07:00:00   ;     0,0000
23.04.1998 07:00:00   ;     0,0000
24.04.1998 07:00:00   ;     0,0000
25.04.1998 07:00:00   ;     0,0000
26.04.1998 07:00:00   ;     0,0000
27.04.1998 07:00:00   ;     0,0000
28.04.1998 07:00:00   ;     0,0000
29.04.1998 07:00:00   ;     0,0000
30.04.1998 07:00:00   ;     0,0000
01.05.1998 07:00:00   ;     0,0000
02.05.1998 07:00:00   ;     0,0000
03.05.1998 07:00:00   ;     0,0000
04.05.1998 07:00:00   ;     0,0000
05.05.1998 07:00:00   ;     0,0000
06.05.1998 07:00:00   ;     0,0000
07.05.1998 07:00:00   ;     0,0000
08.05.1998 07:00:00   ;     0,0000
09.05.1998 07:00:00   ;     0,0000
10.05.1998 07:00:00   ;     0,0000
11.05.1998 07:00:00   ;     0,0000
12.05.1998 07:00:00   ;     0,0000
13.05.1998 07:00:00   ;     0,0000
14.05.1998 07:00:00   ;     0,0000
15.05.1998 07:00:00   ;     0,0000
16.05.1998 07:00:00   ;     0,0000
17.05.1998 07:00:00   ;     0,0000
18.05.1998 07:00:00   ;     1,0000
19.05.1998 07:00:00   ;     0,0000
20.05.1998 07:00:00   ;     0,0000
21.05.1998 07:00:00   ;     0,0000
22.05.1998 07:00:00   ;     0,0000
23.05.1998 07:00:00   ;     0,0000
24.05.1998 07:00:00   ;     0,0000
25.05.1998 07:00:00   ;     0,0000
26.05.1998 07:00:00   ;     0,0000
27.05.1998 07:00:00   ;     0,0000
28.05.1998 07:00:00   ;     0,0000
29.05.1998 07:00:00   ;     0,0000
30.05.1998 07:00:00   ;     0,0000
31.05.1998 07:00:00   ;     0,0000
01.06.1998 07:00:00   ;     0,0000
02.06.1998 07:00:00   ;     0,0000
03.06.1998 07:00:00   ;     0,0000
04.06.1998 07:00:00   ;     0,0000
05.06.1998 07:00:00   ;     0,0000
06.06.1998 07:00:00   ;     0,0000
07.06.1998 07:00:00   ;     0,0000
08.06.1998 07:00:00   ;     0,0000
09.06.1998 07:00:00   ;     0,0000
10.06.1998 07:00:00   ;     0,0000
11.06.1998 07:00:00   ;     0,0000
12.06.1998 07:00:00   ;     0,0000
13.06.1998 07:00:00   ;     0,0000
14.06.1998 07:00:00   ;     0,0000
15.06.1998 07:00:00   ;     0,0000
16.06.1998 07:00:00   ;     0,0000
17.06.1998 07:00:00   ;     0,0000
18.06.1998 07:00:00   ;     0,0000
19.06.1998 07:00:00   ;     0,0000
20.06.1998 07:00:00   ;     0,0000
21.06.1998 07:00:00   ;     0,0000
22.06.1998 07:00:00   ;     0,0000
23.06.1998 07:00:00   ;     0,0000
24.06.1998 07:00:00   ;     0,0000
25.06.1998 07:00:00   ;     0,0000
26.06.1998 07:00:00   ;     0,0000
27.06.1998 07:00:00   ;     0,0000
28.06.1998 07:00:00   ;     0,0000
29.06.1998 07:00:00   ;     0,0000
30.06.1998 07:00:00   ;     0,0000
01.07.1998 07:00:00   ;     0,0000
02.07.1998 07:00:00   ;     0,0000
03.07.1998 07:00:00   ;     0,0000
04.07.1998 07:00:00   ;     0,0000
05.07.1998 07:00:00   ;     0,0000
06.07.1998 07:00:00   ;     0,0000
07.07.1998 07:00:00   ;     0,0000
08.07.1998 07:00:00   ;     0,0000
09.07.1998 07:00:00   ;     0,0000
10.07.1998 07:00:00   ;     0,0000
11.07.1998 07:00:00   ;     0,0000
12.07.1998 07:00:00   ;     0,0000
13.07.1998 07:00:00   ;     0,0000
14.07.1998 07:00:00   ;     0,0000
15.07.1998 07:00:00   ;     0,0000
16.07.1998 07:00:00   ;     0,0000
17.07.1998 07:00:00   ;     0,0000
18.07.1998 07:00:00   ;     0,0000
19.07.1998 07:00:00   ;     0,0000
20.07.1998 07:00:00   ;     0,0000
21.07.1998 07:00:00   ;     0,0000
22.07.1998 07:00:00   ;     0,0000
23.07.1998 07:00:00   ;     0,0000
24.07.1998 07:00:00   ;     0,0000
25.07.1998 07:00:00   ;     0,0000
26.07.1998 07:00:00   ;     0,0000
27.07.1998 07:00:00   ;     0,0000
28.07.1998 07:00:00   ;     0,0000
29.07.1998 07:00:00   ;     0,0000
30.07.1998 07:00:00   ;     0,0000
31.07.1998 07:00:00   ;     0,0000
01.08.1998 07:00:00   ;     0,0000
02.08.1998 07:00:00   ;     0,0000
03.08.1998 07:00:00   ;     0,0000
04.08.1998 07:00:00   ;     0,0000
05.08.1998 07:00:00   ;     0,0000
06.08.1998 07:00:00   ;     0,0000
07.08.1998 07:00:00   ;     0,0000
08.08.1998 07:00:00   ;     0,0000
09.08.1998 07:00:00   ;     0,0000
10.08.1998 07:00:00   ;     0,0000
11.08.1998 07:00:00   ;     0,0000
12.08.1998 07:00:00   ;     0,0000
13.08.1998 07:00:00   ;     0,0000
14.08.1998 07:00:00   ;     0,0000
15.08.1998 07:00:00   ;     0,0000
16.08.1998 07:00:00   ;     0,0000
17.08.1998 07:00:00   ;     0,0000
18.08.1998 07:00:00   ;     0,0000
19.08.1998 07:00:00   ;     0,0000
20.08.1998 07:00:00   ;     0,0000
21.08.1998 07:00:00   ;     0,0000
22.08.1998 07:00:00   ;     0,0000
23.08.1998 07:00:00   ;     0,0000
24.08.1998 07:00:00   ;     0,0000
25.08.1998 07:00:00   ;     0,0000
26.08.1998 07:00:00   ;     0,0000
27.08.1998 07:00:00   ;     0,0000
28.08.1998 07:00:00   ;     0,0000
29.08.1998 07:00:00   ;     0,0000
30.08.1998 07:00:00   ;     0,0000
31.08.1998 07:00:00   ;     0,0000
01.09.1998 07:00:00   ;     0,0000
02.09.1998 07:00:00   ;     0,0000
03.09.1998 07:00:00   ;     0,0000
04.09.1998 07:00:00   ;     0,0000
05.09.1998 07:00:00   ;     0,0000
06.09.1998 07:00:00   ;     0,0000
07.09.1998 07:00:00   ;     0,0000
08.09.1998 07:00:00   ;     0,0000
09.09.1998 07:00:00   ;     0,0000
10.09.1998 07:00:00   ;     0,0000
11.09.1998 07:00:00   ;     0,0000
12.09.1998 07:00:00   ;     0,0000
13.09.1998 07:00:00   ;     0,0000
14.09.1998 07:00:00   ;     2,0000
15.09.1998 07:00:00   ;     0,0000
16.09.1998 07:00:00   ;     0,0000
17.09.1998 07:00:00   ;     0,0000
18.09.1998 07:00:00   ;     0,0000
19.09.1998 07:00:00   ;     0,0000
20.09.1998 07:00:00   ;     0,0000
21.09.1998 07:00:00   ;     0,0000
22.09.1998 07:00:00   ;     0,0000
23.09.1998 07:00:00   ;     0,0000
24.09.1998 07:00:00   ;     0,0000
25.09.1998 07:00:00   ;     0,0000
26.09.1998 07:00:00   ;     0,0000
27.09.1998 07:00:00   ;     0,0000
28.09.1998 07:00:00   ;     0,0000
29.09.1998 07:00:00   ;     0,0000
30.09.1998 07:00:00   ;     0,0000
01.10.1998 07:00:00   ;     0,0000
02.10.1998 07:00:00   ;     0,0000
03.10.1998 07:00:00   ;     0,0000
04.10.1998 07:00:00   ;     0,0000
05.10.1998 07:00:00   ;     0,0000
06.10.1998 07:00:00   ;     0,0000
07.10.1998 07:00:00   ;     0,0000
08.10.1998 07:00:00   ;     0,0000
09.10.1998 07:00:00   ;     0,0000
10.10.1998 07:00:00   ;     0,0000
11.10.1998 07:00:00   ;     0,0000
12.10.1998 07:00:00   ;     0,0000
13.10.1998 07:00:00   ;     0,0000
14.10.1998 07:00:00   ;     0,0000
15.10.1998 07:00:00   ;     0,0000
16.10.1998 07:00:00   ;     0,0000
17.10.1998 07:00:00   ;     0,0000
18.10.1998 07:00:00   ;     0,0000
19.10.1998 07:00:00   ;     0,0000
20.10.1998 07:00:00   ;     3,0000
21.10.1998 07:00:00   ;     0,0000
22.10.1998 07:00:00   ;     0,0000
23.10.1998 07:00:00   ;     0,0000
24.10.1998 07:00:00   ;     0,0000
25.10.1998 07:00:00   ;     0,0000
26.10.1998 07:00:00   ;     0,0000
27.10.1998 07:00:00   ;     0,0000
28.10.1998 07:00:00   ;     0,0000
29.10.1998 07:00:00   ;     0,0000
30.10.1998 07:00:00   ;     0,0000
31.10.1998 07:00:00   ;     0,0000
01.11.1998 07:00:00   ;     0,0000
02.11.1998 07:00:00   ;     0,0000
03.11.1998 07:00:00   ;     0,0000
04.11.1998 07:00:00   ;     0,0000
05.11.1998 07:00:00   ;    10,0000
06.11.1998 07:00:00   ;     8,0000
07.11.1998 07:00:00   ;     7,0000
08.11.1998 07:00:00   ;     7,0000
09.11.1998 07:00:00   ;     7,0000
10.11.1998 07:00:00   ;     5,0000
11.11.1998 07:00:00   ;     4,0000
12.11.1998 07:00:00   ;     3,0000
13.11.1998 07:00:00   ;     3,0000
14.11.1998 07:00:00   ;     2,0000
15.11.1998 07:00:00   ;    14,0000
16.11.1998 07:00:00   ;    11,0000
17.11.1998 07:00:00   ;    10,0000
18.11.1998 07:00:00   ;     9,0000
19.11.1998 07:00:00   ;     9,0000
20.11.1998 07:00:00   ;     9,0000
21.11.1998 07:00:00   ;     9,0000
22.11.1998 07:00:00   ;    16,0000
23.11.1998 07:00:00   ;    22,0000
24.11.1998 07:00:00   ;    20,0000
25.11.1998 07:00:00   ;    20,0000
26.11.1998 07:00:00   ;    19,0000
27.11.1998 07:00:00   ;    18,0000
28.11.1998 07:00:00   ;    17,0000
29.11.1998 07:00:00   ;    17,0000
30.11.1998 07:00:00   ;    18,0000
01.12.1998 07:00:00   ;    18,0000
02.12.1998 07:00:00   ;    24,0000
03.12.1998 07:00:00   ;    24,0000
04.12.1998 07:00:00   ;    23,0000
05.12.1998 07:00:00   ;    31,0000
06.12.1998 07:00:00   ;    30,0000
07.12.1998 07:00:00   ;    29,0000
08.12.1998 07:00:00   ;    28,0000
09.12.1998 07:00:00   ;    28,0000
10.12.1998 07:00:00   ;    28,0000
11.12.1998 07:00:00   ;    28,0000
12.12.1998 07:00:00   ;    28,0000
13.12.1998 07:00:00   ;    27,0000
14.12.1998 07:00:00   ;    26,0000
15.12.1998 07:00:00   ;    25,0000
16.12.1998 07:00:00   ;    25,0000
17.12.1998 07:00:00   ;    25,0000
18.12.1998 07:00:00   ;    25,0000
19.12.1998 07:00:00   ;    25,0000
20.12.1998 07:00:00   ;    25,0000
21.12.1998 07:00:00   ;    41,0000
22.12.1998 07:00:00   ;    42,0000
23.12.1998 07:00:00   ;    40,0000
24.12.1998 07:00:00   ;    40,0000
25.12.1998 07:00:00   ;    40,0000
26.12.1998 07:00:00   ;    40,0000
27.12.1998 07:00:00   ;    39,0000
28.12.1998 07:00:00   ;    38,0000
29.12.1998 07:00:00   ;    38,0000
30.12.1998 07:00:00   ;    38,0000
31.12.1998 07:00:00   ;    37,0000
01.01.1999 07:00:00   ;    36,0000
02.01.1999 07:00:00   ;    34,0000
03.01.1999 07:00:00   ;    32,0000
04.01.1999 07:00:00   ;    30,0000
05.01.1999 07:00:00   ;    28,0000
06.01.1999 07:00:00   ;    27,0000
07.01.1999 07:00:00   ;    27,0000
08.01.1999 07:00:00   ;    27,0000
09.01.1999 07:00:00   ;    34,0000
10.01.1999 07:00:00   ;    34,0000
11.01.1999 07:00:00   ;    46,0000
12.01.1999 07:00:00   ;    62,0000
13.01.1999 07:00:00   ;    63,0000
14.01.1999 07:00:00   ;    60,0000
15.01.1999 07:00:00   ;    59,0000
16.01.1999 07:00:00   ;    58,0000
17.01.1999 07:00:00   ;    58,0000
18.01.1999 07:00:00   ;    57,0000
19.01.1999 07:00:00   ;    57,0000
20.01.1999 07:00:00   ;    57,0000
21.01.1999 07:00:00   ;    56,0000
22.01.1999 07:00:00   ;    55,0000
23.01.1999 07:00:00   ;    54,0000
24.01.1999 07:00:00   ;    53,0000
25.01.1999 07:00:00   ;    53,0000
26.01.1999 07:00:00   ;    52,0000
27.01.1999 07:00:00   ;    53,0000
28.01.1999 07:00:00   ;    57,0000
29.01.1999 07:00:00   ;    56,0000
30.01.1999 07:00:00   ;    55,0000
31.01.1999 07:00:00   ;    55,0000
01.02.1999 07:00:00   ;    54,0000
02.02.1999 07:00:00   ;    54,0000
03.02.1999 07:00:00   ;    59,0000
04.02.1999 07:00:00   ;    55,0000
05.02.1999 07:00:00   ;    54,0000
06.02.1999 07:00:00   ;    53,0000
07.02.1999 07:00:00   ;    53,0000
08.02.1999 07:00:00   ;    52,0000
09.02.1999 07:00:00   ;    51,0000
10.02.1999 07:00:00   ;   132,0000
11.02.1999 07:00:00   ;   131,0000
12.02.1999 07:00:00   ;   121,0000
13.02.1999 07:00:00   ;   116,0000
14.02.1999 07:00:00   ;   119,0000
15.02.1999 07:00:00   ;   115,0000
16.02.1999 07:00:00   ;   112,0000
17.02.1999 07:00:00   ;   108,0000
18.02.1999 07:00:00   ;   106,0000
19.02.1999 07:00:00   ;   104,0000
20.02.1999 07:00:00   ;   103,0000
21.02.1999 07:00:00   ;    93,0000
22.02.1999 07:00:00   ;    83,0000
23.02.1999 07:00:00   ;    86,0000
24.02.1999 07:00:00   ;    85,0000
25.02.1999 07:00:00   ;    84,0000
26.02.1999 07:00:00   ;    82,0000
27.02.1999 07:00:00   ;    81,0000
28.02.1999 07:00:00   ;    79,0000
01.03.1999 07:00:00   ;    77,0000
02.03.1999 07:00:00   ;    75,0000
03.03.1999 07:00:00   ;    69,0000
04.03.1999 07:00:00   ;    58,0000
05.03.1999 07:00:00   ;    53,0000
06.03.1999 07:00:00   ;    51,0000
07.03.1999 07:00:00   ;    75,0000
08.03.1999 07:00:00   ;    73,0000
09.03.1999 07:00:00   ;    69,0000
10.03.1999 07:00:00   ;    65,0000
11.03.1999 07:00:00   ;    59,0000
12.03.1999 07:00:00   ;    53,0000
13.03.1999 07:00:00   ;    52,0000
14.03.1999 07:00:00   ;    51,0000
15.03.1999 07:00:00   ;    49,0000
16.03.1999 07:00:00   ;    47,0000
17.03.1999 07:00:00   ;    45,0000
18.03.1999 07:00:00   ;    44,0000
19.03.1999 07:00:00   ;    44,0000
20.03.1999 07:00:00   ;    44,0000
21.03.1999 07:00:00   ;    43,0000
22.03.1999 07:00:00   ;    43,0000
23.03.1999 07:00:00   ;    49,0000
24.03.1999 07:00:00   ;    42,0000
25.03.1999 07:00:00   ;    40,0000
26.03.1999 07:00:00   ;    40,0000
27.03.1999 07:00:00   ;    31,0000
28.03.1999 07:00:00   ;    24,0000
29.03.1999 07:00:00   ;    19,0000
30.03.1999 07:00:00   ;    14,0000
31.03.1999 07:00:00   ;    11,0000
01.04.1999 07:00:00   ;     8,0000
02.04.1999 07:00:00   ;     5,0000
03.04.1999 07:00:00   ;     2,0000
04.04.1999 07:00:00   ;     0,0000
05.04.1999 07:00:00   ;     0,0000
06.04.1999 07:00:00   ;     0,0000
07.04.1999 07:00:00   ;     0,0000
08.04.1999 07:00:00   ;     0,0000
09.04.1999 07:00:00   ;     0,0000
10.04.1999 07:00:00   ;     0,0000
11.04.1999 07:00:00   ;     0,0000
12.04.1999 07:00:00   ;     0,0000
13.04.1999 07:00:00   ;     0,0000
14.04.1999 07:00:00   ;     0,0000
15.04.1999 07:00:00   ;     0,0000
16.04.1999 07:00:00   ;     0,0000
17.04.1999 07:00:00   ;     0,0000
18.04.1999 07:00:00   ;    13,0000
19.04.1999 07:00:00   ;     8,0000
20.04.1999 07:00:00   ;     5,0000
21.04.1999 07:00:00   ;     0,0000
22.04.1999 07:00:00   ;     0,0000
23.04.1999 07:00:00   ;     0,0000
24.04.1999 07:00:00   ;     0,0000
25.04.1999 07:00:00   ;     0,0000
26.04.1999 07:00:00   ;     0,0000
27.04.1999 07:00:00   ;     0,0000
28.04.1999 07:00:00   ;     0,0000
29.04.1999 07:00:00   ;     0,0000
30.04.1999 07:00:00   ;     0,0000
01.05.1999 07:00:00   ;     0,0000
02.05.1999 07:00:00   ;     0,0000
03.05.1999 07:00:00   ;     0,0000
04.05.1999 07:00:00   ;     0,0000
05.05.1999 07:00:00   ;     0,0000
06.05.1999 07:00:00   ;     0,0000
07.05.1999 07:00:00   ;     0,0000
08.05.1999 07:00:00   ;     0,0000
09.05.1999 07:00:00   ;     0,0000
10.05.1999 07:00:00   ;     0,0000
11.05.1999 07:00:00   ;     0,0000
12.05.1999 07:00:00   ;     0,0000
13.05.1999 07:00:00   ;     0,0000
14.05.1999 07:00:00   ;     0,0000
15.05.1999 07:00:00   ;     0,0000
16.05.1999 07:00:00   ;     0,0000
17.05.1999 07:00:00   ;     0,0000
18.05.1999 07:00:00   ;     0,0000
19.05.1999 07:00:00   ;     0,0000
20.05.1999 07:00:00   ;     0,0000
21.05.1999 07:00:00   ;     0,0000
22.05.1999 07:00:00   ;     0,0000
23.05.1999 07:00:00   ;     0,0000
24.05.1999 07:00:00   ;     0,0000
25.05.1999 07:00:00   ;     0,0000
26.05.1999 07:00:00   ;     0,0000
27.05.1999 07:00:00   ;     0,0000
28.05.1999 07:00:00   ;     0,0000
29.05.1999 07:00:00   ;     0,0000
30.05.1999 07:00:00   ;     0,0000
31.05.1999 07:00:00   ;     0,0000
01.06.1999 07:00:00   ;     0,0000
02.06.1999 07:00:00   ;     0,0000
03.06.1999 07:00:00   ;     0,0000
04.06.1999 07:00:00   ;     0,0000
05.06.1999 07:00:00   ;     0,0000
06.06.1999 07:00:00   ;     0,0000
07.06.1999 07:00:00   ;     0,0000
08.06.1999 07:00:00   ;     0,0000
09.06.1999 07:00:00   ;     0,0000
10.06.1999 07:00:00   ;     0,0000
11.06.1999 07:00:00   ;     0,0000
12.06.1999 07:00:00   ;     0,0000
13.06.1999 07:00:00   ;     0,0000
14.06.1999 07:00:00   ;     0,0000
15.06.1999 07:00:00   ;     0,0000
16.06.1999 07:00:00   ;     0,0000
17.06.1999 07:00:00   ;     0,0000
18.06.1999 07:00:00   ;     0,0000
19.06.1999 07:00:00   ;     0,0000
20.06.1999 07:00:00   ;     0,0000
21.06.1999 07:00:00   ;     0,0000
22.06.1999 07:00:00   ;     0,0000
23.06.1999 07:00:00   ;     0,0000
24.06.1999 07:00:00   ;     0,0000
25.06.1999 07:00:00   ;     0,0000
26.06.1999 07:00:00   ;     0,0000
27.06.1999 07:00:00   ;     0,0000
28.06.1999 07:00:00   ;     0,0000
29.06.1999 07:00:00   ;     0,0000
30.06.1999 07:00:00   ;     0,0000
01.07.1999 07:00:00   ;     0,0000
02.07.1999 07:00:00   ;     0,0000
03.07.1999 07:00:00   ;     0,0000
04.07.1999 07:00:00   ;     0,0000
05.07.1999 07:00:00   ;     0,0000
06.07.1999 07:00:00   ;     0,0000
07.07.1999 07:00:00   ;     0,0000
08.07.1999 07:00:00   ;     0,0000
09.07.1999 07:00:00   ;     0,0000
10.07.1999 07:00:00   ;     0,0000
11.07.1999 07:00:00   ;     0,0000
12.07.1999 07:00:00   ;     0,0000
13.07.1999 07:00:00   ;     0,0000
14.07.1999 07:00:00   ;     0,0000
15.07.1999 07:00:00   ;     0,0000
16.07.1999 07:00:00   ;     0,0000
17.07.1999 07:00:00   ;     0,0000
18.07.1999 07:00:00   ;     0,0000
19.07.1999 07:00:00   ;     0,0000
20.07.1999 07:00:00   ;     0,0000
21.07.1999 07:00:00   ;     0,0000
22.07.1999 07:00:00   ;     0,0000
23.07.1999 07:00:00   ;     0,0000
24.07.1999 07:00:00   ;     0,0000
25.07.1999 07:00:00   ;     0,0000
26.07.1999 07:00:00   ;     0,0000
27.07.1999 07:00:00   ;     0,0000
28.07.1999 07:00:00   ;     0,0000
29.07.1999 07:00:00   ;     0,0000
30.07.1999 07:00:00   ;     0,0000
31.07.1999 07:00:00   ;     0,0000
01.08.1999 07:00:00   ;     0,0000
02.08.1999 07:00:00   ;     0,0000
03.08.1999 07:00:00   ;     0,0000
04.08.1999 07:00:00   ;     0,0000
05.08.1999 07:00:00   ;     0,0000
06.08.1999 07:00:00   ;     0,0000
07.08.1999 07:00:00   ;     0,0000
08.08.1999 07:00:00   ;     0,0000
09.08.1999 07:00:00   ;     0,0000
10.08.1999 07:00:00   ;     0,0000
11.08.1999 07:00:00   ;     0,0000
12.08.1999 07:00:00   ;     0,0000
13.08.1999 07:00:00   ;     0,0000
14.08.1999 07:00:00   ;     0,0000
15.08.1999 07:00:00   ;     0,0000
16.08.1999 07:00:00   ;     0,0000
17.08.1999 07:00:00   ;     0,0000
18.08.1999 07:00:00   ;     0,0000
19.08.1999 07:00:00   ;     0,0000
20.08.1999 07:00:00   ;     0,0000
21.08.1999 07:00:00   ;     0,0000
22.08.1999 07:00:00   ;     0,0000
23.08.1999 07:00:00   ;     0,0000
24.08.1999 07:00:00   ;     0,0000
25.08.1999 07:00:00   ;     0,0000
26.08.1999 07:00:00   ;     0,0000
27.08.1999 07:00:00   ;     0,0000
28.08.1999 07:00:00   ;     0,0000
29.08.1999 07:00:00   ;     0,0000
30.08.1999 07:00:00   ;     0,0000
31.08.1999 07:00:00   ;     0,0000
01.09.1999 07:00:00   ;     0,0000
02.09.1999 07:00:00   ;     0,0000
03.09.1999 07:00:00   ;     0,0000
04.09.1999 07:00:00   ;     0,0000
05.09.1999 07:00:00   ;     0,0000
06.09.1999 07:00:00   ;     0,0000
07.09.1999 07:00:00   ;     0,0000
08.09.1999 07:00:00   ;     0,0000
09.09.1999 07:00:00   ;     0,0000
10.09.1999 07:00:00   ;     0,0000
11.09.1999 07:00:00   ;     0,0000
12.09.1999 07:00:00   ;     0,0000
13.09.1999 07:00:00   ;     0,0000
14.09.1999 07:00:00   ;     0,0000
15.09.1999 07:00:00   ;     0,0000
16.09.1999 07:00:00   ;     0,0000
17.09.1999 07:00:00   ;     0,0000
18.09.1999 07:00:00   ;     0,0000
19.09.1999 07:00:00   ;     0,0000
20.09.1999 07:00:00   ;     0,0000
21.09.1999 07:00:00   ;     0,0000
22.09.1999 07:00:00   ;     0,0000
23.09.1999 07:00:00   ;     0,0000
24.09.1999 07:00:00   ;     0,0000
25.09.1999 07:00:00   ;     0,0000
26.09.1999 07:00:00   ;     0,0000
27.09.1999 07:00:00   ;     0,0000
28.09.1999 07:00:00   ;     0,0000
29.09.1999 07:00:00   ;     0,0000
30.09.1999 07:00:00   ;     0,0000
01.10.1999 07:00:00   ;     0,0000
02.10.1999 07:00:00   ;     0,0000
03.10.1999 07:00:00   ;     0,0000
04.10.1999 07:00:00   ;     0,0000
05.10.1999 07:00:00   ;     0,0000
06.10.1999 07:00:00   ;     0,0000
07.10.1999 07:00:00   ;     0,0000
08.10.1999 07:00:00   ;     0,0000
09.10.1999 07:00:00   ;     0,0000
10.10.1999 07:00:00   ;     0,0000
11.10.1999 07:00:00   ;     0,0000
12.10.1999 07:00:00   ;     0,0000
13.10.1999 07:00:00   ;     0,0000
14.10.1999 07:00:00   ;     0,0000
15.10.1999 07:00:00   ;     0,0000
16.10.1999 07:00:00   ;     0,0000
17.10.1999 07:00:00   ;     0,0000
18.10.1999 07:00:00   ;     0,0000
19.10.1999 07:00:00   ;     0,0000
20.10.1999 07:00:00   ;     1,0000
21.10.1999 07:00:00   ;     0,0000
22.10.1999 07:00:00   ;     0,0000
23.10.1999 07:00:00   ;     0,0000
24.10.1999 07:00:00   ;     0,0000
25.10.1999 07:00:00   ;     0,0000
26.10.1999 07:00:00   ;     0,0000
27.10.1999 07:00:00   ;     0,0000
28.10.1999 07:00:00   ;     0,0000
29.10.1999 07:00:00   ;     0,0000
30.10.1999 07:00:00   ;     0,0000
31.10.1999 07:00:00   ;     0,0000
01.11.1999 07:00:00   ;     0,0000
02.11.1999 07:00:00   ;     0,0000
03.11.1999 07:00:00   ;     0,0000
04.11.1999 07:00:00   ;     0,0000
05.11.1999 07:00:00   ;     0,0000
06.11.1999 07:00:00   ;     0,0000
07.11.1999 07:00:00   ;     0,0000
08.11.1999 07:00:00   ;     0,0000
09.11.1999 07:00:00   ;     0,0000
10.11.1999 07:00:00   ;    15,0000
11.11.1999 07:00:00   ;    11,0000
12.11.1999 07:00:00   ;    10,0000
13.11.1999 07:00:00   ;    10,0000
14.11.1999 07:00:00   ;     9,0000
15.11.1999 07:00:00   ;     8,0000
16.11.1999 07:00:00   ;    14,0000
17.11.1999 07:00:00   ;    15,0000
18.11.1999 07:00:00   ;    21,0000
19.11.1999 07:00:00   ;    30,0000
20.11.1999 07:00:00   ;    51,0000
21.11.1999 07:00:00   ;    48,0000
22.11.1999 07:00:00   ;    61,0000
23.11.1999 07:00:00   ;    56,0000
24.11.1999 07:00:00   ;    54,0000
25.11.1999 07:00:00   ;    47,0000
26.11.1999 07:00:00   ;    46,0000
27.11.1999 07:00:00   ;    46,0000
28.11.1999 07:00:00   ;    44,0000
29.11.1999 07:00:00   ;    43,0000
30.11.1999 07:00:00   ;    43,0000
01.12.1999 07:00:00   ;    42,0000
02.12.1999 07:00:00   ;    40,0000
03.12.1999 07:00:00   ;    38,0000
04.12.1999 07:00:00   ;    33,0000
05.12.1999 07:00:00   ;    34,0000
06.12.1999 07:00:00   ;    37,0000
07.12.1999 07:00:00   ;    35,0000
08.12.1999 07:00:00   ;    34,0000
09.12.1999 07:00:00   ;    30,0000
10.12.1999 07:00:00   ;    23,0000
11.12.1999 07:00:00   ;    29,0000
12.12.1999 07:00:00   ;    27,0000
13.12.1999 07:00:00   ;    27,0000
14.12.1999 07:00:00   ;    26,0000
15.12.1999 07:00:00   ;    30,0000
16.12.1999 07:00:00   ;    44,0000
17.12.1999 07:00:00   ;    41,0000
18.12.1999 07:00:00   ;    40,0000
19.12.1999 07:00:00   ;    38,0000
20.12.1999 07:00:00   ;    50,0000
21.12.1999 07:00:00   ;    48,0000
22.12.1999 07:00:00   ;    46,0000
23.12.1999 07:00:00   ;    46,0000
24.12.1999 07:00:00   ;    45,0000
25.12.1999 07:00:00   ;    44,0000
26.12.1999 07:00:00   ;    42,0000
27.12.1999 07:00:00   ;    46,0000
28.12.1999 07:00:00   ;    61,0000
29.12.1999 07:00:00   ;    71,0000
30.12.1999 07:00:00   ;    70,0000
31.12.1999 07:00:00   ;    69,0000
01.01.2000 07:00:00   ;    68,0000
02.01.2000 07:00:00   ;    66,0000
03.01.2000 07:00:00   ;    65,0000
04.01.2000 07:00:00   ;    65,0000
05.01.2000 07:00:00   ;    64,0000
06.01.2000 07:00:00   ;    64,0000
07.01.2000 07:00:00   ;    63,0000
08.01.2000 07:00:00   ;    63,0000
09.01.2000 07:00:00   ;    63,0000
10.01.2000 07:00:00   ;    62,0000
11.01.2000 07:00:00   ;    62,0000
12.01.2000 07:00:00   ;    62,0000
13.01.2000 07:00:00   ;    62,0000
14.01.2000 07:00:00   ;    62,0000
15.01.2000 07:00:00   ;    62,0000
16.01.2000 07:00:00   ;    62,0000
17.01.2000 07:00:00   ;    62,0000
18.01.2000 07:00:00   ;    59,0000
19.01.2000 07:00:00   ;    58,0000
20.01.2000 07:00:00   ;    57,0000
21.01.2000 07:00:00   ;    56,0000
22.01.2000 07:00:00   ;    56,0000
23.01.2000 07:00:00   ;    56,0000
24.01.2000 07:00:00   ;    55,0000
25.01.2000 07:00:00   ;    55,0000
26.01.2000 07:00:00   ;    55,0000
27.01.2000 07:00:00   ;    55,0000
28.01.2000 07:00:00   ;    54,0000
29.01.2000 07:00:00   ;    54,0000
30.01.2000 07:00:00   ;    54,0000
31.01.2000 07:00:00   ;    54,0000
01.02.2000 07:00:00   ;    53,0000
02.02.2000 07:00:00   ;    53,0000
03.02.2000 07:00:00   ;    53,0000
04.02.2000 07:00:00   ;    53,0000
05.02.2000 07:00:00   ;    52,0000
06.02.2000 07:00:00   ;    52,0000
07.02.2000 07:00:00   ;    52,0000
08.02.2000 07:00:00   ;    52,0000
09.02.2000 07:00:00   ;    52,0000
10.02.2000 07:00:00   ;    52,0000
11.02.2000 07:00:00   ;    52,0000
12.02.2000 07:00:00   ;    52,0000
13.02.2000 07:00:00   ;    52,0000
14.02.2000 07:00:00   ;    52,0000
15.02.2000 07:00:00   ;    52,0000
16.02.2000 07:00:00   ;    51,0000
17.02.2000 07:00:00   ;    73,0000
18.02.2000 07:00:00   ;    69,0000
19.02.2000 07:00:00   ;    67,0000
20.02.2000 07:00:00   ;    66,0000
21.02.2000 07:00:00   ;    66,0000
22.02.2000 07:00:00   ;    65,0000
23.02.2000 07:00:00   ;    65,0000
24.02.2000 07:00:00   ;    65,0000
25.02.2000 07:00:00   ;    64,0000
26.02.2000 07:00:00   ;    62,0000
27.02.2000 07:00:00   ;    60,0000
28.02.2000 07:00:00   ;    59,0000
29.02.2000 07:00:00   ;    58,0000
01.03.2000 07:00:00   ;    55,0000
02.03.2000 07:00:00   ;    67,0000
03.03.2000 07:00:00   ;    64,0000
04.03.2000 07:00:00   ;    62,0000
05.03.2000 07:00:00   ;    60,0000
06.03.2000 07:00:00   ;    60,0000
07.03.2000 07:00:00   ;    59,0000
08.03.2000 07:00:00   ;    58,0000
09.03.2000 07:00:00   ;    55,0000
10.03.2000 07:00:00   ;    52,0000
11.03.2000 07:00:00   ;    49,0000
12.03.2000 07:00:00   ;    46,0000
13.03.2000 07:00:00   ;    44,0000
14.03.2000 07:00:00   ;    41,0000
15.03.2000 07:00:00   ;    38,0000
16.03.2000 07:00:00   ;    37,0000
17.03.2000 07:00:00   ;    37,0000
18.03.2000 07:00:00   ;    36,0000
19.03.2000 07:00:00   ;    36,0000
20.03.2000 07:00:00   ;    36,0000
21.03.2000 07:00:00   ;    35,0000
22.03.2000 07:00:00   ;    33,0000
23.03.2000 07:00:00   ;    30,0000
24.03.2000 07:00:00   ;    25,0000
25.03.2000 07:00:00   ;    20,0000
26.03.2000 07:00:00   ;    17,0000
27.03.2000 07:00:00   ;    12,0000
28.03.2000 07:00:00   ;     8,0000
29.03.2000 07:00:00   ;     0,0000
30.03.2000 07:00:00   ;     2,0000
31.03.2000 07:00:00   ;     4,0000
01.04.2000 07:00:00   ;     0,0000
02.04.2000 07:00:00   ;     5,0000
03.04.2000 07:00:00   ;     0,0000
04.04.2000 07:00:00   ;     0,0000
05.04.2000 07:00:00   ;     0,0000
06.04.2000 07:00:00   ;     0,0000
07.04.2000 07:00:00   ;     0,0000
08.04.2000 07:00:00   ;     0,0000
09.04.2000 07:00:00   ;     0,0000
10.04.2000 07:00:00   ;     0,0000
11.04.2000 07:00:00   ;     0,0000
12.04.2000 07:00:00   ;     0,0000
13.04.2000 07:00:00   ;     0,0000
14.04.2000 07:00:00   ;     0,0000
15.04.2000 07:00:00   ;     0,0000
16.04.2000 07:00:00   ;     0,0000
17.04.2000 07:00:00   ;     0,0000
18.04.2000 07:00:00   ;     0,0000
19.04.2000 07:00:00   ;     0,0000
20.04.2000 07:00:00   ;     0,0000
21.04.2000 07:00:00   ;     0,0000
22.04.2000 07:00:00   ;     0,0000
23.04.2000 07:00:00   ;     0,0000
24.04.2000 07:00:00   ;     0,0000
25.04.2000 07:00:00   ;     0,0000
26.04.2000 07:00:00   ;     0,0000
27.04.2000 07:00:00   ;     0,0000
28.04.2000 07:00:00   ;     0,0000
29.04.2000 07:00:00   ;     0,0000
30.04.2000 07:00:00   ;     0,0000
01.05.2000 07:00:00   ;     0,0000
02.05.2000 07:00:00   ;     0,0000
03.05.2000 07:00:00   ;     0,0000
04.05.2000 07:00:00   ;     0,0000
05.05.2000 07:00:00   ;     0,0000
06.05.2000 07:00:00   ;     0,0000
07.05.2000 07:00:00   ;     0,0000
08.05.2000 07:00:00   ;     0,0000
09.05.2000 07:00:00   ;     0,0000
10.05.2000 07:00:00   ;     0,0000
11.05.2000 07:00:00   ;     0,0000
12.05.2000 07:00:00   ;     0,0000
13.05.2000 07:00:00   ;     0,0000
14.05.2000 07:00:00   ;     0,0000
15.05.2000 07:00:00   ;     0,0000
16.05.2000 07:00:00   ;     0,0000
17.05.2000 07:00:00   ;     0,0000
18.05.2000 07:00:00   ;     0,0000
19.05.2000 07:00:00   ;     0,0000
20.05.2000 07:00:00   ;     0,0000
21.05.2000 07:00:00   ;     0,0000
22.05.2000 07:00:00   ;     0,0000
23.05.2000 07:00:00   ;     0,0000
24.05.2000 07:00:00   ;     0,0000
25.05.2000 07:00:00   ;     0,0000
26.05.2000 07:00:00   ;     0,0000
27.05.2000 07:00:00   ;     0,0000
28.05.2000 07:00:00   ;     0,0000
29.05.2000 07:00:00   ;     0,0000
30.05.2000 07:00:00   ;     0,0000
31.05.2000 07:00:00   ;     0,0000
01.06.2000 07:00:00   ;     0,0000
02.06.2000 07:00:00   ;     0,0000
03.06.2000 07:00:00   ;     0,0000
04.06.2000 07:00:00   ;     0,0000
05.06.2000 07:00:00   ;     0,0000
06.06.2000 07:00:00   ;     0,0000
07.06.2000 07:00:00   ;     0,0000
08.06.2000 07:00:00   ;     0,0000
09.06.2000 07:00:00   ;     0,0000
10.06.2000 07:00:00   ;     0,0000
11.06.2000 07:00:00   ;     0,0000
12.06.2000 07:00:00   ;     0,0000
13.06.2000 07:00:00   ;     0,0000
14.06.2000 07:00:00   ;     0,0000
15.06.2000 07:00:00   ;     0,0000
16.06.2000 07:00:00   ;     0,0000
17.06.2000 07:00:00   ;     0,0000
18.06.2000 07:00:00   ;     0,0000
19.06.2000 07:00:00   ;     0,0000
20.06.2000 07:00:00   ;     0,0000
21.06.2000 07:00:00   ;     0,0000
22.06.2000 07:00:00   ;     0,0000
23.06.2000 07:00:00   ;     0,0000
24.06.2000 07:00:00   ;     0,0000
25.06.2000 07:00:00   ;     0,0000
26.06.2000 07:00:00   ;     0,0000
27.06.2000 07:00:00   ;     0,0000
28.06.2000 07:00:00   ;     0,0000
29.06.2000 07:00:00   ;     0,0000
30.06.2000 07:00:00   ;     0,0000
01.07.2000 07:00:00   ;     0,0000
02.07.2000 07:00:00   ;     0,0000
03.07.2000 07:00:00   ;     0,0000
04.07.2000 07:00:00   ;     0,0000
05.07.2000 07:00:00   ;     0,0000
06.07.2000 07:00:00   ;     0,0000
07.07.2000 07:00:00   ;     0,0000
08.07.2000 07:00:00   ;     0,0000
09.07.2000 07:00:00   ;     0,0000
10.07.2000 07:00:00   ;     0,0000
11.07.2000 07:00:00   ;     0,0000
12.07.2000 07:00:00   ;     0,0000
13.07.2000 07:00:00   ;     0,0000
14.07.2000 07:00:00   ;     0,0000
15.07.2000 07:00:00   ;     0,0000
16.07.2000 07:00:00   ;     0,0000
17.07.2000 07:00:00   ;     0,0000
18.07.2000 07:00:00   ;     0,0000
19.07.2000 07:00:00   ;     0,0000
20.07.2000 07:00:00   ;     0,0000
21.07.2000 07:00:00   ;     0,0000
22.07.2000 07:00:00   ;     0,0000
23.07.2000 07:00:00   ;     0,0000
24.07.2000 07:00:00   ;     0,0000
25.07.2000 07:00:00   ;     0,0000
26.07.2000 07:00:00   ;     0,0000
27.07.2000 07:00:00   ;     0,0000
28.07.2000 07:00:00   ;     0,0000
29.07.2000 07:00:00   ;     0,0000
30.07.2000 07:00:00   ;     0,0000
31.07.2000 07:00:00   ;     0,0000
01.08.2000 07:00:00   ;     0,0000
02.08.2000 07:00:00   ;     0,0000
03.08.2000 07:00:00   ;     0,0000
04.08.2000 07:00:00   ;     0,0000
05.08.2000 07:00:00   ;     0,0000
06.08.2000 07:00:00   ;     0,0000
07.08.2000 07:00:00   ;     0,0000
08.08.2000 07:00:00   ;     0,0000
09.08.2000 07:00:00   ;     0,0000
10.08.2000 07:00:00   ;     0,0000
11.08.2000 07:00:00   ;     0,0000
12.08.2000 07:00:00   ;     0,0000
13.08.2000 07:00:00   ;     0,0000
14.08.2000 07:00:00   ;     0,0000
15.08.2000 07:00:00   ;     0,0000
16.08.2000 07:00:00   ;     0,0000
17.08.2000 07:00:00   ;     0,0000
18.08.2000 07:00:00   ;     0,0000
19.08.2000 07:00:00   ;     0,0000
20.08.2000 07:00:00   ;     0,0000
21.08.2000 07:00:00   ;     0,0000
22.08.2000 07:00:00   ;     0,0000
23.08.2000 07:00:00   ;     0,0000
24.08.2000 07:00:00   ;     0,0000
25.08.2000 07:00:00   ;     0,0000
26.08.2000 07:00:00   ;     0,0000
27.08.2000 07:00:00   ;     0,0000
28.08.2000 07:00:00   ;     0,0000
29.08.2000 07:00:00   ;     0,0000
30.08.2000 07:00:00   ;     0,0000
31.08.2000 07:00:00   ;     0,0000
01.09.2000 07:00:00   ;     0,0000
02.09.2000 07:00:00   ;     0,0000
03.09.2000 07:00:00   ;     0,0000
04.09.2000 07:00:00   ;     0,0000
05.09.2000 07:00:00   ;     0,0000
06.09.2000 07:00:00   ;     0,0000
07.09.2000 07:00:00   ;     0,0000
08.09.2000 07:00:00   ;     0,0000
09.09.2000 07:00:00   ;     0,0000
10.09.2000 07:00:00   ;     0,0000
11.09.2000 07:00:00   ;     0,0000
12.09.2000 07:00:00   ;     0,0000
13.09.2000 07:00:00   ;     0,0000
14.09.2000 07:00:00   ;     0,0000
15.09.2000 07:00:00   ;     0,0000
16.09.2000 07:00:00   ;     0,0000
17.09.2000 07:00:00   ;     0,0000
18.09.2000 07:00:00   ;     0,0000
19.09.2000 07:00:00   ;     0,0000
20.09.2000 07:00:00   ;     0,0000
21.09.2000 07:00:00   ;     0,0000
22.09.2000 07:00:00   ;     0,0000
23.09.2000 07:00:00   ;     0,0000
24.09.2000 07:00:00   ;     0,0000
25.09.2000 07:00:00   ;     0,0000
26.09.2000 07:00:00   ;     0,0000
27.09.2000 07:00:00   ;     0,0000
28.09.2000 07:00:00   ;     0,0000
29.09.2000 07:00:00   ;     0,0000
30.09.2000 07:00:00   ;     0,0000
01.10.2000 07:00:00   ;     0,0000
02.10.2000 07:00:00   ;     0,0000
03.10.2000 07:00:00   ;     0,0000
04.10.2000 07:00:00   ;     0,0000
05.10.2000 07:00:00   ;     0,0000
06.10.2000 07:00:00   ;     0,0000
07.10.2000 07:00:00   ;     0,0000
08.10.2000 07:00:00   ;     0,0000
09.10.2000 07:00:00   ;     0,0000
10.10.2000 07:00:00   ;     0,0000
11.10.2000 07:00:00   ;     0,0000
12.10.2000 07:00:00   ;     0,0000
13.10.2000 07:00:00   ;     0,0000
14.10.2000 07:00:00   ;     0,0000
15.10.2000 07:00:00   ;     0,0000
16.10.2000 07:00:00   ;     0,0000
17.10.2000 07:00:00   ;     0,0000
18.10.2000 07:00:00   ;     0,0000
19.10.2000 07:00:00   ;     0,0000
20.10.2000 07:00:00   ;     0,0000
21.10.2000 07:00:00   ;     0,0000
22.10.2000 07:00:00   ;     0,0000
23.10.2000 07:00:00   ;     0,0000
24.10.2000 07:00:00   ;     0,0000
25.10.2000 07:00:00   ;     0,0000
26.10.2000 07:00:00   ;     0,0000
27.10.2000 07:00:00   ;     0,0000
28.10.2000 07:00:00   ;     0,0000
29.10.2000 07:00:00   ;     0,0000
30.10.2000 07:00:00   ;     0,0000
31.10.2000 07:00:00   ;     0,0000
01.11.2000 07:00:00   ;     0,0000
02.11.2000 07:00:00   ;     0,0000
03.11.2000 07:00:00   ;     0,0000
04.11.2000 07:00:00   ;     0,0000
05.11.2000 07:00:00   ;     0,0000
06.11.2000 07:00:00   ;     0,0000
07.11.2000 07:00:00   ;     0,0000
08.11.2000 07:00:00   ;     0,0000
09.11.2000 07:00:00   ;     0,0000
10.11.2000 07:00:00   ;     0,0000
11.11.2000 07:00:00   ;     0,0000
12.11.2000 07:00:00   ;     0,0000
13.11.2000 07:00:00   ;     0,0000
14.11.2000 07:00:00   ;     0,0000
15.11.2000 07:00:00   ;     0,0000
16.11.2000 07:00:00   ;     0,0000
17.11.2000 07:00:00   ;     0,0000
18.11.2000 07:00:00   ;     0,0000
19.11.2000 07:00:00   ;     3,0000
20.11.2000 07:00:00   ;     4,0000
21.11.2000 07:00:00   ;     2,0000
22.11.2000 07:00:00   ;     0,0000
23.11.2000 07:00:00   ;     0,0000
24.11.2000 07:00:00   ;     0,0000
25.11.2000 07:00:00   ;     0,0000
26.11.2000 07:00:00   ;     0,0000
27.11.2000 07:00:00   ;     0,0000
28.11.2000 07:00:00   ;     0,0000
29.11.2000 07:00:00   ;     0,0000
30.11.2000 07:00:00   ;     0,0000
01.12.2000 07:00:00   ;     0,0000
02.12.2000 07:00:00   ;     0,0000
03.12.2000 07:00:00   ;     0,0000
04.12.2000 07:00:00   ;     0,0000
05.12.2000 07:00:00   ;     0,0000
06.12.2000 07:00:00   ;     0,0000
07.12.2000 07:00:00   ;     0,0000
08.12.2000 07:00:00   ;     0,0000
09.12.2000 07:00:00   ;     0,0000
10.12.2000 07:00:00   ;     0,0000
11.12.2000 07:00:00   ;     0,0000
12.12.2000 07:00:00   ;     0,0000
13.12.2000 07:00:00   ;     0,0000
14.12.2000 07:00:00   ;     0,0000
15.12.2000 07:00:00   ;     0,0000
16.12.2000 07:00:00   ;    17,0000
17.12.2000 07:00:00   ;    16,0000
18.12.2000 07:00:00   ;    16,0000
19.12.2000 07:00:00   ;    15,0000
20.12.2000 07:00:00   ;    17,0000
21.12.2000 07:00:00   ;    16,0000
22.12.2000 07:00:00   ;    16,0000
23.12.2000 07:00:00   ;    16,0000
24.12.2000 07:00:00   ;    15,0000
25.12.2000 07:00:00   ;    13,0000
26.12.2000 07:00:00   ;    11,0000
27.12.2000 07:00:00   ;     9,0000
28.12.2000 07:00:00   ;    14,0000
29.12.2000 07:00:00   ;    15,0000
30.12.2000 07:00:00   ;    41,0000
31.12.2000 07:00:00   ;    39,0000
01.01.2001 07:00:00   ;    37,0000
02.01.2001 07:00:00   ;    33,0000
03.01.2001 07:00:00   ;    31,0000
04.01.2001 07:00:00   ;    30,0000
05.01.2001 07:00:00   ;    20,0000
06.01.2001 07:00:00   ;    16,0000
07.01.2001 07:00:00   ;     0,0000
08.01.2001 07:00:00   ;     0,0000
09.01.2001 07:00:00   ;     6,0000
10.01.2001 07:00:00   ;     6,0000
11.01.2001 07:00:00   ;     5,0000
12.01.2001 07:00:00   ;     5,0000
13.01.2001 07:00:00   ;     6,0000
14.01.2001 07:00:00   ;     6,0000
15.01.2001 07:00:00   ;     6,0000
16.01.2001 07:00:00   ;     6,0000
17.01.2001 07:00:00   ;     5,0000
18.01.2001 07:00:00   ;     5,0000
19.01.2001 07:00:00   ;     7,0000
20.01.2001 07:00:00   ;     7,0000
21.01.2001 07:00:00   ;    14,0000
22.01.2001 07:00:00   ;    15,0000
23.01.2001 07:00:00   ;    15,0000
24.01.2001 07:00:00   ;    14,0000
25.01.2001 07:00:00   ;     5,0000
26.01.2001 07:00:00   ;     0,0000
27.01.2001 07:00:00   ;     0,0000
28.01.2001 07:00:00   ;     7,0000
29.01.2001 07:00:00   ;     5,0000
30.01.2001 07:00:00   ;    13,0000
31.01.2001 07:00:00   ;    25,0000
01.02.2001 07:00:00   ;    23,0000
02.02.2001 07:00:00   ;    22,0000
03.02.2001 07:00:00   ;    20,0000
04.02.2001 07:00:00   ;    18,0000
05.02.2001 07:00:00   ;    13,0000
06.02.2001 07:00:00   ;     8,0000
07.02.2001 07:00:00   ;     4,0000
08.02.2001 07:00:00   ;     0,0000
09.02.2001 07:00:00   ;     0,0000
10.02.2001 07:00:00   ;     0,0000
11.02.2001 07:00:00   ;     0,0000
12.02.2001 07:00:00   ;     0,0000
13.02.2001 07:00:00   ;     0,0000
14.02.2001 07:00:00   ;     0,0000
15.02.2001 07:00:00   ;     0,0000
16.02.2001 07:00:00   ;     0,0000
17.02.2001 07:00:00   ;     0,0000
18.02.2001 07:00:00   ;     0,0000
19.02.2001 07:00:00   ;     0,0000
20.02.2001 07:00:00   ;     0,0000
21.02.2001 07:00:00   ;     0,0000
22.02.2001 07:00:00   ;     0,0000
23.02.2001 07:00:00   ;     0,0000
24.02.2001 07:00:00   ;     8,0000
25.02.2001 07:00:00   ;     9,0000
26.02.2001 07:00:00   ;     8,0000
27.02.2001 07:00:00   ;     5,0000
28.02.2001 07:00:00   ;     4,0000
01.03.2001 07:00:00   ;    25,0000
02.03.2001 07:00:00   ;    22,0000
03.03.2001 07:00:00   ;    29,0000
04.03.2001 07:00:00   ;    19,0000
05.03.2001 07:00:00   ;     3,0000
06.03.2001 07:00:00   ;     1,0000
07.03.2001 07:00:00   ;     0,0000
08.03.2001 07:00:00   ;     0,0000
09.03.2001 07:00:00   ;     0,0000
10.03.2001 07:00:00   ;     0,0000
11.03.2001 07:00:00   ;     0,0000
12.03.2001 07:00:00   ;     0,0000
13.03.2001 07:00:00   ;     0,0000
14.03.2001 07:00:00   ;    13,0000
15.03.2001 07:00:00   ;    10,0000
16.03.2001 07:00:00   ;     5,0000
17.03.2001 07:00:00   ;     3,0000
18.03.2001 07:00:00   ;     0,001
19.03.2001 07:00:00   ;     0,0000
20.03.2001 07:00:00   ;     0,0000
21.03.2001 07:00:00   ;     0,0000
22.03.2001 07:00:00   ;     0,0000
23.03.2001 07:00:00   ;     0,0000
24.03.2001 07:00:00   ;     0,0000
25.03.2001 07:00:00   ;     0,0000
26.03.2001 07:00:00   ;     3,0000
27.03.2001 07:00:00   ;     0,0000
28.03.2001 07:00:00   ;     0,0000
29.03.2001 07:00:00   ;     0,0000
30.03.2001 07:00:00   ;     0,0000
31.03.2001 07:00:00   ;     0,0000
01.04.2001 07:00:00   ;     0,0000
02.04.2001 07:00:00   ;     0,0000
03.04.2001 07:00:00   ;     0,0000
04.04.2001 07:00:00   ;     0,0000
05.04.2001 07:00:00   ;     0,0000
06.04.2001 07:00:00   ;     0,0000
07.04.2001 07:00:00   ;     0,0000
08.04.2001 07:00:00   ;     0,0000
09.04.2001 07:00:00   ;     0,0000
10.04.2001 07:00:00   ;     0,0000
11.04.2001 07:00:00   ;     0,0000
12.04.2001 07:00:00   ;     0,0000
13.04.2001 07:00:00   ;     0,0000
14.04.2001 07:00:00   ;     0,0000
15.04.2001 07:00:00   ;     0,0000
16.04.2001 07:00:00   ;     0,0000
17.04.2001 07:00:00   ;     0,0000
18.04.2001 07:00:00   ;     0,0000
19.04.2001 07:00:00   ;     0,0000
20.04.2001 07:00:00   ;     0,0000
21.04.2001 07:00:00   ;     3,0000
22.04.2001 07:00:00   ;     4,0000
23.04.2001 07:00:00   ;     1,0000
24.04.2001 07:00:00   ;     0,0000
25.04.2001 07:00:00   ;     0,0000
26.04.2001 07:00:00   ;     0,0000
27.04.2001 07:00:00   ;     0,0000
28.04.2001 07:00:00   ;     0,0000
29.04.2001 07:00:00   ;     0,0000
30.04.2001 07:00:00   ;     0,0000
01.05.2001 07:00:00   ;     0,0000
02.05.2001 07:00:00   ;     0,0000
03.05.2001 07:00:00   ;     0,0000
04.05.2001 07:00:00   ;     0,0000
05.05.2001 07:00:00   ;     0,0000
06.05.2001 07:00:00   ;     0,0000
07.05.2001 07:00:00   ;     0,0000
08.05.2001 07:00:00   ;     0,0000
09.05.2001 07:00:00   ;     0,0000
10.05.2001 07:00:00   ;     0,0000
11.05.2001 07:00:00   ;     0,0000
12.05.2001 07:00:00   ;     0,0000
13.05.2001 07:00:00   ;     0,0000
14.05.2001 07:00:00   ;     0,0000
15.05.2001 07:00:00   ;     0,0000
16.05.2001 07:00:00   ;     0,0000
17.05.2001 07:00:00   ;     0,0000
18.05.2001 07:00:00   ;     0,0000
19.05.2001 07:00:00   ;     0,0000
20.05.2001 07:00:00   ;     0,0000
21.05.2001 07:00:00   ;     0,0000
22.05.2001 07:00:00   ;     0,0000
23.05.2001 07:00:00   ;     0,0000
24.05.2001 07:00:00   ;     0,0000
25.05.2001 07:00:00   ;     0,0000
26.05.2001 07:00:00   ;     0,0000
27.05.2001 07:00:00   ;     0,0000
28.05.2001 07:00:00   ;     0,0000
29.05.2001 07:00:00   ;     0,0000
30.05.2001 07:00:00   ;     0,0000
31.05.2001 07:00:00   ;     0,0000
01.06.2001 07:00:00   ;     0,0000
02.06.2001 07:00:00   ;     0,0000
03.06.2001 07:00:00   ;     0,0000
04.06.2001 07:00:00   ;     0,0000
05.06.2001 07:00:00   ;     0,0000
06.06.2001 07:00:00   ;     0,0000
07.06.2001 07:00:00   ;     0,0000
08.06.2001 07:00:00   ;     0,0000
09.06.2001 07:00:00   ;     0,0000
10.06.2001 07:00:00   ;     0,0000
11.06.2001 07:00:00   ;     0,0000
12.06.2001 07:00:00   ;     0,0000
13.06.2001 07:00:00   ;     0,0000
14.06.2001 07:00:00   ;     0,0000
15.06.2001 07:00:00   ;     0,0000
16.06.2001 07:00:00   ;     0,0000
17.06.2001 07:00:00   ;     0,0000
18.06.2001 07:00:00   ;     0,0000
19.06.2001 07:00:00   ;     0,0000
20.06.2001 07:00:00   ;     0,0000
21.06.2001 07:00:00   ;     0,0000
22.06.2001 07:00:00   ;     0,0000
23.06.2001 07:00:00   ;     0,0000
24.06.2001 07:00:00   ;     0,0000
25.06.2001 07:00:00   ;     0,0000
26.06.2001 07:00:00   ;     0,0000
27.06.2001 07:00:00   ;     0,0000
28.06.2001 07:00:00   ;     0,0000
29.06.2001 07:00:00   ;     0,0000
30.06.2001 07:00:00   ;     0,0000
01.07.2001 07:00:00   ;     0,0000
02.07.2001 07:00:00   ;     0,0000
03.07.2001 07:00:00   ;     0,0000
04.07.2001 07:00:00   ;     0,0000
05.07.2001 07:00:00   ;     0,0000
06.07.2001 07:00:00   ;     0,0000
07.07.2001 07:00:00   ;     0,0000
08.07.2001 07:00:00   ;     0,0000
09.07.2001 07:00:00   ;     0,0000
10.07.2001 07:00:00   ;     0,0000
11.07.2001 07:00:00   ;     0,0000
12.07.2001 07:00:00   ;     0,0000
13.07.2001 07:00:00   ;     0,0000
14.07.2001 07:00:00   ;     0,0000
15.07.2001 07:00:00   ;     0,0000
16.07.2001 07:00:00   ;     0,0000
17.07.2001 07:00:00   ;     0,0000
18.07.2001 07:00:00   ;     0,0000
19.07.2001 07:00:00   ;     0,0000
20.07.2001 07:00:00   ;     0,0000
21.07.2001 07:00:00   ;     0,0000
22.07.2001 07:00:00   ;     0,0000
23.07.2001 07:00:00   ;     0,0000
24.07.2001 07:00:00   ;     0,0000
25.07.2001 07:00:00   ;     0,0000
26.07.2001 07:00:00   ;     0,0000
27.07.2001 07:00:00   ;     0,0000
28.07.2001 07:00:00   ;     0,0000
29.07.2001 07:00:00   ;     0,0000
30.07.2001 07:00:00   ;     0,0000
31.07.2001 07:00:00   ;     0,0000
01.08.2001 07:00:00   ;     0,0000
02.08.2001 07:00:00   ;     0,0000
03.08.2001 07:00:00   ;     0,0000
04.08.2001 07:00:00   ;     0,0000
05.08.2001 07:00:00   ;     0,0000
06.08.2001 07:00:00   ;     0,0000
07.08.2001 07:00:00   ;     0,0000
08.08.2001 07:00:00   ;     0,0000
09.08.2001 07:00:00   ;     0,0000
10.08.2001 07:00:00   ;     0,0000
11.08.2001 07:00:00   ;     0,0000
12.08.2001 07:00:00   ;     0,0000
13.08.2001 07:00:00   ;     0,0000
14.08.2001 07:00:00   ;     0,0000
15.08.2001 07:00:00   ;     0,0000
16.08.2001 07:00:00   ;     0,0000
17.08.2001 07:00:00   ;     0,0000
18.08.2001 07:00:00   ;     0,0000
19.08.2001 07:00:00   ;     0,0000
20.08.2001 07:00:00   ;     0,0000
21.08.2001 07:00:00   ;     0,0000
22.08.2001 07:00:00   ;     0,0000
23.08.2001 07:00:00   ;     0,0000
24.08.2001 07:00:00   ;     0,0000
25.08.2001 07:00:00   ;     0,0000
26.08.2001 07:00:00   ;     0,0000
27.08.2001 07:00:00   ;     0,0000
28.08.2001 07:00:00   ;     0,0000
29.08.2001 07:00:00   ;     0,0000
30.08.2001 07:00:00   ;     0,0000
31.08.2001 07:00:00   ;     0,0000
01.09.2001 07:00:00   ;     0,0000
02.09.2001 07:00:00   ;     0,0000
03.09.2001 07:00:00   ;     0,0000
04.09.2001 07:00:00   ;     0,0000
05.09.2001 07:00:00   ;     0,0000
06.09.2001 07:00:00   ;     0,0000
07.09.2001 07:00:00   ;     0,0000
08.09.2001 07:00:00   ;     0,0000
09.09.2001 07:00:00   ;     0,0000
10.09.2001 07:00:00   ;     0,0000
11.09.2001 07:00:00   ;     0,0000
12.09.2001 07:00:00   ;     0,0000
13.09.2001 07:00:00   ;     0,0000
14.09.2001 07:00:00   ;     0,0000
15.09.2001 07:00:00   ;     0,0000
16.09.2001 07:00:00   ;     0,0000
17.09.2001 07:00:00   ;     0,0000
18.09.2001 07:00:00   ;     0,0000
19.09.2001 07:00:00   ;     0,0000
20.09.2001 07:00:00   ;     0,0000
21.09.2001 07:00:00   ;     0,0000
22.09.2001 07:00:00   ;     0,0000
23.09.2001 07:00:00   ;     0,0000
24.09.2001 07:00:00   ;     0,0000
25.09.2001 07:00:00   ;     0,0000
26.09.2001 07:00:00   ;     0,0000
27.09.2001 07:00:00   ;     0,0000
28.09.2001 07:00:00   ;     0,0000
29.09.2001 07:00:00   ;     0,0000
30.09.2001 07:00:00   ;     0,0000
01.10.2001 07:00:00   ;     0,0000
02.10.2001 07:00:00   ;     0,0000
03.10.2001 07:00:00   ;     0,0000
04.10.2001 07:00:00   ;     0,0000
05.10.2001 07:00:00   ;     0,0000
06.10.2001 07:00:00   ;     0,0000
07.10.2001 07:00:00   ;     0,0000
08.10.2001 07:00:00   ;     0,0000
09.10.2001 07:00:00   ;     0,0000
10.10.2001 07:00:00   ;     0,0000
11.10.2001 07:00:00   ;     0,0000
12.10.2001 07:00:00   ;     0,0000
13.10.2001 07:00:00   ;     0,0000
14.10.2001 07:00:00   ;     0,0000
15.10.2001 07:00:00   ;     0,0000
16.10.2001 07:00:00   ;     0,0000
17.10.2001 07:00:00   ;     0,0000
18.10.2001 07:00:00   ;     0,0000
19.10.2001 07:00:00   ;     0,0000
20.10.2001 07:00:00   ;     0,0000
21.10.2001 07:00:00   ;     0,0000
22.10.2001 07:00:00   ;     0,0000
23.10.2001 07:00:00   ;     0,0000
24.10.2001 07:00:00   ;     0,0000
25.10.2001 07:00:00   ;     0,0000
26.10.2001 07:00:00   ;     0,0000
27.10.2001 07:00:00   ;     0,0000
28.10.2001 07:00:00   ;     0,0000
29.10.2001 07:00:00   ;     0,0000
30.10.2001 07:00:00   ;     0,0000
31.10.2001 07:00:00   ;     0,0000
01.11.2001 07:00:00   ;     0,0000
02.11.2001 07:00:00   ;     0,0000
03.11.2001 07:00:00   ;     0,0000
04.11.2001 07:00:00   ;     0,0000
05.11.2001 07:00:00   ;     0,0000
06.11.2001 07:00:00   ;     0,0000
07.11.2001 07:00:00   ;     0,0000
08.11.2001 07:00:00   ;     0,0000
09.11.2001 07:00:00   ;    15,0000
10.11.2001 07:00:00   ;    56,0000
11.11.2001 07:00:00   ;    50,0000
12.11.2001 07:00:00   ;    32,0000
13.11.2001 07:00:00   ;    21,0000
14.11.2001 07:00:00   ;    18,0000
15.11.2001 07:00:00   ;    18,0000
16.11.2001 07:00:00   ;    18,0000
17.11.2001 07:00:00   ;    18,0000
18.11.2001 07:00:00   ;    18,0000
19.11.2001 07:00:00   ;    18,0000
20.11.2001 07:00:00   ;    18,0000
21.11.2001 07:00:00   ;    18,0000
22.11.2001 07:00:00   ;    18,0000
23.11.2001 07:00:00   ;    20,0000
24.11.2001 07:00:00   ;    19,0000
25.11.2001 07:00:00   ;    19,0000
26.11.2001 07:00:00   ;    18,0000
27.11.2001 07:00:00   ;    18,0000
28.11.2001 07:00:00   ;    18,0000
29.11.2001 07:00:00   ;    18,0000
30.11.2001 07:00:00   ;    18,0000
01.12.2001 07:00:00   ;    18,0000
02.12.2001 07:00:00   ;    18,0000
03.12.2001 07:00:00   ;    18,0000
04.12.2001 07:00:00   ;    18,0000
05.12.2001 07:00:00   ;    18,0000
06.12.2001 07:00:00   ;    18,0000
07.12.2001 07:00:00   ;    18,0000
08.12.2001 07:00:00   ;    18,0000
09.12.2001 07:00:00   ;    18,0000
10.12.2001 07:00:00   ;    18,0000
11.12.2001 07:00:00   ;    18,0000
12.12.2001 07:00:00   ;    25,0000
13.12.2001 07:00:00   ;    23,0000
14.12.2001 07:00:00   ;    28,0000
15.12.2001 07:00:00   ;    27,0000
16.12.2001 07:00:00   ;    27,0000
17.12.2001 07:00:00   ;    26,0000
18.12.2001 07:00:00   ;    26,0000
19.12.2001 07:00:00   ;    26,0000
20.12.2001 07:00:00   ;    26,0000
21.12.2001 07:00:00   ;    27,0000
22.12.2001 07:00:00   ;    27,0000
23.12.2001 07:00:00   ;    27,0000
24.12.2001 07:00:00   ;    27,0000
25.12.2001 07:00:00   ;    27,0000
26.12.2001 07:00:00   ;    25,0000
27.12.2001 07:00:00   ;    32,0000
28.12.2001 07:00:00   ;    30,0000
29.12.2001 07:00:00   ;    30,0000
30.12.2001 07:00:00   ;    25,0000
31.12.2001 07:00:00   ;    25,0000
01.01.2002 07:00:00   ;    24,0000
02.01.2002 07:00:00   ;    24,0000
03.01.2002 07:00:00   ;    24,0000
04.01.2002 07:00:00   ;    24,0000
05.01.2002 07:00:00   ;    24,0000
06.01.2002 07:00:00   ;    24,0000
07.01.2002 07:00:00   ;    24,0000
08.01.2002 07:00:00   ;    24,0000
09.01.2002 07:00:00   ;    24,0000
10.01.2002 07:00:00   ;    24,0000
11.01.2002 07:00:00   ;    24,0000
12.01.2002 07:00:00   ;    24,0000
13.01.2002 07:00:00   ;    24,0000
14.01.2002 07:00:00   ;    36,0000
15.01.2002 07:00:00   ;    36,0000
16.01.2002 07:00:00   ;    39,0000
17.01.2002 07:00:00   ;    38,0000
18.01.2002 07:00:00   ;    37,0000
19.01.2002 07:00:00   ;    36,0000
20.01.2002 07:00:00   ;    36,0000
21.01.2002 07:00:00   ;    35,0000
22.01.2002 07:00:00   ;    35,0000
23.01.2002 07:00:00   ;    34,0000
24.01.2002 07:00:00   ;    33,0000
25.01.2002 07:00:00   ;    30,0000
26.01.2002 07:00:00   ;    28,0000
27.01.2002 07:00:00   ;    26,0000
28.01.2002 07:00:00   ;    25,0000
29.01.2002 07:00:00   ;    24,0000
30.01.2002 07:00:00   ;    24,0000
31.01.2002 07:00:00   ;    23,0000
01.02.2002 07:00:00   ;    23,0000
02.02.2002 07:00:00   ;    23,0000
03.02.2002 07:00:00   ;    22,0000
04.02.2002 07:00:00   ;    22,0000
05.02.2002 07:00:00   ;    21,0000
06.02.2002 07:00:00   ;    20,0000
07.02.2002 07:00:00   ;    20,0000
08.02.2002 07:00:00   ;    18,0000
09.02.2002 07:00:00   ;    18,0000
10.02.2002 07:00:00   ;    17,0000
11.02.2002 07:00:00   ;    17,0000
12.02.2002 07:00:00   ;    16,0000
13.02.2002 07:00:00   ;    14,0000
14.02.2002 07:00:00   ;    14,0000
15.02.2002 07:00:00   ;    18,0000
16.02.2002 07:00:00   ;    20,0000
17.02.2002 07:00:00   ;    31,0000
18.02.2002 07:00:00   ;    37,0000
19.02.2002 07:00:00   ;    28,0000
20.02.2002 07:00:00   ;    28,0000
21.02.2002 07:00:00   ;    27,0000
22.02.2002 07:00:00   ;    29,0000
23.02.2002 07:00:00   ;    29,0000
24.02.2002 07:00:00   ;    33,0000
25.02.2002 07:00:00   ;    31,0000
26.02.2002 07:00:00   ;    28,0000
27.02.2002 07:00:00   ;    23,0000
28.02.2002 07:00:00   ;    20,0000
01.03.2002 07:00:00   ;    28,0000
02.03.2002 07:00:00   ;    20,0000
03.03.2002 07:00:00   ;    19,0000
04.03.2002 07:00:00   ;    23,0000
05.03.2002 07:00:00   ;    22,0000
06.03.2002 07:00:00   ;    18,0000
07.03.2002 07:00:00   ;    10,0000
08.03.2002 07:00:00   ;     6,0000
09.03.2002 07:00:00   ;     0,0000
10.03.2002 07:00:00   ;     0,0000
11.03.2002 07:00:00   ;     0,0000
12.03.2002 07:00:00   ;     0,0000
13.03.2002 07:00:00   ;     0,0000
14.03.2002 07:00:00   ;     0,0000
15.03.2002 07:00:00   ;     0,0000
16.03.2002 07:00:00   ;     0,0000
17.03.2002 07:00:00   ;     0,0000
18.03.2002 07:00:00   ;     0,0000
19.03.2002 07:00:00   ;     0,0000
20.03.2002 07:00:00   ;     0,0000
21.03.2002 07:00:00   ;     0,0000
22.03.2002 07:00:00   ;     0,0000
23.03.2002 07:00:00   ;     0,0000
24.03.2002 07:00:00   ;     0,0000
25.03.2002 07:00:00   ;     0,0000
26.03.2002 07:00:00   ;     0,0000
27.03.2002 07:00:00   ;     0,0000
28.03.2002 07:00:00   ;     0,0000
29.03.2002 07:00:00   ;     0,0000
30.03.2002 07:00:00   ;     0,0000
31.03.2002 07:00:00   ;     0,0000
01.04.2002 07:00:00   ;     0,0000
02.04.2002 07:00:00   ;     0,0000
03.04.2002 07:00:00   ;     0,0000
04.04.2002 07:00:00   ;     0,0000
05.04.2002 07:00:00   ;     0,0000
06.04.2002 07:00:00   ;     6,0000
07.04.2002 07:00:00   ;     0,0000
08.04.2002 07:00:00   ;     0,0000
09.04.2002 07:00:00   ;     2,0000
10.04.2002 07:00:00   ;    22,0000
11.04.2002 07:00:00   ;    21,0000
12.04.2002 07:00:00   ;    20,0000
13.04.2002 07:00:00   ;    15,0000
14.04.2002 07:00:00   ;    11,0000
15.04.2002 07:00:00   ;     8,0000
16.04.2002 07:00:00   ;     4,0000
17.04.2002 07:00:00   ;     0,0000
18.04.2002 07:00:00   ;     0,0000
19.04.2002 07:00:00   ;     0,0000
20.04.2002 07:00:00   ;     0,0000
21.04.2002 07:00:00   ;     0,0000
22.04.2002 07:00:00   ;     0,0000
23.04.2002 07:00:00   ;     0,0000
24.04.2002 07:00:00   ;     0,0000
25.04.2002 07:00:00   ;     0,0000
26.04.2002 07:00:00   ;     0,0000
27.04.2002 07:00:00   ;     0,0000
28.04.2002 07:00:00   ;     0,0000
29.04.2002 07:00:00   ;     0,0000
30.04.2002 07:00:00   ;     0,0000
01.05.2002 07:00:00   ;     0,0000
02.05.2002 07:00:00   ;     0,0000
03.05.2002 07:00:00   ;     0,0000
04.05.2002 07:00:00   ;     0,0000
05.05.2002 07:00:00   ;     0,0000
06.05.2002 07:00:00   ;     0,0000
07.05.2002 07:00:00   ;     0,0000
08.05.2002 07:00:00   ;     0,0000
09.05.2002 07:00:00   ;     0,0000
10.05.2002 07:00:00   ;     0,0000
11.05.2002 07:00:00   ;     0,0000
12.05.2002 07:00:00   ;     0,0000
13.05.2002 07:00:00   ;     0,0000
14.05.2002 07:00:00   ;     0,0000
15.05.2002 07:00:00   ;     0,0000
16.05.2002 07:00:00   ;     0,0000
17.05.2002 07:00:00   ;     0,0000
18.05.2002 07:00:00   ;     0,0000
19.05.2002 07:00:00   ;     0,0000
20.05.2002 07:00:00   ;     0,0000
21.05.2002 07:00:00   ;     0,0000
22.05.2002 07:00:00   ;     0,0000
23.05.2002 07:00:00   ;     0,0000
24.05.2002 07:00:00   ;     0,0000
25.05.2002 07:00:00   ;     0,0000
26.05.2002 07:00:00   ;     0,0000
27.05.2002 07:00:00   ;     0,0000
28.05.2002 07:00:00   ;     0,0000
29.05.2002 07:00:00   ;     0,0000
30.05.2002 07:00:00   ;     0,0000
31.05.2002 07:00:00   ;     0,0000
01.06.2002 07:00:00   ;     0,0000
02.06.2002 07:00:00   ;     0,0000
03.06.2002 07:00:00   ;     0,0000
04.06.2002 07:00:00   ;     0,0000
05.06.2002 07:00:00   ;     0,0000
06.06.2002 07:00:00   ;     0,0000
07.06.2002 07:00:00   ;     0,0000
08.06.2002 07:00:00   ;     0,0000
09.06.2002 07:00:00   ;     0,0000
10.06.2002 07:00:00   ;     0,0000
11.06.2002 07:00:00   ;     0,0000
12.06.2002 07:00:00   ;     0,0000
13.06.2002 07:00:00   ;     0,0000
14.06.2002 07:00:00   ;     0,0000
15.06.2002 07:00:00   ;     0,0000
16.06.2002 07:00:00   ;     0,0000
17.06.2002 07:00:00   ;     0,0000
18.06.2002 07:00:00   ;     0,0000
19.06.2002 07:00:00   ;     0,0000
20.06.2002 07:00:00   ;     0,0000
21.06.2002 07:00:00   ;     0,0000
22.06.2002 07:00:00   ;     0,0000
23.06.2002 07:00:00   ;     0,0000
24.06.2002 07:00:00   ;     0,0000
25.06.2002 07:00:00   ;     0,0000
26.06.2002 07:00:00   ;     0,0000
27.06.2002 07:00:00   ;     0,0000
28.06.2002 07:00:00   ;     0,0000
29.06.2002 07:00:00   ;     0,0000
30.06.2002 07:00:00   ;     0,0000
01.07.2002 07:00:00   ;     0,0000
02.07.2002 07:00:00   ;     0,0000
03.07.2002 07:00:00   ;     0,0000
04.07.2002 07:00:00   ;     0,0000
05.07.2002 07:00:00   ;     0,0000
06.07.2002 07:00:00   ;     0,0000
07.07.2002 07:00:00   ;     0,0000
08.07.2002 07:00:00   ;     0,0000
09.07.2002 07:00:00   ;     0,0000
10.07.2002 07:00:00   ;     0,0000
11.07.2002 07:00:00   ;     0,0000
12.07.2002 07:00:00   ;     0,0000
13.07.2002 07:00:00   ;     0,0000
14.07.2002 07:00:00   ;     0,0000
15.07.2002 07:00:00   ;     0,0000
16.07.2002 07:00:00   ;     0,0000
17.07.2002 07:00:00   ;     0,0000
18.07.2002 07:00:00   ;     0,0000
19.07.2002 07:00:00   ;     0,0000
20.07.2002 07:00:00   ;     0,0000
21.07.2002 07:00:00   ;     0,0000
22.07.2002 07:00:00   ;     0,0000
23.07.2002 07:00:00   ;     0,0000
24.07.2002 07:00:00   ;     0,0000
25.07.2002 07:00:00   ;     0,0000
26.07.2002 07:00:00   ;     0,0000
27.07.2002 07:00:00   ;     0,0000
28.07.2002 07:00:00   ;     0,0000
29.07.2002 07:00:00   ;     0,0000
30.07.2002 07:00:00   ;     0,0000
31.07.2002 07:00:00   ;     0,0000
01.08.2002 07:00:00   ;     0,0000
02.08.2002 07:00:00   ;     0,0000
03.08.2002 07:00:00   ;     0,0000
04.08.2002 07:00:00   ;     0,0000
05.08.2002 07:00:00   ;     0,0000
06.08.2002 07:00:00   ;     0,0000
07.08.2002 07:00:00   ;     0,0000
08.08.2002 07:00:00   ;     0,0000
09.08.2002 07:00:00   ;     0,0000
10.08.2002 07:00:00   ;     0,0000
11.08.2002 07:00:00   ;     0,0000
12.08.2002 07:00:00   ;     0,0000
13.08.2002 07:00:00   ;     0,0000
14.08.2002 07:00:00   ;     0,0000
15.08.2002 07:00:00   ;     0,0000
16.08.2002 07:00:00   ;     0,0000
17.08.2002 07:00:00   ;     0,0000
18.08.2002 07:00:00   ;     0,0000
19.08.2002 07:00:00   ;     0,0000
20.08.2002 07:00:00   ;     0,0000
21.08.2002 07:00:00   ;     0,0000
22.08.2002 07:00:00   ;     0,0000
23.08.2002 07:00:00   ;     0,0000
24.08.2002 07:00:00   ;     0,0000
25.08.2002 07:00:00   ;     0,0000
26.08.2002 07:00:00   ;     0,0000
27.08.2002 07:00:00   ;     0,0000
28.08.2002 07:00:00   ;     0,0000
29.08.2002 07:00:00   ;     0,0000
30.08.2002 07:00:00   ;     0,0000
31.08.2002 07:00:00   ;     0,0000
01.09.2002 07:00:00   ;     0,0000
02.09.2002 07:00:00   ;     0,0000
03.09.2002 07:00:00   ;     0,0000
04.09.2002 07:00:00   ;     0,0000
05.09.2002 07:00:00   ;     0,0000
06.09.2002 07:00:00   ;     0,0000
07.09.2002 07:00:00   ;     0,0000
08.09.2002 07:00:00   ;     0,0000
09.09.2002 07:00:00   ;     0,0000
10.09.2002 07:00:00   ;     0,0000
11.09.2002 07:00:00   ;     0,0000
12.09.2002 07:00:00   ;     0,0000
13.09.2002 07:00:00   ;     0,0000
14.09.2002 07:00:00   ;     0,0000
15.09.2002 07:00:00   ;     0,0000
16.09.2002 07:00:00   ;     0,0000
17.09.2002 07:00:00   ;     0,0000
18.09.2002 07:00:00   ;     0,0000
19.09.2002 07:00:00   ;     0,0000
20.09.2002 07:00:00   ;     0,0000
21.09.2002 07:00:00   ;     0,0000
22.09.2002 07:00:00   ;     0,0000
23.09.2002 07:00:00   ;     0,0000
24.09.2002 07:00:00   ;     0,0000
25.09.2002 07:00:00   ;     0,0000
26.09.2002 07:00:00   ;     0,0000
27.09.2002 07:00:00   ;     0,0000
28.09.2002 07:00:00   ;     0,0000
29.09.2002 07:00:00   ;     0,0000
30.09.2002 07:00:00   ;     0,0000
01.10.2002 07:00:00   ;     0,0000
02.10.2002 07:00:00   ;     0,0000
03.10.2002 07:00:00   ;     0,0000
04.10.2002 07:00:00   ;     0,0000
05.10.2002 07:00:00   ;     0,0000
06.10.2002 07:00:00   ;     0,0000
07.10.2002 07:00:00   ;     0,0000
08.10.2002 07:00:00   ;     0,0000
09.10.2002 07:00:00   ;     0,0000
10.10.2002 07:00:00   ;     0,0000
11.10.2002 07:00:00   ;     0,0000
12.10.2002 07:00:00   ;     0,0000
13.10.2002 07:00:00   ;     0,0000
14.10.2002 07:00:00   ;     0,0000
15.10.2002 07:00:00   ;     0,0000
16.10.2002 07:00:00   ;     0,0000
17.10.2002 07:00:00   ;     0,0000
18.10.2002 07:00:00   ;     0,0000
19.10.2002 07:00:00   ;     0,0000
20.10.2002 07:00:00   ;     0,0000
21.10.2002 07:00:00   ;     0,0000
22.10.2002 07:00:00   ;     0,0000
23.10.2002 07:00:00   ;     0,0000
24.10.2002 07:00:00   ;     0,0000
25.10.2002 07:00:00   ;     0,0000
26.10.2002 07:00:00   ;     0,0000
27.10.2002 07:00:00   ;     0,0000
28.10.2002 07:00:00   ;     0,0000
29.10.2002 07:00:00   ;     0,0000
30.10.2002 07:00:00   ;     0,0000
31.10.2002 07:00:00   ;     0,0000
01.11.2002 07:00:00   ;     0,0000
02.11.2002 07:00:00   ;     0,0000
03.11.2002 07:00:00   ;     0,0000
04.11.2002 07:00:00   ;     0,0000
05.11.2002 07:00:00   ;     0,0000
06.11.2002 07:00:00   ;     0,0000
07.11.2002 07:00:00   ;     0,0000
08.11.2002 07:00:00   ;     0,0000
09.11.2002 07:00:00   ;     0,0000
10.11.2002 07:00:00   ;     0,0000
11.11.2002 07:00:00   ;     0,0000
12.11.2002 07:00:00   ;     0,0000
13.11.2002 07:00:00   ;     0,0000
14.11.2002 07:00:00   ;     0,0000
15.11.2002 07:00:00   ;     0,0000
16.11.2002 07:00:00   ;     0,0000
17.11.2002 07:00:00   ;     0,0000
18.11.2002 07:00:00   ;     0,0000
19.11.2002 07:00:00   ;     0,0000
20.11.2002 07:00:00   ;     0,0000
21.11.2002 07:00:00   ;     0,0000
22.11.2002 07:00:00   ;     0,0000
23.11.2002 07:00:00   ;     0,0000
24.11.2002 07:00:00   ;     0,0000
25.11.2002 07:00:00   ;     0,0000
26.11.2002 07:00:00   ;     0,0000
27.11.2002 07:00:00   ;     0,0000
28.11.2002 07:00:00   ;     0,0000
29.11.2002 07:00:00   ;     0,0000
30.11.2002 07:00:00   ;     0,0000
01.12.2002 07:00:00   ;     0,0000
02.12.2002 07:00:00   ;     0,0000
03.12.2002 07:00:00   ;    17,0000
04.12.2002 07:00:00   ;    17,0000
05.12.2002 07:00:00   ;    11,0000
06.12.2002 07:00:00   ;     6,0000
07.12.2002 07:00:00   ;     3,0000
08.12.2002 07:00:00   ;     2,0000
09.12.2002 07:00:00   ;     6,0000
10.12.2002 07:00:00   ;    12,0000
11.12.2002 07:00:00   ;    13,0000
12.12.2002 07:00:00   ;    11,0000
13.12.2002 07:00:00   ;    10,0000
14.12.2002 07:00:00   ;     9,0000
15.12.2002 07:00:00   ;     8,0000
16.12.2002 07:00:00   ;    10,0000
17.12.2002 07:00:00   ;     9,0000
18.12.2002 07:00:00   ;    11,0000
19.12.2002 07:00:00   ;    10,0000
20.12.2002 07:00:00   ;     9,0000
21.12.2002 07:00:00   ;     9,0000
22.12.2002 07:00:00   ;     8,0000
23.12.2002 07:00:00   ;     6,0000
24.12.2002 07:00:00   ;     6,0000
25.12.2002 07:00:00   ;     6,0000
26.12.2002 07:00:00   ;     6,0000
27.12.2002 07:00:00   ;     6,0000
28.12.2002 07:00:00   ;     0,0000
29.12.2002 07:00:00   ;     0,0000
30.12.2002 07:00:00   ;     0,0000
31.12.2002 07:00:00   ;     0,0000
01.01.2003 07:00:00   ;     0,0000
02.01.2003 07:00:00   ;     0,0000
03.01.2003 07:00:00   ;     0,0000
04.01.2003 07:00:00   ;     0,0000
05.01.2003 07:00:00   ;    12,0000
06.01.2003 07:00:00   ;    17,0000
07.01.2003 07:00:00   ;    35,0000
08.01.2003 07:00:00   ;    45,0000
09.01.2003 07:00:00   ;    46,0000
10.01.2003 07:00:00   ;    49,0000
11.01.2003 07:00:00   ;    47,0000
12.01.2003 07:00:00   ;    44,0000
13.01.2003 07:00:00   ;    41,0000
14.01.2003 07:00:00   ;    40,0000
15.01.2003 07:00:00   ;    37,0000
16.01.2003 07:00:00   ;    35,0000
17.01.2003 07:00:00   ;    34,0000
18.01.2003 07:00:00   ;    33,0000
19.01.2003 07:00:00   ;    32,0000
20.01.2003 07:00:00   ;    31,0000
21.01.2003 07:00:00   ;    30,0000
22.01.2003 07:00:00   ;    30,0000
23.01.2003 07:00:00   ;    28,0000
24.01.2003 07:00:00   ;    27,0000
25.01.2003 07:00:00   ;    27,0000
26.01.2003 07:00:00   ;    26,0000
27.01.2003 07:00:00   ;    26,0000
28.01.2003 07:00:00   ;    26,0000
29.01.2003 07:00:00   ;    26,0000
30.01.2003 07:00:00   ;    26,0000
31.01.2003 07:00:00   ;    32,0000
01.02.2003 07:00:00   ;    36,0000
02.02.2003 07:00:00   ;    32,0000
03.02.2003 07:00:00   ;    31,0000
04.02.2003 07:00:00   ;    45,0000
05.02.2003 07:00:00   ;    55,0000
06.02.2003 07:00:00   ;    52,0000
07.02.2003 07:00:00   ;    51,0000
08.02.2003 07:00:00   ;    50,0000
09.02.2003 07:00:00   ;    55,0000
10.02.2003 07:00:00   ;    52,0000
11.02.2003 07:00:00   ;    50,0000
12.02.2003 07:00:00   ;    50,0000
13.02.2003 07:00:00   ;    49,0000
14.02.2003 07:00:00   ;    48,0000
15.02.2003 07:00:00   ;    47,0000
16.02.2003 07:00:00   ;    47,0000
17.02.2003 07:00:00   ;    53,0000
18.02.2003 07:00:00   ;    51,0000
19.02.2003 07:00:00   ;    49,0000
20.02.2003 07:00:00   ;    47,0000
21.02.2003 07:00:00   ;    46,0000
22.02.2003 07:00:00   ;    46,0000
23.02.2003 07:00:00   ;    45,0000
24.02.2003 07:00:00   ;    45,0000
25.02.2003 07:00:00   ;    45,0000
26.02.2003 07:00:00   ;    44,0000
27.02.2003 07:00:00   ;    44,0000
28.02.2003 07:00:00   ;    43,0000
01.03.2003 07:00:00   ;    42,0000
02.03.2003 07:00:00   ;    41,0000
03.03.2003 07:00:00   ;    40,0000
04.03.2003 07:00:00   ;    40,0000
05.03.2003 07:00:00   ;    39,0000
06.03.2003 07:00:00   ;    38,0000
07.03.2003 07:00:00   ;    39,0000
08.03.2003 07:00:00   ;    37,0000
09.03.2003 07:00:00   ;    36,0000
10.03.2003 07:00:00   ;    35,0000
11.03.2003 07:00:00   ;    34,0000
12.03.2003 07:00:00   ;    33,0000
13.03.2003 07:00:00   ;    32,0000
14.03.2003 07:00:00   ;    31,0000
15.03.2003 07:00:00   ;    30,0000
16.03.2003 07:00:00   ;    29,0000
17.03.2003 07:00:00   ;    29,0000
18.03.2003 07:00:00   ;    29,0000
19.03.2003 07:00:00   ;    28,0000
20.03.2003 07:00:00   ;    26,0000
21.03.2003 07:00:00   ;    25,0000
22.03.2003 07:00:00   ;    24,0000
23.03.2003 07:00:00   ;    23,0000
24.03.2003 07:00:00   ;    23,0000
25.03.2003 07:00:00   ;    22,0000
26.03.2003 07:00:00   ;    21,0000
27.03.2003 07:00:00   ;    17,0000
28.03.2003 07:00:00   ;    12,0000
29.03.2003 07:00:00   ;     5,0000
30.03.2003 07:00:00   ;     0,0000
31.03.2003 07:00:00   ;     0,0000
01.04.2003 07:00:00   ;     0,0000
02.04.2003 07:00:00   ;     0,0000
03.04.2003 07:00:00   ;    53,0000
04.04.2003 07:00:00   ;    56,0000
05.04.2003 07:00:00   ;    35,0000
06.04.2003 07:00:00   ;    32,0000
07.04.2003 07:00:00   ;    31,0000
08.04.2003 07:00:00   ;    30,0000
09.04.2003 07:00:00   ;    28,0000
10.04.2003 07:00:00   ;    26,0000
11.04.2003 07:00:00   ;    30,0000
12.04.2003 07:00:00   ;    29,0000
13.04.2003 07:00:00   ;    31,0000
14.04.2003 07:00:00   ;    21,0000
15.04.2003 07:00:00   ;    17,0000
16.04.2003 07:00:00   ;    15,0000
17.04.2003 07:00:00   ;    13,0000
18.04.2003 07:00:00   ;    11,0000
19.04.2003 07:00:00   ;     5,0000
20.04.2003 07:00:00   ;     0,0000
21.04.2003 07:00:00   ;     0,0000
22.04.2003 07:00:00   ;     0,0000
23.04.2003 07:00:00   ;     0,0000
24.04.2003 07:00:00   ;     0,0000
25.04.2003 07:00:00   ;     0,0000
26.04.2003 07:00:00   ;     0,0000
27.04.2003 07:00:00   ;     0,0000
28.04.2003 07:00:00   ;     0,0000
29.04.2003 07:00:00   ;     0,0000
30.04.2003 07:00:00   ;     0,0000
01.05.2003 07:00:00   ;     0,0000
02.05.2003 07:00:00   ;     0,0000
03.05.2003 07:00:00   ;     0,0000
04.05.2003 07:00:00   ;     0,0000
05.05.2003 07:00:00   ;     0,0000
06.05.2003 07:00:00   ;     0,0000
07.05.2003 07:00:00   ;     0,0000
08.05.2003 07:00:00   ;     0,0000
09.05.2003 07:00:00   ;     0,0000
10.05.2003 07:00:00   ;     0,0000
11.05.2003 07:00:00   ;     0,0000
12.05.2003 07:00:00   ;     0,0000
13.05.2003 07:00:00   ;     0,0000
14.05.2003 07:00:00   ;     0,0000
15.05.2003 07:00:00   ;     0,0000
16.05.2003 07:00:00   ;     0,0000
17.05.2003 07:00:00   ;     0,0000
18.05.2003 07:00:00   ;     0,0000
19.05.2003 07:00:00   ;     0,0000
20.05.2003 07:00:00   ;     0,0000
21.05.2003 07:00:00   ;     0,0000
22.05.2003 07:00:00   ;     0,0000
23.05.2003 07:00:00   ;     0,0000
24.05.2003 07:00:00   ;     0,0000
25.05.2003 07:00:00   ;     0,0000
26.05.2003 07:00:00   ;     0,0000
27.05.2003 07:00:00   ;     0,0000
28.05.2003 07:00:00   ;     0,0000
29.05.2003 07:00:00   ;     0,0000
30.05.2003 07:00:00   ;     0,0000
31.05.2003 07:00:00   ;     0,0000
01.06.2003 07:00:00   ;     0,0000
02.06.2003 07:00:00   ;     0,0000
03.06.2003 07:00:00   ;     0,0000
04.06.2003 07:00:00   ;     0,0000
05.06.2003 07:00:00   ;     0,0000
06.06.2003 07:00:00   ;     0,0000
07.06.2003 07:00:00   ;     0,0000
08.06.2003 07:00:00   ;     0,0000
09.06.2003 07:00:00   ;     0,0000
10.06.2003 07:00:00   ;     0,0000
11.06.2003 07:00:00   ;     0,0000
12.06.2003 07:00:00   ;     0,0000
13.06.2003 07:00:00   ;     0,0000
14.06.2003 07:00:00   ;     0,0000
15.06.2003 07:00:00   ;     0,0000
16.06.2003 07:00:00   ;     0,0000
17.06.2003 07:00:00   ;     0,0000
18.06.2003 07:00:00   ;     0,0000
19.06.2003 07:00:00   ;     0,0000
20.06.2003 07:00:00   ;     0,0000
21.06.2003 07:00:00   ;     0,0000
22.06.2003 07:00:00   ;     0,0000
23.06.2003 07:00:00   ;     0,0000
24.06.2003 07:00:00   ;     0,0000
25.06.2003 07:00:00   ;     0,0000
26.06.2003 07:00:00   ;     0,0000
27.06.2003 07:00:00   ;     0,0000
28.06.2003 07:00:00   ;     0,0000
29.06.2003 07:00:00   ;     0,0000
30.06.2003 07:00:00   ;     0,0000
01.07.2003 07:00:00   ;     0,0000
02.07.2003 07:00:00   ;     0,0000
03.07.2003 07:00:00   ;     0,0000
04.07.2003 07:00:00   ;     0,0000
05.07.2003 07:00:00   ;     0,0000
06.07.2003 07:00:00   ;     0,0000
07.07.2003 07:00:00   ;     0,0000
08.07.2003 07:00:00   ;     0,0000
09.07.2003 07:00:00   ;     0,0000
10.07.2003 07:00:00   ;     0,0000
11.07.2003 07:00:00   ;     0,0000
12.07.2003 07:00:00   ;     0,0000
13.07.2003 07:00:00   ;     0,0000
14.07.2003 07:00:00   ;     0,0000
15.07.2003 07:00:00   ;     0,0000
16.07.2003 07:00:00   ;     0,0000
17.07.2003 07:00:00   ;     0,0000
18.07.2003 07:00:00   ;     0,0000
19.07.2003 07:00:00   ;     0,0000
20.07.2003 07:00:00   ;     0,0000
21.07.2003 07:00:00   ;     0,0000
22.07.2003 07:00:00   ;     0,0000
23.07.2003 07:00:00   ;     0,0000
24.07.2003 07:00:00   ;     0,0000
25.07.2003 07:00:00   ;     0,0000
26.07.2003 07:00:00   ;     0,0000
27.07.2003 07:00:00   ;     0,0000
28.07.2003 07:00:00   ;     0,0000
29.07.2003 07:00:00   ;     0,0000
30.07.2003 07:00:00   ;     0,0000
31.07.2003 07:00:00   ;     0,0000
01.08.2003 07:00:00   ;     0,0000
02.08.2003 07:00:00   ;     0,0000
03.08.2003 07:00:00   ;     0,0000
04.08.2003 07:00:00   ;     0,0000
05.08.2003 07:00:00   ;     0,0000
06.08.2003 07:00:00   ;     0,0000
07.08.2003 07:00:00   ;     0,0000
08.08.2003 07:00:00   ;     0,0000
09.08.2003 07:00:00   ;     0,0000
10.08.2003 07:00:00   ;     0,0000
11.08.2003 07:00:00   ;     0,0000
12.08.2003 07:00:00   ;     0,0000
13.08.2003 07:00:00   ;     0,0000
14.08.2003 07:00:00   ;     0,0000
15.08.2003 07:00:00   ;     0,0000
16.08.2003 07:00:00   ;     0,0000
17.08.2003 07:00:00   ;     0,0000
18.08.2003 07:00:00   ;     0,0000
19.08.2003 07:00:00   ;     0,0000
20.08.2003 07:00:00   ;     0,0000
21.08.2003 07:00:00   ;     0,0000
22.08.2003 07:00:00   ;     0,0000
23.08.2003 07:00:00   ;     0,0000
24.08.2003 07:00:00   ;     0,0000
25.08.2003 07:00:00   ;     0,0000
26.08.2003 07:00:00   ;     0,0000
27.08.2003 07:00:00   ;     0,0000
28.08.2003 07:00:00   ;     0,0000
29.08.2003 07:00:00   ;     0,0000
30.08.2003 07:00:00   ;     0,0000
31.08.2003 07:00:00   ;     0,0000
01.09.2003 07:00:00   ;     0,0000
02.09.2003 07:00:00   ;     0,0000
03.09.2003 07:00:00   ;     0,0000
04.09.2003 07:00:00   ;     0,0000
05.09.2003 07:00:00   ;     0,0000
06.09.2003 07:00:00   ;     0,0000
07.09.2003 07:00:00   ;     0,0000
08.09.2003 07:00:00   ;     0,0000
09.09.2003 07:00:00   ;     0,0000
10.09.2003 07:00:00   ;     0,0000
11.09.2003 07:00:00   ;     0,0000
12.09.2003 07:00:00   ;     0,0000
13.09.2003 07:00:00   ;     0,0000
14.09.2003 07:00:00   ;     0,0000
15.09.2003 07:00:00   ;     0,0000
16.09.2003 07:00:00   ;     0,0000
17.09.2003 07:00:00   ;     0,0000
18.09.2003 07:00:00   ;     0,0000
19.09.2003 07:00:00   ;     0,0000
20.09.2003 07:00:00   ;     0,0000
21.09.2003 07:00:00   ;     0,0000
22.09.2003 07:00:00   ;     0,0000
23.09.2003 07:00:00   ;     0,0000
24.09.2003 07:00:00   ;     0,0000
25.09.2003 07:00:00   ;     0,0000
26.09.2003 07:00:00   ;     0,0000
27.09.2003 07:00:00   ;     0,0000
28.09.2003 07:00:00   ;     0,0000
29.09.2003 07:00:00   ;     0,0000
30.09.2003 07:00:00   ;     0,0000
01.10.2003 07:00:00   ;     0,0000
02.10.2003 07:00:00   ;     0,0000
03.10.2003 07:00:00   ;     0,0000
04.10.2003 07:00:00   ;     0,0000
05.10.2003 07:00:00   ;     0,0000
06.10.2003 07:00:00   ;     0,0000
07.10.2003 07:00:00   ;     0,0000
08.10.2003 07:00:00   ;     0,0000
09.10.2003 07:00:00   ;     0,0000
10.10.2003 07:00:00   ;     0,0000
11.10.2003 07:00:00   ;     0,0000
12.10.2003 07:00:00   ;     0,0000
13.10.2003 07:00:00   ;     0,0000
14.10.2003 07:00:00   ;     0,0000
15.10.2003 07:00:00   ;     0,0000
16.10.2003 07:00:00   ;     0,0000
17.10.2003 07:00:00   ;     0,0000
18.10.2003 07:00:00   ;     0,0000
19.10.2003 07:00:00   ;     0,0000
20.10.2003 07:00:00   ;     0,0000
21.10.2003 07:00:00   ;     0,0000
22.10.2003 07:00:00   ;     0,0000
23.10.2003 07:00:00   ;     0,0000
24.10.2003 07:00:00   ;    32,0000
25.10.2003 07:00:00   ;    32,0000
26.10.2003 07:00:00   ;    28,0000
27.10.2003 07:00:00   ;    25,0000
28.10.2003 07:00:00   ;    23,0000
29.10.2003 07:00:00   ;    21,0000
30.10.2003 07:00:00   ;    12,0000
31.10.2003 07:00:00   ;    20,0000
01.11.2003 07:00:00   ;     5,0000
02.11.2003 07:00:00   ;     0,0000
03.11.2003 07:00:00   ;     0,0000
04.11.2003 07:00:00   ;     0,0000
05.11.2003 07:00:00   ;     0,0000
06.11.2003 07:00:00   ;     0,0000
07.11.2003 07:00:00   ;     3,0000
08.11.2003 07:00:00   ;    17,0000
09.11.2003 07:00:00   ;    15,0000
10.11.2003 07:00:00   ;     8,0000
11.11.2003 07:00:00   ;     6,0000
12.11.2003 07:00:00   ;     5,0000
13.11.2003 07:00:00   ;     5,0000
14.11.2003 07:00:00   ;     5,0000
15.11.2003 07:00:00   ;     3,0000
16.11.2003 07:00:00   ;     0,0000
17.11.2003 07:00:00   ;     0,0000
18.11.2003 07:00:00   ;     0,0000
19.11.2003 07:00:00   ;     0,0000
20.11.2003 07:00:00   ;     0,0000
21.11.2003 07:00:00   ;     0,0000
22.11.2003 07:00:00   ;     0,0000
23.11.2003 07:00:00   ;     0,0000
24.11.2003 07:00:00   ;     0,0000
25.11.2003 07:00:00   ;     0,0000
26.11.2003 07:00:00   ;     0,0000
27.11.2003 07:00:00   ;     0,0000
28.11.2003 07:00:00   ;     0,0000
29.11.2003 07:00:00   ;     0,0000
30.11.2003 07:00:00   ;     0,0000
01.12.2003 07:00:00   ;     0,0000
02.12.2003 07:00:00   ;     0,0000
03.12.2003 07:00:00   ;     0,0000
04.12.2003 07:00:00   ;     0,0000
05.12.2003 07:00:00   ;     0,0000
06.12.2003 07:00:00   ;     0,0000
07.12.2003 07:00:00   ;     0,0000
08.12.2003 07:00:00   ;     0,0000
09.12.2003 07:00:00   ;     0,0000
10.12.2003 07:00:00   ;     0,0000
11.12.2003 07:00:00   ;     0,0000
12.12.2003 07:00:00   ;     2,0000
13.12.2003 07:00:00   ;     2,0000
14.12.2003 07:00:00   ;     1,0000
15.12.2003 07:00:00   ;     3,0000
16.12.2003 07:00:00   ;     3,0000
17.12.2003 07:00:00   ;     3,0000
18.12.2003 07:00:00   ;     3,0000
19.12.2003 07:00:00   ;     3,0000
20.12.2003 07:00:00   ;     3,0000
21.12.2003 07:00:00   ;     1,0000
22.12.2003 07:00:00   ;    15,0000
23.12.2003 07:00:00   ;    15,0000
24.12.2003 07:00:00   ;    14,0000
25.12.2003 07:00:00   ;    14,0000
26.12.2003 07:00:00   ;    12,0000
27.12.2003 07:00:00   ;    11,0000
28.12.2003 07:00:00   ;     7,0000
29.12.2003 07:00:00   ;     6,0000
30.12.2003 07:00:00   ;    26,0000
31.12.2003 07:00:00   ;    40,0000
01.01.2004 07:00:00   ;    44,0000
02.01.2004 07:00:00   ;    43,0000
03.01.2004 07:00:00   ;    43,0000
04.01.2004 07:00:00   ;    42,0000
05.01.2004 07:00:00   ;    42,0000
06.01.2004 07:00:00   ;    42,0000
07.01.2004 07:00:00   ;    41,0000
08.01.2004 07:00:00   ;    41,0000
09.01.2004 07:00:00   ;    40,0000
10.01.2004 07:00:00   ;    43,0000
11.01.2004 07:00:00   ;    43,0000
12.01.2004 07:00:00   ;    42,0000
13.01.2004 07:00:00   ;    39,0000
14.01.2004 07:00:00   ;    36,0000
15.01.2004 07:00:00   ;    49,0000
16.01.2004 07:00:00   ;    47,0000
17.01.2004 07:00:00   ;    38,0000
18.01.2004 07:00:00   ;    58,0000
19.01.2004 07:00:00   ;    67,0000
20.01.2004 07:00:00   ;    66,0000
21.01.2004 07:00:00   ;    64,0000
22.01.2004 07:00:00   ;    64,0000
23.01.2004 07:00:00   ;    64,0000
24.01.2004 07:00:00   ;    63,0000
25.01.2004 07:00:00   ;    63,0000
26.01.2004 07:00:00   ;    62,0000
27.01.2004 07:00:00   ;    62,0000
28.01.2004 07:00:00   ;    73,0000
29.01.2004 07:00:00   ;    71,0000
30.01.2004 07:00:00   ;    70,0000
31.01.2004 07:00:00   ;    70,0000
01.02.2004 07:00:00   ;    69,0000
02.02.2004 07:00:00   ;    67,0000
03.02.2004 07:00:00   ;    65,0000
04.02.2004 07:00:00   ;    62,0000
05.02.2004 07:00:00   ;    60,0000
06.02.2004 07:00:00   ;    59,0000
07.02.2004 07:00:00   ;    58,0000
08.02.2004 07:00:00   ;    57,0000
09.02.2004 07:00:00   ;    56,0000
10.02.2004 07:00:00   ;    56,0000
11.02.2004 07:00:00   ;    56,0000
12.02.2004 07:00:00   ;    56,0000
13.02.2004 07:00:00   ;    56,0000
14.02.2004 07:00:00   ;    56,0000
15.02.2004 07:00:00   ;    56,0000
16.02.2004 07:00:00   ;    56,0000
17.02.2004 07:00:00   ;    56,0000
18.02.2004 07:00:00   ;    56,0000
19.02.2004 07:00:00   ;    66,0000
20.02.2004 07:00:00   ;    66,0000
21.02.2004 07:00:00   ;    78,0000
22.02.2004 07:00:00   ;    74,0000
23.02.2004 07:00:00   ;    61,0000
24.02.2004 07:00:00   ;    90,0000
25.02.2004 07:00:00   ;    90,0000
26.02.2004 07:00:00   ;    84,0000
27.02.2004 07:00:00   ;   106,0000
28.02.2004 07:00:00   ;   112,0000
29.02.2004 07:00:00   ;   130,0000
01.03.2004 07:00:00   ;   121,0000
02.03.2004 07:00:00   ;   116,0000
03.03.2004 07:00:00   ;   111,0000
04.03.2004 07:00:00   ;   107,0000
05.03.2004 07:00:00   ;   106,0000
06.03.2004 07:00:00   ;   104,0000
07.03.2004 07:00:00   ;   104,0000
08.03.2004 07:00:00   ;   145,0000
09.03.2004 07:00:00   ;   142,0000
10.03.2004 07:00:00   ;   132,0000
11.03.2004 07:00:00   ;   128,0000
12.03.2004 07:00:00   ;   124,0000
13.03.2004 07:00:00   ;   121,0000
14.03.2004 07:00:00   ;   114,0000
15.03.2004 07:00:00   ;   103,0000
16.03.2004 07:00:00   ;    98,0000
17.03.2004 07:00:00   ;    94,0000
18.03.2004 07:00:00   ;    92,0000
19.03.2004 07:00:00   ;    88,0000
20.03.2004 07:00:00   ;    82,0000
21.03.2004 07:00:00   ;    72,0000
22.03.2004 07:00:00   ;    67,0000
23.03.2004 07:00:00   ;    86,0000
24.03.2004 07:00:00   ;   106,0000
25.03.2004 07:00:00   ;   114,0000
26.03.2004 07:00:00   ;   106,0000
27.03.2004 07:00:00   ;   110,0000
28.03.2004 07:00:00   ;   108,0000
29.03.2004 07:00:00   ;   103,0000
30.03.2004 07:00:00   ;   100,0000
31.03.2004 07:00:00   ;    96,0000
01.04.2004 07:00:00   ;    89,0000
02.04.2004 07:00:00   ;    82,0000
03.04.2004 07:00:00   ;    75,0000
04.04.2004 07:00:00   ;    70,0000
05.04.2004 07:00:00   ;    68,0000
06.04.2004 07:00:00   ;    66,0000
07.04.2004 07:00:00   ;    90,0000
08.04.2004 07:00:00   ;    80,0000
09.04.2004 07:00:00   ;    75,0000
10.04.2004 07:00:00   ;    87,0000
11.04.2004 07:00:00   ;    81,0000
12.04.2004 07:00:00   ;    73,0000
13.04.2004 07:00:00   ;    78,0000
14.04.2004 07:00:00   ;    71,0000
15.04.2004 07:00:00   ;    66,0000
16.04.2004 07:00:00   ;    63,0000
17.04.2004 07:00:00   ;    58,0000
18.04.2004 07:00:00   ;    53,0000
19.04.2004 07:00:00   ;    47,0000
20.04.2004 07:00:00   ;    42,0000
21.04.2004 07:00:00   ;    38,0000
22.04.2004 07:00:00   ;    32,0000
23.04.2004 07:00:00   ;    24,0000
24.04.2004 07:00:00   ;    14,0000
25.04.2004 07:00:00   ;     6,0000
26.04.2004 07:00:00   ;     0,0000
27.04.2004 07:00:00   ;     0,0000
28.04.2004 07:00:00   ;     0,0000
29.04.2004 07:00:00   ;     0,0000
30.04.2004 07:00:00   ;     0,0000
01.05.2004 07:00:00   ;     0,0000
02.05.2004 07:00:00   ;     0,0000
03.05.2004 07:00:00   ;     0,0000
04.05.2004 07:00:00   ;     0,0000
05.05.2004 07:00:00   ;     0,0000
06.05.2004 07:00:00   ;     0,0000
07.05.2004 07:00:00   ;     0,0000
08.05.2004 07:00:00   ;     0,0000
09.05.2004 07:00:00   ;     0,0000
10.05.2004 07:00:00   ;     0,0000
11.05.2004 07:00:00   ;     0,0000
12.05.2004 07:00:00   ;     0,0000
13.05.2004 07:00:00   ;     0,0000
14.05.2004 07:00:00   ;     0,0000
15.05.2004 07:00:00   ;     0,0000
16.05.2004 07:00:00   ;     0,0000
17.05.2004 07:00:00   ;     0,0000
18.05.2004 07:00:00   ;     0,0000
19.05.2004 07:00:00   ;     0,0000
20.05.2004 07:00:00   ;     0,0000
21.05.2004 07:00:00   ;     0,0000
22.05.2004 07:00:00   ;     0,0000
23.05.2004 07:00:00   ;     0,0000
24.05.2004 07:00:00   ;     0,0000
25.05.2004 07:00:00   ;     0,0000
26.05.2004 07:00:00   ;     0,0000
27.05.2004 07:00:00   ;     0,0000
28.05.2004 07:00:00   ;     0,0000
29.05.2004 07:00:00   ;     0,0000
30.05.2004 07:00:00   ;     0,0000
31.05.2004 07:00:00   ;     0,0000
01.06.2004 07:00:00   ;     0,0000
02.06.2004 07:00:00   ;     0,0000
03.06.2004 07:00:00   ;     0,0000
04.06.2004 07:00:00   ;     0,0000
05.06.2004 07:00:00   ;     0,0000
06.06.2004 07:00:00   ;     0,0000
07.06.2004 07:00:00   ;     0,0000
08.06.2004 07:00:00   ;     0,0000
09.06.2004 07:00:00   ;     0,0000
10.06.2004 07:00:00   ;     0,0000
11.06.2004 07:00:00   ;     0,0000
12.06.2004 07:00:00   ;     0,0000
13.06.2004 07:00:00   ;     0,0000
14.06.2004 07:00:00   ;     0,0000
15.06.2004 07:00:00   ;     0,0000
16.06.2004 07:00:00   ;     0,0000
17.06.2004 07:00:00   ;     0,0000
18.06.2004 07:00:00   ;     0,0000
19.06.2004 07:00:00   ;     0,0000
20.06.2004 07:00:00   ;     0,0000
21.06.2004 07:00:00   ;     0,0000
22.06.2004 07:00:00   ;     0,0000
23.06.2004 07:00:00   ;     0,0000
24.06.2004 07:00:00   ;     0,0000
25.06.2004 07:00:00   ;     0,0000
26.06.2004 07:00:00   ;     0,0000
27.06.2004 07:00:00   ;     0,0000
28.06.2004 07:00:00   ;     0,0000
29.06.2004 07:00:00   ;     0,0000
30.06.2004 07:00:00   ;     0,0000
01.07.2004 07:00:00   ;     0,0000
02.07.2004 07:00:00   ;     0,0000
03.07.2004 07:00:00   ;     0,0000
04.07.2004 07:00:00   ;     0,0000
05.07.2004 07:00:00   ;     0,0000
06.07.2004 07:00:00   ;     0,0000
07.07.2004 07:00:00   ;     0,0000
08.07.2004 07:00:00   ;     0,0000
09.07.2004 07:00:00   ;     0,0000
10.07.2004 07:00:00   ;     0,0000
11.07.2004 07:00:00   ;     0,0000
12.07.2004 07:00:00   ;     0,0000
13.07.2004 07:00:00   ;     0,0000
14.07.2004 07:00:00   ;     0,0000
15.07.2004 07:00:00   ;     0,0000
16.07.2004 07:00:00   ;     0,0000
17.07.2004 07:00:00   ;     0,0000
18.07.2004 07:00:00   ;     0,0000
19.07.2004 07:00:00   ;     0,0000
20.07.2004 07:00:00   ;     0,0000
21.07.2004 07:00:00   ;     0,0000
22.07.2004 07:00:00   ;     0,0000
23.07.2004 07:00:00   ;     0,0000
24.07.2004 07:00:00   ;     0,0000
25.07.2004 07:00:00   ;     0,0000
26.07.2004 07:00:00   ;     0,0000
27.07.2004 07:00:00   ;     0,0000
28.07.2004 07:00:00   ;     0,0000
29.07.2004 07:00:00   ;     0,0000
30.07.2004 07:00:00   ;     0,0000
31.07.2004 07:00:00   ;     0,0000
01.08.2004 07:00:00   ;     0,0000
02.08.2004 07:00:00   ;     0,0000
03.08.2004 07:00:00   ;     0,0000
04.08.2004 07:00:00   ;     0,0000
05.08.2004 07:00:00   ;     0,0000
06.08.2004 07:00:00   ;     0,0000
07.08.2004 07:00:00   ;     0,0000
08.08.2004 07:00:00   ;     0,0000
09.08.2004 07:00:00   ;     0,0000
10.08.2004 07:00:00   ;     0,0000
11.08.2004 07:00:00   ;     0,0000
12.08.2004 07:00:00   ;     0,0000
13.08.2004 07:00:00   ;     0,0000
14.08.2004 07:00:00   ;     0,0000
15.08.2004 07:00:00   ;     0,0000
16.08.2004 07:00:00   ;     0,0000
17.08.2004 07:00:00   ;     0,0000
18.08.2004 07:00:00   ;     0,0000
19.08.2004 07:00:00   ;     0,0000
20.08.2004 07:00:00   ;     0,0000
21.08.2004 07:00:00   ;     0,0000
22.08.2004 07:00:00   ;     0,0000
23.08.2004 07:00:00   ;     0,0000
24.08.2004 07:00:00   ;     0,0000
25.08.2004 07:00:00   ;     0,0000
26.08.2004 07:00:00   ;     0,0000
27.08.2004 07:00:00   ;     0,0000
28.08.2004 07:00:00   ;     0,0000
29.08.2004 07:00:00   ;     0,0000
30.08.2004 07:00:00   ;     0,0000
31.08.2004 07:00:00   ;     0,0000
01.09.2004 07:00:00   ;     0,0000
02.09.2004 07:00:00   ;     0,0000
03.09.2004 07:00:00   ;     0,0000
04.09.2004 07:00:00   ;     0,0000
05.09.2004 07:00:00   ;     0,0000
06.09.2004 07:00:00   ;     0,0000
07.09.2004 07:00:00   ;     0,0000
08.09.2004 07:00:00   ;     0,0000
09.09.2004 07:00:00   ;     0,0000
10.09.2004 07:00:00   ;     0,0000
11.09.2004 07:00:00   ;     0,0000
12.09.2004 07:00:00   ;     0,0000
13.09.2004 07:00:00   ;     0,0000
14.09.2004 07:00:00   ;     0,0000
15.09.2004 07:00:00   ;     0,0000
16.09.2004 07:00:00   ;     0,0000
17.09.2004 07:00:00   ;     0,0000
18.09.2004 07:00:00   ;     0,0000
19.09.2004 07:00:00   ;     0,0000
20.09.2004 07:00:00   ;     0,0000
21.09.2004 07:00:00   ;     0,0000
22.09.2004 07:00:00   ;     0,0000
23.09.2004 07:00:00   ;     0,0000
24.09.2004 07:00:00   ;     0,0000
25.09.2004 07:00:00   ;     0,0000
26.09.2004 07:00:00   ;     0,0000
27.09.2004 07:00:00   ;     0,0000
28.09.2004 07:00:00   ;     0,0000
29.09.2004 07:00:00   ;     0,0000
30.09.2004 07:00:00   ;     0,0000
01.10.2004 07:00:00   ;     0,0000
02.10.2004 07:00:00   ;     0,0000
03.10.2004 07:00:00   ;     0,0000
04.10.2004 07:00:00   ;     0,0000
05.10.2004 07:00:00   ;     0,0000
06.10.2004 07:00:00   ;     0,0000
07.10.2004 07:00:00   ;     0,0000
08.10.2004 07:00:00   ;     0,0000
09.10.2004 07:00:00   ;     0,0000
10.10.2004 07:00:00   ;     0,0000
11.10.2004 07:00:00   ;     0,0000
12.10.2004 07:00:00   ;     0,0000
13.10.2004 07:00:00   ;     0,0000
14.10.2004 07:00:00   ;     0,0000
15.10.2004 07:00:00   ;     0,0000
16.10.2004 07:00:00   ;     0,0000
17.10.2004 07:00:00   ;     0,0000
18.10.2004 07:00:00   ;     0,0000
19.10.2004 07:00:00   ;     0,0000
20.10.2004 07:00:00   ;     0,0000
21.10.2004 07:00:00   ;     0,0000
22.10.2004 07:00:00   ;     0,0000
23.10.2004 07:00:00   ;     0,0000
24.10.2004 07:00:00   ;     0,0000
25.10.2004 07:00:00   ;     0,0000
26.10.2004 07:00:00   ;     0,0000
27.10.2004 07:00:00   ;     0,0000
28.10.2004 07:00:00   ;     0,0000
29.10.2004 07:00:00   ;     0,0000
30.10.2004 07:00:00   ;     0,0000
31.10.2004 07:00:00   ;     0,0000
01.11.2004 07:00:00   ;     0,0000
02.11.2004 07:00:00   ;     0,0000
03.11.2004 07:00:00   ;     0,0000
04.11.2004 07:00:00   ;     0,0000
05.11.2004 07:00:00   ;     0,0000
06.11.2004 07:00:00   ;     0,0000
07.11.2004 07:00:00   ;     0,0000
08.11.2004 07:00:00   ;     0,0000
09.11.2004 07:00:00   ;     2,0000
10.11.2004 07:00:00   ;    10,0000
11.11.2004 07:00:00   ;    46,0000
12.11.2004 07:00:00   ;    33,0000
13.11.2004 07:00:00   ;    26,0000
14.11.2004 07:00:00   ;    22,0000
15.11.2004 07:00:00   ;    19,0000
16.11.2004 07:00:00   ;    18,0000
17.11.2004 07:00:00   ;    17,0000
18.11.2004 07:00:00   ;    17,0000
19.11.2004 07:00:00   ;    16,0000
20.11.2004 07:00:00   ;    14,0000
21.11.2004 07:00:00   ;    13,0000
22.11.2004 07:00:00   ;    13,0000
23.11.2004 07:00:00   ;    12,0000
24.11.2004 07:00:00   ;    12,0000
25.11.2004 07:00:00   ;    12,0000
26.11.2004 07:00:00   ;    11,0000
27.11.2004 07:00:00   ;    10,0000
28.11.2004 07:00:00   ;    10,0000
29.11.2004 07:00:00   ;     9,0000
30.11.2004 07:00:00   ;     7,0000
01.12.2004 07:00:00   ;    13,0000
02.12.2004 07:00:00   ;    13,0000
03.12.2004 07:00:00   ;    10,0000
04.12.2004 07:00:00   ;    10,0000
05.12.2004 07:00:00   ;    10,0000
06.12.2004 07:00:00   ;     9,0000
07.12.2004 07:00:00   ;     9,0000
08.12.2004 07:00:00   ;     9,0000
09.12.2004 07:00:00   ;     9,0000
10.12.2004 07:00:00   ;     9,0000
11.12.2004 07:00:00   ;     8,0000
12.12.2004 07:00:00   ;     8,0000
13.12.2004 07:00:00   ;     8,0000
14.12.2004 07:00:00   ;     8,0000
15.12.2004 07:00:00   ;     8,0000
16.12.2004 07:00:00   ;     8,0000
17.12.2004 07:00:00   ;     7,0000
18.12.2004 07:00:00   ;     7,0000
19.12.2004 07:00:00   ;     7,0000
20.12.2004 07:00:00   ;     7,0000
21.12.2004 07:00:00   ;     7,0000
22.12.2004 07:00:00   ;     7,0000
23.12.2004 07:00:00   ;     7,0000
24.12.2004 07:00:00   ;     7,0000
25.12.2004 07:00:00   ;     7,0000
26.12.2004 07:00:00   ;     4,0000
27.12.2004 07:00:00   ;    11,0000
28.12.2004 07:00:00   ;    30,0000
29.12.2004 07:00:00   ;    30,0000
30.12.2004 07:00:00   ;    29,0000
31.12.2004 07:00:00   ;    29,0000
01.01.2005 07:00:00   ;    29,0000
02.01.2005 07:00:00   ;    29,0000
03.01.2005 07:00:00   ;    29,0000
04.01.2005 07:00:00   ;    29,0000
05.01.2005 07:00:00   ;    29,0000
06.01.2005 07:00:00   ;    29,0000
07.01.2005 07:00:00   ;    29,0000
08.01.2005 07:00:00   ;    29,0000
09.01.2005 07:00:00   ;    29,0000
10.01.2005 07:00:00   ;    29,0000
11.01.2005 07:00:00   ;    29,0000
12.01.2005 07:00:00   ;    29,0000
13.01.2005 07:00:00   ;    29,0000
14.01.2005 07:00:00   ;    29,0000
15.01.2005 07:00:00   ;    29,0000
16.01.2005 07:00:00   ;    29,0000
17.01.2005 07:00:00   ;    29,0000
18.01.2005 07:00:00   ;    29,0000
19.01.2005 07:00:00   ;    34,0000
20.01.2005 07:00:00   ;    33,0000
21.01.2005 07:00:00   ;    33,0000
22.01.2005 07:00:00   ;    36,0000
23.01.2005 07:00:00   ;    36,0000
24.01.2005 07:00:00   ;    36,0000
25.01.2005 07:00:00   ;    36,0000
26.01.2005 07:00:00   ;    36,0000
27.01.2005 07:00:00   ;    39,0000
28.01.2005 07:00:00   ;    39,0000
29.01.2005 07:00:00   ;    40,0000
30.01.2005 07:00:00   ;    40,0000
31.01.2005 07:00:00   ;    40,0000
01.02.2005 07:00:00   ;    40,0000
02.02.2005 07:00:00   ;    39,0000
03.02.2005 07:00:00   ;    39,0000
04.02.2005 07:00:00   ;    40,0000
05.02.2005 07:00:00   ;    43,0000
06.02.2005 07:00:00   ;    42,0000
07.02.2005 07:00:00   ;    42,0000
08.02.2005 07:00:00   ;    41,0000
09.02.2005 07:00:00   ;    41,0000
10.02.2005 07:00:00   ;    41,0000
11.02.2005 07:00:00   ;    40,0000
12.02.2005 07:00:00   ;    40,0000
13.02.2005 07:00:00   ;    44,0000
14.02.2005 07:00:00   ;    43,0000
15.02.2005 07:00:00   ;    43,0000
16.02.2005 07:00:00   ;    43,0000
17.02.2005 07:00:00   ;    42,0000
18.02.2005 07:00:00   ;    42,0000
19.02.2005 07:00:00   ;    42,0000
20.02.2005 07:00:00   ;    42,0000
21.02.2005 07:00:00   ;    57,0000
22.02.2005 07:00:00   ;    73,0000
23.02.2005 07:00:00   ;    71,0000
24.02.2005 07:00:00   ;    77,0000
25.02.2005 07:00:00   ;    78,0000
26.02.2005 07:00:00   ;    75,0000
27.02.2005 07:00:00   ;    81,0000
28.02.2005 07:00:00   ;    78,0000
01.03.2005 07:00:00   ;    76,0000
02.03.2005 07:00:00   ;    73,0000
03.03.2005 07:00:00   ;    71,0000
04.03.2005 07:00:00   ;    94,0000
05.03.2005 07:00:00   ;    88,0000
06.03.2005 07:00:00   ;    84,0000
07.03.2005 07:00:00   ;    81,0000
08.03.2005 07:00:00   ;    79,0000
09.03.2005 07:00:00   ;    76,0000
10.03.2005 07:00:00   ;    73,0000
11.03.2005 07:00:00   ;    71,0000
12.03.2005 07:00:00   ;    69,0000
13.03.2005 07:00:00   ;    74,0000
14.03.2005 07:00:00   ;    69,0000
15.03.2005 07:00:00   ;    67,0000
16.03.2005 07:00:00   ;    63,0000
17.03.2005 07:00:00   ;    60,0000
18.03.2005 07:00:00   ;    56,0000
19.03.2005 07:00:00   ;    47,0000
20.03.2005 07:00:00   ;    41,0000
21.03.2005 07:00:00   ;    39,0000
22.03.2005 07:00:00   ;    37,0000
23.03.2005 07:00:00   ;    36,0000
24.03.2005 07:00:00   ;    29,0000
25.03.2005 07:00:00   ;    25,0000
26.03.2005 07:00:00   ;    21,0000
27.03.2005 07:00:00   ;    18,0000
28.03.2005 07:00:00   ;    14,0000
29.03.2005 07:00:00   ;    10,0000
30.03.2005 07:00:00   ;     5,0000
31.03.2005 07:00:00   ;     0,0000
01.04.2005 07:00:00   ;     0,0000
02.04.2005 07:00:00   ;     0,0000
03.04.2005 07:00:00   ;     0,0000
04.04.2005 07:00:00   ;     0,0000
05.04.2005 07:00:00   ;     0,0000
06.04.2005 07:00:00   ;     0,0000
07.04.2005 07:00:00   ;     0,0000
08.04.2005 07:00:00   ;     0,0000
09.04.2005 07:00:00   ;     0,0000
10.04.2005 07:00:00   ;     4,0000
11.04.2005 07:00:00   ;    34,0000
12.04.2005 07:00:00   ;    26,0000
13.04.2005 07:00:00   ;    16,0000
14.04.2005 07:00:00   ;    10,0000
15.04.2005 07:00:00   ;     6,0000
16.04.2005 07:00:00   ;     0,0000
17.04.2005 07:00:00   ;     0,0000
18.04.2005 07:00:00   ;     0,0000
19.04.2005 07:00:00   ;     0,0000
20.04.2005 07:00:00   ;     0,0000
21.04.2005 07:00:00   ;     0,0000
22.04.2005 07:00:00   ;     0,0000
23.04.2005 07:00:00   ;     0,0000
24.04.2005 07:00:00   ;     0,0000
25.04.2005 07:00:00   ;     0,0000
26.04.2005 07:00:00   ;     0,0000
27.04.2005 07:00:00   ;     0,0000
28.04.2005 07:00:00   ;     0,0000
29.04.2005 07:00:00   ;     0,0000
30.04.2005 07:00:00   ;     0,0000
01.05.2005 07:00:00   ;     0,0000
02.05.2005 07:00:00   ;     0,0000
03.05.2005 07:00:00   ;     0,0000
04.05.2005 07:00:00   ;     0,0000
05.05.2005 07:00:00   ;     0,0000
06.05.2005 07:00:00   ;     0,0000
07.05.2005 07:00:00   ;     0,0000
08.05.2005 07:00:00   ;     1,0000
09.05.2005 07:00:00   ;     0,0000
10.05.2005 07:00:00   ;     0,0000
11.05.2005 07:00:00   ;     0,0000
12.05.2005 07:00:00   ;     0,0000
13.05.2005 07:00:00   ;     0,0000
14.05.2005 07:00:00   ;     0,0000
15.05.2005 07:00:00   ;     0,0000
16.05.2005 07:00:00   ;     0,0000
17.05.2005 07:00:00   ;     0,0000
18.05.2005 07:00:00   ;     0,0000
19.05.2005 07:00:00   ;     0,0000
20.05.2005 07:00:00   ;     0,0000
21.05.2005 07:00:00   ;     0,0000
22.05.2005 07:00:00   ;     0,0000
23.05.2005 07:00:00   ;     0,0000
24.05.2005 07:00:00   ;     0,0000
25.05.2005 07:00:00   ;     0,0000
26.05.2005 07:00:00   ;     0,0000
27.05.2005 07:00:00   ;     0,0000
28.05.2005 07:00:00   ;     0,0000
29.05.2005 07:00:00   ;     0,0000
30.05.2005 07:00:00   ;     0,0000
31.05.2005 07:00:00   ;     0,0000
01.06.2005 07:00:00   ;     0,0000
02.06.2005 07:00:00   ;     0,0000
03.06.2005 07:00:00   ;     0,0000
04.06.2005 07:00:00   ;     0,0000
05.06.2005 07:00:00   ;     0,0000
06.06.2005 07:00:00   ;     0,0000
07.06.2005 07:00:00   ;     0,0000
08.06.2005 07:00:00   ;     0,0000
09.06.2005 07:00:00   ;     0,0000
10.06.2005 07:00:00   ;     0,0000
11.06.2005 07:00:00   ;     0,0000
12.06.2005 07:00:00   ;     0,0000
13.06.2005 07:00:00   ;     0,0000
14.06.2005 07:00:00   ;     0,0000
15.06.2005 07:00:00   ;     0,0000
16.06.2005 07:00:00   ;     0,0000
17.06.2005 07:00:00   ;     0,0000
18.06.2005 07:00:00   ;     0,0000
19.06.2005 07:00:00   ;     0,0000
20.06.2005 07:00:00   ;     0,0000
21.06.2005 07:00:00   ;     0,0000
22.06.2005 07:00:00   ;     0,0000
23.06.2005 07:00:00   ;     0,0000
24.06.2005 07:00:00   ;     0,0000
25.06.2005 07:00:00   ;     0,0000
26.06.2005 07:00:00   ;     0,0000
27.06.2005 07:00:00   ;     0,0000
28.06.2005 07:00:00   ;     0,0000
29.06.2005 07:00:00   ;     0,0000
30.06.2005 07:00:00   ;     0,0000
01.07.2005 07:00:00   ;     0,0000
02.07.2005 07:00:00   ;     0,0000
03.07.2005 07:00:00   ;     0,0000
04.07.2005 07:00:00   ;     0,0000
05.07.2005 07:00:00   ;     0,0000
06.07.2005 07:00:00   ;     0,0000
07.07.2005 07:00:00   ;     0,0000
08.07.2005 07:00:00   ;     0,0000
09.07.2005 07:00:00   ;     0,0000
10.07.2005 07:00:00   ;     0,0000
11.07.2005 07:00:00   ;     0,0000
12.07.2005 07:00:00   ;     0,0000
13.07.2005 07:00:00   ;     0,0000
14.07.2005 07:00:00   ;     0,0000
15.07.2005 07:00:00   ;     0,0000
16.07.2005 07:00:00   ;     0,0000
17.07.2005 07:00:00   ;     0,0000
18.07.2005 07:00:00   ;     0,0000
19.07.2005 07:00:00   ;     0,0000
20.07.2005 07:00:00   ;     0,0000
21.07.2005 07:00:00   ;     0,0000
22.07.2005 07:00:00   ;     0,0000
23.07.2005 07:00:00   ;     0,0000
24.07.2005 07:00:00   ;     0,0000
25.07.2005 07:00:00   ;     0,0000
26.07.2005 07:00:00   ;     0,0000
27.07.2005 07:00:00   ;     0,0000
28.07.2005 07:00:00   ;     0,0000
29.07.2005 07:00:00   ;     0,0000
30.07.2005 07:00:00   ;     0,0000
31.07.2005 07:00:00   ;     0,0000
01.08.2005 07:00:00   ;     0,0000
02.08.2005 07:00:00   ;     0,0000
03.08.2005 07:00:00   ;     0,0000
04.08.2005 07:00:00   ;     0,0000
05.08.2005 07:00:00   ;     0,0000
06.08.2005 07:00:00   ;     0,0000
07.08.2005 07:00:00   ;     0,0000
08.08.2005 07:00:00   ;     0,0000
09.08.2005 07:00:00   ;     0,0000
10.08.2005 07:00:00   ;     0,0000
11.08.2005 07:00:00   ;     0,0000
12.08.2005 07:00:00   ;     0,0000
13.08.2005 07:00:00   ;     0,0000
14.08.2005 07:00:00   ;     0,0000
15.08.2005 07:00:00   ;     0,0000
16.08.2005 07:00:00   ;     0,0000
17.08.2005 07:00:00   ;     0,0000
18.08.2005 07:00:00   ;     0,0000
19.08.2005 07:00:00   ;     0,0000
20.08.2005 07:00:00   ;     0,0000
21.08.2005 07:00:00   ;     0,0000
22.08.2005 07:00:00   ;     0,0000
23.08.2005 07:00:00   ;     0,0000
24.08.2005 07:00:00   ;     0,0000
25.08.2005 07:00:00   ;     0,0000
26.08.2005 07:00:00   ;     0,0000
27.08.2005 07:00:00   ;     0,0000
28.08.2005 07:00:00   ;     0,0000
29.08.2005 07:00:00   ;     0,0000
30.08.2005 07:00:00   ;     0,0000
31.08.2005 07:00:00   ;     0,0000
01.09.2005 07:00:00   ;     0,0000
02.09.2005 07:00:00   ;     0,0000
03.09.2005 07:00:00   ;     0,0000
04.09.2005 07:00:00   ;     0,0000
05.09.2005 07:00:00   ;     0,0000
06.09.2005 07:00:00   ;     0,0000
07.09.2005 07:00:00   ;     0,0000
08.09.2005 07:00:00   ;     0,0000
09.09.2005 07:00:00   ;     0,0000
10.09.2005 07:00:00   ;     0,0000
11.09.2005 07:00:00   ;     0,0000
12.09.2005 07:00:00   ;     0,0000
13.09.2005 07:00:00   ;     0,0000
14.09.2005 07:00:00   ;     0,0000
15.09.2005 07:00:00   ;     0,0000
16.09.2005 07:00:00   ;     0,0000
17.09.2005 07:00:00   ;     0,0000
18.09.2005 07:00:00   ;     0,0000
19.09.2005 07:00:00   ;     0,0000
20.09.2005 07:00:00   ;     0,0000
21.09.2005 07:00:00   ;     0,0000
22.09.2005 07:00:00   ;     0,0000
23.09.2005 07:00:00   ;     0,0000
24.09.2005 07:00:00   ;     0,0000
25.09.2005 07:00:00   ;     0,0000
26.09.2005 07:00:00   ;     0,0000
27.09.2005 07:00:00   ;     0,0000
28.09.2005 07:00:00   ;     0,0000
29.09.2005 07:00:00   ;     0,0000
30.09.2005 07:00:00   ;     0,0000
01.10.2005 07:00:00   ;     0,0000
02.10.2005 07:00:00   ;     0,0000
03.10.2005 07:00:00   ;     0,0000
04.10.2005 07:00:00   ;     0,0000
05.10.2005 07:00:00   ;     0,0000
06.10.2005 07:00:00   ;     0,0000
07.10.2005 07:00:00   ;     0,0000
08.10.2005 07:00:00   ;     0,0000
09.10.2005 07:00:00   ;     0,0000
10.10.2005 07:00:00   ;     0,0000
11.10.2005 07:00:00   ;     0,0000
12.10.2005 07:00:00   ;     0,0000
13.10.2005 07:00:00   ;     0,0000
14.10.2005 07:00:00   ;     0,0000
15.10.2005 07:00:00   ;     0,0000
16.10.2005 07:00:00   ;     0,0000
17.10.2005 07:00:00   ;     0,0000
18.10.2005 07:00:00   ;     0,0000
19.10.2005 07:00:00   ;     0,0000
20.10.2005 07:00:00   ;     0,0000
21.10.2005 07:00:00   ;     0,0000
22.10.2005 07:00:00   ;     0,0000
23.10.2005 07:00:00   ;     0,0000
24.10.2005 07:00:00   ;     0,0000
25.10.2005 07:00:00   ;     0,0000
26.10.2005 07:00:00   ;     0,0000
27.10.2005 07:00:00   ;     0,0000
28.10.2005 07:00:00   ;     0,0000
29.10.2005 07:00:00   ;     0,0000
30.10.2005 07:00:00   ;     0,0000
31.10.2005 07:00:00   ;     0,0000
01.11.2005 07:00:00   ;     0,0000
02.11.2005 07:00:00   ;     0,0000
03.11.2005 07:00:00   ;     0,0000
04.11.2005 07:00:00   ;     0,0000
05.11.2005 07:00:00   ;     0,0000
06.11.2005 07:00:00   ;     0,0000
07.11.2005 07:00:00   ;     0,0000
08.11.2005 07:00:00   ;     0,0000
09.11.2005 07:00:00   ;     0,0000
10.11.2005 07:00:00   ;     0,0000
11.11.2005 07:00:00   ;     0,0000
12.11.2005 07:00:00   ;     0,0000
13.11.2005 07:00:00   ;     0,0000
14.11.2005 07:00:00   ;     0,0000
15.11.2005 07:00:00   ;     0,0000
16.11.2005 07:00:00   ;     0,0000
17.11.2005 07:00:00   ;     0,0000
18.11.2005 07:00:00   ;     0,0000
19.11.2005 07:00:00   ;     0,0000
20.11.2005 07:00:00   ;     0,0000
21.11.2005 07:00:00   ;     0,0000
22.11.2005 07:00:00   ;     0,0000
23.11.2005 07:00:00   ;     3,0000
24.11.2005 07:00:00   ;    12,0000
25.11.2005 07:00:00   ;    14,0000
26.11.2005 07:00:00   ;    38,0000
27.11.2005 07:00:00   ;    88,0000
28.11.2005 07:00:00   ;    75,0000
29.11.2005 07:00:00   ;    74,0000
30.11.2005 07:00:00   ;   100,0000
01.12.2005 07:00:00   ;    92,0000
02.12.2005 07:00:00   ;    88,0000
03.12.2005 07:00:00   ;    70,0000
04.12.2005 07:00:00   ;    63,0000
05.12.2005 07:00:00   ;    65,0000
06.12.2005 07:00:00   ;    75,0000
07.12.2005 07:00:00   ;    85,0000
08.12.2005 07:00:00   ;    77,0000
09.12.2005 07:00:00   ;    76,0000
10.12.2005 07:00:00   ;    75,0000
11.12.2005 07:00:00   ;    75,0000
12.12.2005 07:00:00   ;    74,0000
13.12.2005 07:00:00   ;    79,0000
14.12.2005 07:00:00   ;    77,0000
15.12.2005 07:00:00   ;    76,0000
16.12.2005 07:00:00   ;    75,0000
17.12.2005 07:00:00   ;    78,0000
18.12.2005 07:00:00   ;    77,0000
19.12.2005 07:00:00   ;    77,0000
20.12.2005 07:00:00   ;    77,0000
21.12.2005 07:00:00   ;    77,0000
22.12.2005 07:00:00   ;    77,0000
23.12.2005 07:00:00   ;    77,0000
24.12.2005 07:00:00   ;    76,0000
25.12.2005 07:00:00   ;    76,0000
26.12.2005 07:00:00   ;    76,0000
27.12.2005 07:00:00   ;    92,0000
28.12.2005 07:00:00   ;   102,0000
29.12.2005 07:00:00   ;   140,0000
30.12.2005 07:00:00   ;   135,0000
31.12.2005 07:00:00   ;   125,0000
01.01.2006 07:00:00   ;   124,0000
02.01.2006 07:00:00   ;   166,0000
03.01.2006 07:00:00   ;   157,0000
04.01.2006 07:00:00   ;   150,0000
05.01.2006 07:00:00   ;   147,0000
06.01.2006 07:00:00   ;   150,0000
07.01.2006 07:00:00   ;   148,0000
08.01.2006 07:00:00   ;   146,0000
09.01.2006 07:00:00   ;   143,0000
10.01.2006 07:00:00   ;   139,0000
11.01.2006 07:00:00   ;   138,0000
12.01.2006 07:00:00   ;   137,0000
13.01.2006 07:00:00   ;   136,0000
14.01.2006 07:00:00   ;   135,0000
15.01.2006 07:00:00   ;   135,0000
16.01.2006 07:00:00   ;   134,0000
17.01.2006 07:00:00   ;   133,0000
18.01.2006 07:00:00   ;   131,0000
19.01.2006 07:00:00   ;   130,0000
20.01.2006 07:00:00   ;   129,0000
21.01.2006 07:00:00   ;   128,0000
22.01.2006 07:00:00   ;   127,0000
23.01.2006 07:00:00   ;   126,0000
24.01.2006 07:00:00   ;   124,0000
25.01.2006 07:00:00   ;   123,0000
26.01.2006 07:00:00   ;   123,0000
27.01.2006 07:00:00   ;   125,0000
28.01.2006 07:00:00   ;   124,0000
29.01.2006 07:00:00   ;   123,0000
30.01.2006 07:00:00   ;   122,0000
31.01.2006 07:00:00   ;   121,0000
01.02.2006 07:00:00   ;   121,0000
02.02.2006 07:00:00   ;   120,0000
03.02.2006 07:00:00   ;   120,0000
04.02.2006 07:00:00   ;   119,0000
05.02.2006 07:00:00   ;   119,0000
06.02.2006 07:00:00   ;   119,0000
07.02.2006 07:00:00   ;   118,0000
08.02.2006 07:00:00   ;   118,0000
09.02.2006 07:00:00   ;   118,0000
10.02.2006 07:00:00   ;   120,0000
11.02.2006 07:00:00   ;   120,0000
12.02.2006 07:00:00   ;   119,0000
13.02.2006 07:00:00   ;   119,0000
14.02.2006 07:00:00   ;   118,0000
15.02.2006 07:00:00   ;   116,0000
16.02.2006 07:00:00   ;   113,0000
17.02.2006 07:00:00   ;   110,0000
18.02.2006 07:00:00   ;   114,0000
19.02.2006 07:00:00   ;   109,0000
20.02.2006 07:00:00   ;   101,0000
21.02.2006 07:00:00   ;    95,0000
22.02.2006 07:00:00   ;    91,0000
23.02.2006 07:00:00   ;    92,0000
24.02.2006 07:00:00   ;    93,0000
25.02.2006 07:00:00   ;    99,0000
26.02.2006 07:00:00   ;   107,0000
27.02.2006 07:00:00   ;   119,0000
28.02.2006 07:00:00   ;   118,0000
01.03.2006 07:00:00   ;   115,0000
02.03.2006 07:00:00   ;   113,0000
03.03.2006 07:00:00   ;   118,0000
04.03.2006 07:00:00   ;   112,0000
05.03.2006 07:00:00   ;    96,0000
06.03.2006 07:00:00   ;   151,0000
07.03.2006 07:00:00   ;   144,0000
08.03.2006 07:00:00   ;   140,0000
09.03.2006 07:00:00   ;   136,0000
10.03.2006 07:00:00   ;   132,0000
11.03.2006 07:00:00   ;   150,0000
12.03.2006 07:00:00   ;   155,0000
13.03.2006 07:00:00   ;   152,0000
14.03.2006 07:00:00   ;   150,0000
15.03.2006 07:00:00   ;   150,0000
16.03.2006 07:00:00   ;   146,0000
17.03.2006 07:00:00   ;   142,0000
18.03.2006 07:00:00   ;   140,0000
19.03.2006 07:00:00   ;   138,0000
20.03.2006 07:00:00   ;   136,0000
21.03.2006 07:00:00   ;   133,0000
22.03.2006 07:00:00   ;   128,0000
23.03.2006 07:00:00   ;   120,0000
24.03.2006 07:00:00   ;   116,0000
25.03.2006 07:00:00   ;   113,0000
26.03.2006 07:00:00   ;   109,0000
27.03.2006 07:00:00   ;   106,0000
28.03.2006 07:00:00   ;   103,0000
29.03.2006 07:00:00   ;    96,0000
30.03.2006 07:00:00   ;    92,0000
31.03.2006 07:00:00   ;    88,0000
01.04.2006 07:00:00   ;    85,0000
02.04.2006 07:00:00   ;    80,0000
03.04.2006 07:00:00   ;    76,0000
04.04.2006 07:00:00   ;    74,0000
05.04.2006 07:00:00   ;    71,0000
06.04.2006 07:00:00   ;    70,0000
07.04.2006 07:00:00   ;    88,0000
08.04.2006 07:00:00   ;    78,0000
09.04.2006 07:00:00   ;    70,0000
10.04.2006 07:00:00   ;    65,0000
11.04.2006 07:00:00   ;    54,0000
12.04.2006 07:00:00   ;    52,0000
13.04.2006 07:00:00   ;    48,0000
14.04.2006 07:00:00   ;    46,0000
15.04.2006 07:00:00   ;    42,0000
16.04.2006 07:00:00   ;    36,0000
17.04.2006 07:00:00   ;    30,0000
18.04.2006 07:00:00   ;    25,0000
19.04.2006 07:00:00   ;    23,0000
20.04.2006 07:00:00   ;    18,0000
21.04.2006 07:00:00   ;    14,0000
22.04.2006 07:00:00   ;     8,0000
23.04.2006 07:00:00   ;     0,0000
24.04.2006 07:00:00   ;     0,0000
25.04.2006 07:00:00   ;     0,0000
26.04.2006 07:00:00   ;     0,0000
27.04.2006 07:00:00   ;     0,0000
28.04.2006 07:00:00   ;     0,0000
29.04.2006 07:00:00   ;     0,0000
30.04.2006 07:00:00   ;     5,0000
01.05.2006 07:00:00   ;     5,0000
02.05.2006 07:00:00   ;     0,0000
03.05.2006 07:00:00   ;     0,0000
04.05.2006 07:00:00   ;     0,0000
05.05.2006 07:00:00   ;     0,0000
06.05.2006 07:00:00   ;     0,0000
07.05.2006 07:00:00   ;     0,0000
08.05.2006 07:00:00   ;     0,0000
09.05.2006 07:00:00   ;     0,0000
10.05.2006 07:00:00   ;     0,0000
11.05.2006 07:00:00   ;     0,0000
12.05.2006 07:00:00   ;     0,0000
13.05.2006 07:00:00   ;     0,0000
14.05.2006 07:00:00   ;     0,0000
15.05.2006 07:00:00   ;     0,0000
16.05.2006 07:00:00   ;     0,0000
17.05.2006 07:00:00   ;     0,0000
18.05.2006 07:00:00   ;     0,0000
19.05.2006 07:00:00   ;     0,0000
20.05.2006 07:00:00   ;     0,0000
21.05.2006 07:00:00   ;     0,0000
22.05.2006 07:00:00   ;     0,0000
23.05.2006 07:00:00   ;     0,0000
24.05.2006 07:00:00   ;     0,0000
25.05.2006 07:00:00   ;     0,0000
26.05.2006 07:00:00   ;     0,0000
27.05.2006 07:00:00   ;     0,0000
28.05.2006 07:00:00   ;     0,0000
29.05.2006 07:00:00   ;     0,0000
30.05.2006 07:00:00   ;     0,0000
31.05.2006 07:00:00   ;     0,0000
01.06.2006 07:00:00   ;     0,0000
02.06.2006 07:00:00   ;     0,0000
03.06.2006 07:00:00   ;     0,0000
04.06.2006 07:00:00   ;     0,0000
05.06.2006 07:00:00   ;     0,0000
06.06.2006 07:00:00   ;     0,0000
07.06.2006 07:00:00   ;     0,0000
08.06.2006 07:00:00   ;     0,0000
09.06.2006 07:00:00   ;     0,0000
10.06.2006 07:00:00   ;     0,0000
11.06.2006 07:00:00   ;     0,0000
12.06.2006 07:00:00   ;     0,0000
13.06.2006 07:00:00   ;     0,0000
14.06.2006 07:00:00   ;     0,0000
15.06.2006 07:00:00   ;     0,0000
16.06.2006 07:00:00   ;     0,0000
17.06.2006 07:00:00   ;     0,0000
18.06.2006 07:00:00   ;     0,0000
19.06.2006 07:00:00   ;     0,0000
20.06.2006 07:00:00   ;     0,0000
21.06.2006 07:00:00   ;     0,0000
22.06.2006 07:00:00   ;     0,0000
23.06.2006 07:00:00   ;     0,0000
24.06.2006 07:00:00   ;     0,0000
25.06.2006 07:00:00   ;     0,0000
26.06.2006 07:00:00   ;     0,0000
27.06.2006 07:00:00   ;     0,0000
28.06.2006 07:00:00   ;     0,0000
29.06.2006 07:00:00   ;     0,0000
30.06.2006 07:00:00   ;     0,0000
01.07.2006 07:00:00   ;     0,0000
02.07.2006 07:00:00   ;     0,0000
03.07.2006 07:00:00   ;     0,0000
04.07.2006 07:00:00   ;     0,0000
05.07.2006 07:00:00   ;     0,0000
06.07.2006 07:00:00   ;     0,0000
07.07.2006 07:00:00   ;     0,0000
08.07.2006 07:00:00   ;     0,0000
09.07.2006 07:00:00   ;     0,0000
10.07.2006 07:00:00   ;     0,0000
11.07.2006 07:00:00   ;     0,0000
12.07.2006 07:00:00   ;     0,0000
13.07.2006 07:00:00   ;     0,0000
14.07.2006 07:00:00   ;     0,0000
15.07.2006 07:00:00   ;     0,0000
16.07.2006 07:00:00   ;     0,0000
17.07.2006 07:00:00   ;     0,0000
18.07.2006 07:00:00   ;     0,0000
19.07.2006 07:00:00   ;     0,0000
20.07.2006 07:00:00   ;     0,0000
21.07.2006 07:00:00   ;     0,0000
22.07.2006 07:00:00   ;     0,0000
23.07.2006 07:00:00   ;     0,0000
24.07.2006 07:00:00   ;     0,0000
25.07.2006 07:00:00   ;     0,0000
26.07.2006 07:00:00   ;     0,0000
27.07.2006 07:00:00   ;     0,0000
28.07.2006 07:00:00   ;     0,0000
29.07.2006 07:00:00   ;     0,0000
30.07.2006 07:00:00   ;     0,0000
31.07.2006 07:00:00   ;     0,0000
01.08.2006 07:00:00   ;     0,0000
02.08.2006 07:00:00   ;     0,0000
03.08.2006 07:00:00   ;     0,0000
04.08.2006 07:00:00   ;     0,0000
05.08.2006 07:00:00   ;     0,0000
06.08.2006 07:00:00   ;     0,0000
07.08.2006 07:00:00   ;     0,0000
08.08.2006 07:00:00   ;     0,0000
09.08.2006 07:00:00   ;     0,0000
10.08.2006 07:00:00   ;     0,0000
11.08.2006 07:00:00   ;     0,0000
12.08.2006 07:00:00   ;     0,0000
13.08.2006 07:00:00   ;     0,0000
14.08.2006 07:00:00   ;     0,0000
15.08.2006 07:00:00   ;     0,0000
16.08.2006 07:00:00   ;     0,0000
17.08.2006 07:00:00   ;     0,0000
18.08.2006 07:00:00   ;     0,0000
19.08.2006 07:00:00   ;     0,0000
20.08.2006 07:00:00   ;     0,0000
21.08.2006 07:00:00   ;     0,0000
22.08.2006 07:00:00   ;     0,0000
23.08.2006 07:00:00   ;     0,0000
24.08.2006 07:00:00   ;     0,0000
25.08.2006 07:00:00   ;     0,0000
26.08.2006 07:00:00   ;     0,0000
27.08.2006 07:00:00   ;     0,0000
28.08.2006 07:00:00   ;     0,0000
29.08.2006 07:00:00   ;     0,0000
30.08.2006 07:00:00   ;     0,0000
31.08.2006 07:00:00   ;     0,0000
01.09.2006 07:00:00   ;     0,0000
02.09.2006 07:00:00   ;     0,0000
03.09.2006 07:00:00   ;     0,0000
04.09.2006 07:00:00   ;     0,0000
05.09.2006 07:00:00   ;     0,0000
06.09.2006 07:00:00   ;     0,0000
07.09.2006 07:00:00   ;     0,0000
08.09.2006 07:00:00   ;     0,0000
09.09.2006 07:00:00   ;     0,0000
10.09.2006 07:00:00   ;     0,0000
11.09.2006 07:00:00   ;     0,0000
12.09.2006 07:00:00   ;     0,0000
13.09.2006 07:00:00   ;     0,0000
14.09.2006 07:00:00   ;     0,0000
15.09.2006 07:00:00   ;     0,0000
16.09.2006 07:00:00   ;     0,0000
17.09.2006 07:00:00   ;     0,0000
18.09.2006 07:00:00   ;     0,0000
19.09.2006 07:00:00   ;     0,0000
20.09.2006 07:00:00   ;     0,0000
21.09.2006 07:00:00   ;     0,0000
22.09.2006 07:00:00   ;     0,0000
23.09.2006 07:00:00   ;     0,0000
24.09.2006 07:00:00   ;     0,0000
25.09.2006 07:00:00   ;     0,0000
26.09.2006 07:00:00   ;     0,0000
27.09.2006 07:00:00   ;     0,0000
28.09.2006 07:00:00   ;     0,0000
29.09.2006 07:00:00   ;     0,0000
30.09.2006 07:00:00   ;     0,0000
01.10.2006 07:00:00   ;     0,0000
02.10.2006 07:00:00   ;     0,0000
03.10.2006 07:00:00   ;     0,0000
04.10.2006 07:00:00   ;     0,0000
05.10.2006 07:00:00   ;     0,0000
06.10.2006 07:00:00   ;     0,0000
07.10.2006 07:00:00   ;     0,0000
08.10.2006 07:00:00   ;     0,0000
09.10.2006 07:00:00   ;     0,0000
10.10.2006 07:00:00   ;     0,0000
11.10.2006 07:00:00   ;     0,0000
12.10.2006 07:00:00   ;     0,0000
13.10.2006 07:00:00   ;     0,0000
14.10.2006 07:00:00   ;     0,0000
15.10.2006 07:00:00   ;     0,0000
16.10.2006 07:00:00   ;     0,0000
17.10.2006 07:00:00   ;     0,0000
18.10.2006 07:00:00   ;     0,0000
19.10.2006 07:00:00   ;     0,0000
20.10.2006 07:00:00   ;     0,0000
21.10.2006 07:00:00   ;     0,0000
22.10.2006 07:00:00   ;     0,0000
23.10.2006 07:00:00   ;     0,0000
24.10.2006 07:00:00   ;     0,0000
25.10.2006 07:00:00   ;     0,0000
26.10.2006 07:00:00   ;     0,0000
27.10.2006 07:00:00   ;     0,0000
28.10.2006 07:00:00   ;     0,0000
29.10.2006 07:00:00   ;     0,0000
30.10.2006 07:00:00   ;     0,0000
31.10.2006 07:00:00   ;     0,0000
01.11.2006 07:00:00   ;     0,0000
02.11.2006 07:00:00   ;     0,0000
03.11.2006 07:00:00   ;     0,0000
04.11.2006 07:00:00   ;     8,0000
05.11.2006 07:00:00   ;     5,0000
06.11.2006 07:00:00   ;     0,0000
07.11.2006 07:00:00   ;     0,0000
08.11.2006 07:00:00   ;     0,0000
09.11.2006 07:00:00   ;     0,0000
10.11.2006 07:00:00   ;     0,0000
11.11.2006 07:00:00   ;     0,0000
12.11.2006 07:00:00   ;     0,0000
13.11.2006 07:00:00   ;     0,0000
14.11.2006 07:00:00   ;     0,0000
15.11.2006 07:00:00   ;     0,0000
16.11.2006 07:00:00   ;     0,0000
17.11.2006 07:00:00   ;     0,0000
18.11.2006 07:00:00   ;     0,0000
19.11.2006 07:00:00   ;     0,0000
20.11.2006 07:00:00   ;     0,0000
21.11.2006 07:00:00   ;     0,0000
22.11.2006 07:00:00   ;     0,0000
23.11.2006 07:00:00   ;    11,0000
24.11.2006 07:00:00   ;     8,0000
25.11.2006 07:00:00   ;     7,0000
26.11.2006 07:00:00   ;     4,0000
27.11.2006 07:00:00   ;     0,0000
28.11.2006 07:00:00   ;     0,0000
29.11.2006 07:00:00   ;     0,0000
30.11.2006 07:00:00   ;     0,0000
01.12.2006 07:00:00   ;     0,0000
02.12.2006 07:00:00   ;     0,0000
03.12.2006 07:00:00   ;     0,0000
04.12.2006 07:00:00   ;     0,0000
05.12.2006 07:00:00   ;     0,0000
06.12.2006 07:00:00   ;     0,0000
07.12.2006 07:00:00   ;     0,0000
08.12.2006 07:00:00   ;     0,0000
09.12.2006 07:00:00   ;     0,0000
10.12.2006 07:00:00   ;     1,0000
11.12.2006 07:00:00   ;     1,0000
12.12.2006 07:00:00   ;     1,0000
13.12.2006 07:00:00   ;     0,0000
14.12.2006 07:00:00   ;     0,0000
15.12.2006 07:00:00   ;     0,0000
16.12.2006 07:00:00   ;     0,0000
17.12.2006 07:00:00   ;     0,0000
18.12.2006 07:00:00   ;     0,0000
19.12.2006 07:00:00   ;    20,0000
20.12.2006 07:00:00   ;    19,0000
21.12.2006 07:00:00   ;    18,0000
22.12.2006 07:00:00   ;    18,0000
23.12.2006 07:00:00   ;    17,0000
24.12.2006 07:00:00   ;    17,0000
25.12.2006 07:00:00   ;    17,0000
26.12.2006 07:00:00   ;    17,0000
27.12.2006 07:00:00   ;    16,0000
28.12.2006 07:00:00   ;    16,0000
29.12.2006 07:00:00   ;    16,0000
30.12.2006 07:00:00   ;    16,0000
31.12.2006 07:00:00   ;    15,0000
01.01.2007 07:00:00   ;    10,0000
02.01.2007 07:00:00   ;     5,0000
03.01.2007 07:00:00   ;     5,0000
04.01.2007 07:00:00   ;     5,0000
05.01.2007 07:00:00   ;     5,0000
06.01.2007 07:00:00   ;     5,0000
07.01.2007 07:00:00   ;     4,0000
08.01.2007 07:00:00   ;     4,0000
09.01.2007 07:00:00   ;     3,0000
10.01.2007 07:00:00   ;     3,0000
11.01.2007 07:00:00   ;     0,0000
12.01.2007 07:00:00   ;     0,0000
13.01.2007 07:00:00   ;     0,0000
14.01.2007 07:00:00   ;     0,0000
15.01.2007 07:00:00   ;     0,0000
16.01.2007 07:00:00   ;     0,0000
17.01.2007 07:00:00   ;     0,0000
18.01.2007 07:00:00   ;     0,0000
19.01.2007 07:00:00   ;     0,0000
20.01.2007 07:00:00   ;     0,0000
21.01.2007 07:00:00   ;     0,0000
22.01.2007 07:00:00   ;     0,0000
23.01.2007 07:00:00   ;    22,0000
24.01.2007 07:00:00   ;    30,0000
25.01.2007 07:00:00   ;    57,0000
26.01.2007 07:00:00   ;    53,0000
27.01.2007 07:00:00   ;    50,0000
28.01.2007 07:00:00   ;    49,0000
29.01.2007 07:00:00   ;    48,0000
30.01.2007 07:00:00   ;    45,0000
31.01.2007 07:00:00   ;    43,0000
01.02.2007 07:00:00   ;    40,0000
02.02.2007 07:00:00   ;    39,0000
03.02.2007 07:00:00   ;    39,0000
04.02.2007 07:00:00   ;    38,0000
05.02.2007 07:00:00   ;    38,0000
06.02.2007 07:00:00   ;    37,0000
07.02.2007 07:00:00   ;    35,0000
08.02.2007 07:00:00   ;    33,0000
09.02.2007 07:00:00   ;    30,0000
10.02.2007 07:00:00   ;    30,0000
11.02.2007 07:00:00   ;    30,0000
12.02.2007 07:00:00   ;    30,0000
13.02.2007 07:00:00   ;    39,0000
14.02.2007 07:00:00   ;    37,0000
15.02.2007 07:00:00   ;    35,0000
16.02.2007 07:00:00   ;    35,0000
17.02.2007 07:00:00   ;    35,0000
18.02.2007 07:00:00   ;    34,0000
19.02.2007 07:00:00   ;    34,0000
20.02.2007 07:00:00   ;    33,0000
21.02.2007 07:00:00   ;    33,0000
22.02.2007 07:00:00   ;    32,0000
23.02.2007 07:00:00   ;    32,0000
24.02.2007 07:00:00   ;    31,0000
25.02.2007 07:00:00   ;    31,0000
26.02.2007 07:00:00   ;    45,0000
27.02.2007 07:00:00   ;    37,0000
28.02.2007 07:00:00   ;    35,0000
01.03.2007 07:00:00   ;    33,0000
02.03.2007 07:00:00   ;    31,0000
03.03.2007 07:00:00   ;    27,0000
04.03.2007 07:00:00   ;    25,0000
05.03.2007 07:00:00   ;    23,0000
06.03.2007 07:00:00   ;    22,0000
07.03.2007 07:00:00   ;    20,0000
08.03.2007 07:00:00   ;    16,0000
09.03.2007 07:00:00   ;    10,0000
10.03.2007 07:00:00   ;     8,0000
11.03.2007 07:00:00   ;     5,0000
12.03.2007 07:00:00   ;     0,0000
13.03.2007 07:00:00   ;     0,0000
14.03.2007 07:00:00   ;     0,0000
15.03.2007 07:00:00   ;     0,0000
16.03.2007 07:00:00   ;     0,0000
17.03.2007 07:00:00   ;     0,0000
18.03.2007 07:00:00   ;     0,0000
19.03.2007 07:00:00   ;     0,0000
20.03.2007 07:00:00   ;    82,0000
21.03.2007 07:00:00   ;    72,0000
22.03.2007 07:00:00   ;    54,0000
23.03.2007 07:00:00   ;    49,0000
24.03.2007 07:00:00   ;    50,0000
25.03.2007 07:00:00   ;    49,0000
26.03.2007 07:00:00   ;    46,0000
27.03.2007 07:00:00   ;    41,0000
28.03.2007 07:00:00   ;    36,0000
29.03.2007 07:00:00   ;    30,0000
30.03.2007 07:00:00   ;    28,0000
31.03.2007 07:00:00   ;    25,0000
01.04.2007 07:00:00   ;    22,0000
02.04.2007 07:00:00   ;    18,0000
03.04.2007 07:00:00   ;    15,0000
04.04.2007 07:00:00   ;    10,0000
05.04.2007 07:00:00   ;     8,0000
06.04.2007 07:00:00   ;     4,0000
07.04.2007 07:00:00   ;     0,0000
08.04.2007 07:00:00   ;     0,0000
09.04.2007 07:00:00   ;     0,0000
10.04.2007 07:00:00   ;     0,0000
11.04.2007 07:00:00   ;     0,0000
12.04.2007 07:00:00   ;     0,0000
13.04.2007 07:00:00   ;     0,0000
14.04.2007 07:00:00   ;     0,0000
15.04.2007 07:00:00   ;     0,0000
16.04.2007 07:00:00   ;     0,0000
17.04.2007 07:00:00   ;     0,0000
18.04.2007 07:00:00   ;     0,0000
19.04.2007 07:00:00   ;     0,0000
20.04.2007 07:00:00   ;     0,0000
21.04.2007 07:00:00   ;     0,0000
22.04.2007 07:00:00   ;     0,0000
23.04.2007 07:00:00   ;     0,0000
24.04.2007 07:00:00   ;     0,0000
25.04.2007 07:00:00   ;     0,0000
26.04.2007 07:00:00   ;     0,0000
27.04.2007 07:00:00   ;     0,0000
28.04.2007 07:00:00   ;     0,0000
29.04.2007 07:00:00   ;     0,0000
30.04.2007 07:00:00   ;     0,0000
01.05.2007 07:00:00   ;     0,0000
02.05.2007 07:00:00   ;     0,0000
03.05.2007 07:00:00   ;     0,0000
04.05.2007 07:00:00   ;     0,0000
05.05.2007 07:00:00   ;     0,0000
06.05.2007 07:00:00   ;     0,0000
07.05.2007 07:00:00   ;     0,0000
08.05.2007 07:00:00   ;     0,0000
09.05.2007 07:00:00   ;     0,0000
10.05.2007 07:00:00   ;     0,0000
11.05.2007 07:00:00   ;     0,0000
12.05.2007 07:00:00   ;     0,0000
13.05.2007 07:00:00   ;     0,0000
14.05.2007 07:00:00   ;     0,0000
15.05.2007 07:00:00   ;     0,0000
16.05.2007 07:00:00   ;     0,0000
17.05.2007 07:00:00   ;     0,0000
18.05.2007 07:00:00   ;     0,0000
19.05.2007 07:00:00   ;     0,0000
20.05.2007 07:00:00   ;     0,0000
21.05.2007 07:00:00   ;     0,0000
22.05.2007 07:00:00   ;     0,0000
23.05.2007 07:00:00   ;     0,0000
24.05.2007 07:00:00   ;     0,0000
25.05.2007 07:00:00   ;     0,0000
26.05.2007 07:00:00   ;     0,0000
27.05.2007 07:00:00   ;     0,0000
28.05.2007 07:00:00   ;     0,0000
29.05.2007 07:00:00   ;     0,0000
30.05.2007 07:00:00   ;     0,0000
31.05.2007 07:00:00   ;     0,0000
01.06.2007 07:00:00   ;     0,0000
02.06.2007 07:00:00   ;     0,0000
03.06.2007 07:00:00   ;     0,0000
04.06.2007 07:00:00   ;     0,0000
05.06.2007 07:00:00   ;     0,0000
06.06.2007 07:00:00   ;     0,0000
07.06.2007 07:00:00   ;     0,0000
08.06.2007 07:00:00   ;     0,0000
09.06.2007 07:00:00   ;     0,0000
10.06.2007 07:00:00   ;     0,0000
11.06.2007 07:00:00   ;     0,0000
12.06.2007 07:00:00   ;     0,0000
13.06.2007 07:00:00   ;     0,0000
14.06.2007 07:00:00   ;     0,0000
15.06.2007 07:00:00   ;     0,0000
16.06.2007 07:00:00   ;     0,0000
17.06.2007 07:00:00   ;     0,0000
18.06.2007 07:00:00   ;     0,0000
19.06.2007 07:00:00   ;     0,0000
20.06.2007 07:00:00   ;     0,0000
21.06.2007 07:00:00   ;     0,0000
22.06.2007 07:00:00   ;     0,0000
23.06.2007 07:00:00   ;     0,0000
24.06.2007 07:00:00   ;     0,0000
25.06.2007 07:00:00   ;     0,0000
26.06.2007 07:00:00   ;     0,0000
27.06.2007 07:00:00   ;     0,0000
28.06.2007 07:00:00   ;     0,0000
29.06.2007 07:00:00   ;     0,0000
30.06.2007 07:00:00   ;     0,0000
01.07.2007 07:00:00   ;     0,0000
02.07.2007 07:00:00   ;     0,0000
03.07.2007 07:00:00   ;     0,0000
04.07.2007 07:00:00   ;     0,0000
05.07.2007 07:00:00   ;     0,0000
06.07.2007 07:00:00   ;     0,0000
07.07.2007 07:00:00   ;     0,0000
08.07.2007 07:00:00   ;     0,0000
09.07.2007 07:00:00   ;     0,0000
10.07.2007 07:00:00   ;     0,0000
11.07.2007 07:00:00   ;     0,0000
12.07.2007 07:00:00   ;     0,0000
13.07.2007 07:00:00   ;     0,0000
14.07.2007 07:00:00   ;     0,0000
15.07.2007 07:00:00   ;     0,0000
16.07.2007 07:00:00   ;     0,0000
17.07.2007 07:00:00   ;     0,0000
18.07.2007 07:00:00   ;     0,0000
19.07.2007 07:00:00   ;     0,0000
20.07.2007 07:00:00   ;     0,0000
21.07.2007 07:00:00   ;     0,0000
22.07.2007 07:00:00   ;     0,0000
23.07.2007 07:00:00   ;     0,0000
24.07.2007 07:00:00   ;     0,0000
25.07.2007 07:00:00   ;     0,0000
26.07.2007 07:00:00   ;     0,0000
27.07.2007 07:00:00   ;     0,0000
28.07.2007 07:00:00   ;     0,0000
29.07.2007 07:00:00   ;     0,0000
30.07.2007 07:00:00   ;     0,0000
31.07.2007 07:00:00   ;     0,0000
01.08.2007 07:00:00   ;     0,0000
02.08.2007 07:00:00   ;     0,0000
03.08.2007 07:00:00   ;     0,0000
04.08.2007 07:00:00   ;     0,0000
05.08.2007 07:00:00   ;     0,0000
06.08.2007 07:00:00   ;     0,0000
07.08.2007 07:00:00   ;     0,0000
08.08.2007 07:00:00   ;     0,0000
09.08.2007 07:00:00   ;     0,0000
10.08.2007 07:00:00   ;     0,0000
11.08.2007 07:00:00   ;     0,0000
12.08.2007 07:00:00   ;     0,0000
13.08.2007 07:00:00   ;     0,0000
14.08.2007 07:00:00   ;     0,0000
15.08.2007 07:00:00   ;     0,0000
16.08.2007 07:00:00   ;     0,0000
17.08.2007 07:00:00   ;     0,0000
18.08.2007 07:00:00   ;     0,0000
19.08.2007 07:00:00   ;     0,0000
20.08.2007 07:00:00   ;     0,0000
21.08.2007 07:00:00   ;     0,0000
22.08.2007 07:00:00   ;     0,0000
23.08.2007 07:00:00   ;     0,0000
24.08.2007 07:00:00   ;     0,0000
25.08.2007 07:00:00   ;     0,0000
26.08.2007 07:00:00   ;     0,0000
27.08.2007 07:00:00   ;     0,0000
28.08.2007 07:00:00   ;     0,0000
29.08.2007 07:00:00   ;     0,0000
30.08.2007 07:00:00   ;     0,0000
31.08.2007 07:00:00   ;     0,0000
01.09.2007 07:00:00   ;     0,0000
02.09.2007 07:00:00   ;     0,0000
03.09.2007 07:00:00   ;     0,0000
04.09.2007 07:00:00   ;     0,0000
05.09.2007 07:00:00   ;     0,0000
06.09.2007 07:00:00   ;     0,0000
07.09.2007 07:00:00   ;     0,0000
08.09.2007 07:00:00   ;     0,0000
09.09.2007 07:00:00   ;     0,0000
10.09.2007 07:00:00   ;     0,0000
11.09.2007 07:00:00   ;     0,0000
12.09.2007 07:00:00   ;     0,0000
13.09.2007 07:00:00   ;     0,0000
14.09.2007 07:00:00   ;     0,0000
15.09.2007 07:00:00   ;     0,0000
16.09.2007 07:00:00   ;     0,0000
17.09.2007 07:00:00   ;     0,0000
18.09.2007 07:00:00   ;     0,0000
19.09.2007 07:00:00   ;     0,0000
20.09.2007 07:00:00   ;     0,0000
21.09.2007 07:00:00   ;     0,0000
22.09.2007 07:00:00   ;     0,0000
23.09.2007 07:00:00   ;     0,0000
24.09.2007 07:00:00   ;     0,0000
25.09.2007 07:00:00   ;     0,0000
26.09.2007 07:00:00   ;     0,0000
27.09.2007 07:00:00   ;     0,0000
28.09.2007 07:00:00   ;     0,0000
29.09.2007 07:00:00   ;     0,0000
30.09.2007 07:00:00   ;     0,0000
01.10.2007 07:00:00   ;     0,0000
02.10.2007 07:00:00   ;     0,0000
03.10.2007 07:00:00   ;     0,0000
04.10.2007 07:00:00   ;     0,0000
05.10.2007 07:00:00   ;     0,0000
06.10.2007 07:00:00   ;     0,0000
07.10.2007 07:00:00   ;     0,0000
08.10.2007 07:00:00   ;     0,0000
09.10.2007 07:00:00   ;     0,0000
10.10.2007 07:00:00   ;     0,0000
11.10.2007 07:00:00   ;     0,0000
12.10.2007 07:00:00   ;     0,0000
13.10.2007 07:00:00   ;     0,0000
14.10.2007 07:00:00   ;     0,0000
15.10.2007 07:00:00   ;     0,0000
16.10.2007 07:00:00   ;     0,0000
17.10.2007 07:00:00   ;     0,0000
18.10.2007 07:00:00   ;     0,0000
19.10.2007 07:00:00   ;     0,0000
20.10.2007 07:00:00   ;     1,0000
21.10.2007 07:00:00   ;     0,0000
22.10.2007 07:00:00   ;     9,0000
23.10.2007 07:00:00   ;    11,0000
24.10.2007 07:00:00   ;    16,0000
25.10.2007 07:00:00   ;    12,0000
26.10.2007 07:00:00   ;     8,0000
27.10.2007 07:00:00   ;     4,0000
28.10.2007 07:00:00   ;     0,0000
29.10.2007 07:00:00   ;     0,0000
30.10.2007 07:00:00   ;     0,0000
31.10.2007 07:00:00   ;     0,0000
01.11.2007 07:00:00   ;     0,0000
02.11.2007 07:00:00   ;     0,0000
03.11.2007 07:00:00   ;     0,0000
04.11.2007 07:00:00   ;     0,0000
05.11.2007 07:00:00   ;     0,0000
06.11.2007 07:00:00   ;     0,0000
07.11.2007 07:00:00   ;     0,0000
08.11.2007 07:00:00   ;     0,0000
09.11.2007 07:00:00   ;     0,0000
10.11.2007 07:00:00   ;     2,0000
11.11.2007 07:00:00   ;     3,0000
12.11.2007 07:00:00   ;     2,0000
13.11.2007 07:00:00   ;     2,0000
14.11.2007 07:00:00   ;     2,0000
15.11.2007 07:00:00   ;     2,0000
16.11.2007 07:00:00   ;     2,0000
17.11.2007 07:00:00   ;     2,0000
18.11.2007 07:00:00   ;     3,0000
19.11.2007 07:00:00   ;     9,0000
20.11.2007 07:00:00   ;     7,0000
21.11.2007 07:00:00   ;     5,0000
22.11.2007 07:00:00   ;     2,0000
23.11.2007 07:00:00   ;     0,0000
24.11.2007 07:00:00   ;     0,0000
25.11.2007 07:00:00   ;     0,0000
26.11.2007 07:00:00   ;     0,0000
27.11.2007 07:00:00   ;     0,0000
28.11.2007 07:00:00   ;     0,0000
29.11.2007 07:00:00   ;     0,0000
30.11.2007 07:00:00   ;     0,0000
01.12.2007 07:00:00   ;     0,0000
02.12.2007 07:00:00   ;     0,0000
03.12.2007 07:00:00   ;     0,0000
04.12.2007 07:00:00   ;     0,0000
05.12.2007 07:00:00   ;     0,0000
06.12.2007 07:00:00   ;     0,0000
07.12.2007 07:00:00   ;     0,0000
08.12.2007 07:00:00   ;     4,0000
09.12.2007 07:00:00   ;     3,0000
10.12.2007 07:00:00   ;     8,0000
11.12.2007 07:00:00   ;     7,0000
12.12.2007 07:00:00   ;     6,0000
13.12.2007 07:00:00   ;     6,0000
14.12.2007 07:00:00   ;     6,0000
15.12.2007 07:00:00   ;     6,0000
16.12.2007 07:00:00   ;    22,0000
17.12.2007 07:00:00   ;    23,0000
18.12.2007 07:00:00   ;    22,0000
19.12.2007 07:00:00   ;    22,0000
20.12.2007 07:00:00   ;    21,0000
21.12.2007 07:00:00   ;    21,0000
22.12.2007 07:00:00   ;    20,0000
23.12.2007 07:00:00   ;    20,0000
24.12.2007 07:00:00   ;    20,0000
25.12.2007 07:00:00   ;    19,0000
26.12.2007 07:00:00   ;    19,0000
27.12.2007 07:00:00   ;    19,0000
28.12.2007 07:00:00   ;    19,0000
29.12.2007 07:00:00   ;    18,0000
30.12.2007 07:00:00   ;    18,0000
31.12.2007 07:00:00   ;    18,0000
01.01.2008 07:00:00   ;    18,0000
02.01.2008 07:00:00   ;    18,0000
03.01.2008 07:00:00   ;    18,0000
04.01.2008 07:00:00   ;    18,0000
05.01.2008 07:00:00   ;    17,0000
06.01.2008 07:00:00   ;    10,0000
07.01.2008 07:00:00   ;     9,0000
08.01.2008 07:00:00   ;     9,0000
09.01.2008 07:00:00   ;     9,0000
10.01.2008 07:00:00   ;     8,0000
11.01.2008 07:00:00   ;     6,0000
12.01.2008 07:00:00   ;     3,0000
13.01.2008 07:00:00   ;     0,0000
14.01.2008 07:00:00   ;     0,0000
15.01.2008 07:00:00   ;     0,0000
16.01.2008 07:00:00   ;     0,0000
17.01.2008 07:00:00   ;     0,0000
18.01.2008 07:00:00   ;     8,0000
19.01.2008 07:00:00   ;     7,0000
20.01.2008 07:00:00   ;     6,0000
21.01.2008 07:00:00   ;     5,0000
22.01.2008 07:00:00   ;     5,0000
23.01.2008 07:00:00   ;     5,0000
24.01.2008 07:00:00   ;     5,0000
25.01.2008 07:00:00   ;     5,0000
26.01.2008 07:00:00   ;     5,0000
27.01.2008 07:00:00   ;     5,0000
28.01.2008 07:00:00   ;     4,0000
29.01.2008 07:00:00   ;     4,0000
30.01.2008 07:00:00   ;     4,0000
31.01.2008 07:00:00   ;     4,0000
01.02.2008 07:00:00   ;     4,0000
02.02.2008 07:00:00   ;     4,0000
03.02.2008 07:00:00   ;    13,0000
04.02.2008 07:00:00   ;    18,0000
05.02.2008 07:00:00   ;    21,0000
06.02.2008 07:00:00   ;    17,0000
07.02.2008 07:00:00   ;    16,0000
08.02.2008 07:00:00   ;    16,0000
09.02.2008 07:00:00   ;    15,0000
10.02.2008 07:00:00   ;    15,0000
11.02.2008 07:00:00   ;    15,0000
12.02.2008 07:00:00   ;    15,0000
13.02.2008 07:00:00   ;    15,0000
14.02.2008 07:00:00   ;    15,0000
15.02.2008 07:00:00   ;    15,0000
16.02.2008 07:00:00   ;    15,0000
17.02.2008 07:00:00   ;    15,0000
18.02.2008 07:00:00   ;    14,0000
19.02.2008 07:00:00   ;    14,0000
20.02.2008 07:00:00   ;    14,0000
21.02.2008 07:00:00   ;    14,0000
22.02.2008 07:00:00   ;    13,0000
23.02.2008 07:00:00   ;    13,0000
24.02.2008 07:00:00   ;    12,0000
25.02.2008 07:00:00   ;    11,0000
26.02.2008 07:00:00   ;     9,0000
27.02.2008 07:00:00   ;     7,0000
28.02.2008 07:00:00   ;     5,0000
29.02.2008 07:00:00   ;     4,0000
01.03.2008 07:00:00   ;     3,0000
02.03.2008 07:00:00   ;     0,0000
03.03.2008 07:00:00   ;     0,0000
04.03.2008 07:00:00   ;     8,0000
05.03.2008 07:00:00   ;    46,0000
06.03.2008 07:00:00   ;    40,0000
07.03.2008 07:00:00   ;    34,0000
08.03.2008 07:00:00   ;    32,0000
09.03.2008 07:00:00   ;    25,0000
10.03.2008 07:00:00   ;    20,0000
11.03.2008 07:00:00   ;    11,0000
12.03.2008 07:00:00   ;    10,0000
13.03.2008 07:00:00   ;     9,0000
14.03.2008 07:00:00   ;     8,0000
15.03.2008 07:00:00   ;     5,0000
16.03.2008 07:00:00   ;     2,0000
17.03.2008 07:00:00   ;     0,0000
18.03.2008 07:00:00   ;     4,0000
19.03.2008 07:00:00   ;     2,0000
20.03.2008 07:00:00   ;     0,0000
21.03.2008 07:00:00   ;     0,0000
22.03.2008 07:00:00   ;    24,0000
23.03.2008 07:00:00   ;    17,0000
24.03.2008 07:00:00   ;    43,0000
25.03.2008 07:00:00   ;    55,0000
26.03.2008 07:00:00   ;    45,0000
27.03.2008 07:00:00   ;    40,0000
28.03.2008 07:00:00   ;    54,0000
29.03.2008 07:00:00   ;    40,0000
30.03.2008 07:00:00   ;    34,0000
31.03.2008 07:00:00   ;    30,0000
01.04.2008 07:00:00   ;    25,0000
02.04.2008 07:00:00   ;    22,0000
03.04.2008 07:00:00   ;    18,0000
04.04.2008 07:00:00   ;    15,0000
05.04.2008 07:00:00   ;    13,0000
06.04.2008 07:00:00   ;    10,0000
07.04.2008 07:00:00   ;     5,0000
08.04.2008 07:00:00   ;     2,0000
09.04.2008 07:00:00   ;     0,0000
10.04.2008 07:00:00   ;     0,0000
11.04.2008 07:00:00   ;     0,0000
12.04.2008 07:00:00   ;     0,0000
13.04.2008 07:00:00   ;     0,0000
14.04.2008 07:00:00   ;     0,0000
15.04.2008 07:00:00   ;     0,0000
16.04.2008 07:00:00   ;     0,0000
17.04.2008 07:00:00   ;     7,0000
18.04.2008 07:00:00   ;     3,0000
19.04.2008 07:00:00   ;     0,0000
20.04.2008 07:00:00   ;     0,0000
21.04.2008 07:00:00   ;     0,0000
22.04.2008 07:00:00   ;     0,0000
23.04.2008 07:00:00   ;     0,0000
24.04.2008 07:00:00   ;     0,0000
25.04.2008 07:00:00   ;     0,0000
26.04.2008 07:00:00   ;     0,0000
27.04.2008 07:00:00   ;     0,0000
28.04.2008 07:00:00   ;     0,0000
29.04.2008 07:00:00   ;     0,0000
30.04.2008 07:00:00   ;     0,0000
01.05.2008 07:00:00   ;     0,0000
02.05.2008 07:00:00   ;     0,0000
03.05.2008 07:00:00   ;     0,0000
04.05.2008 07:00:00   ;     0,0000
05.05.2008 07:00:00   ;     0,0000
06.05.2008 07:00:00   ;     0,0000
07.05.2008 07:00:00   ;     0,0000
08.05.2008 07:00:00   ;     0,0000
09.05.2008 07:00:00   ;     0,0000
10.05.2008 07:00:00   ;     0,0000
11.05.2008 07:00:00   ;     0,0000
12.05.2008 07:00:00   ;     0,0000
13.05.2008 07:00:00   ;     0,0000
14.05.2008 07:00:00   ;     0,0000
15.05.2008 07:00:00   ;     0,0000
16.05.2008 07:00:00   ;     0,0000
17.05.2008 07:00:00   ;     0,0000
18.05.2008 07:00:00   ;     0,0000
19.05.2008 07:00:00   ;     0,0000
20.05.2008 07:00:00   ;     0,0000
21.05.2008 07:00:00   ;     0,0000
22.05.2008 07:00:00   ;     0,0000
23.05.2008 07:00:00   ;     0,0000
24.05.2008 07:00:00   ;     0,0000
25.05.2008 07:00:00   ;     0,0000
26.05.2008 07:00:00   ;     0,0000
27.05.2008 07:00:00   ;     0,0000
28.05.2008 07:00:00   ;     0,0000
29.05.2008 07:00:00   ;     0,0000
30.05.2008 07:00:00   ;     0,0000
31.05.2008 07:00:00   ;     0,0000
01.06.2008 07:00:00   ;     0,0000
02.06.2008 07:00:00   ;     0,0000
03.06.2008 07:00:00   ;     0,0000
04.06.2008 07:00:00   ;     0,0000
05.06.2008 07:00:00   ;     0,0000
06.06.2008 07:00:00   ;     0,0000
07.06.2008 07:00:00   ;     0,0000
08.06.2008 07:00:00   ;     0,0000
09.06.2008 07:00:00   ;     0,0000
10.06.2008 07:00:00   ;     0,0000
11.06.2008 07:00:00   ;     0,0000
12.06.2008 07:00:00   ;     0,0000
13.06.2008 07:00:00   ;     0,0000
14.06.2008 07:00:00   ;     0,0000
15.06.2008 07:00:00   ;     0,0000
16.06.2008 07:00:00   ;     0,0000
17.06.2008 07:00:00   ;     0,0000
18.06.2008 07:00:00   ;     0,0000
19.06.2008 07:00:00   ;     0,0000
20.06.2008 07:00:00   ;     0,0000
21.06.2008 07:00:00   ;     0,0000
22.06.2008 07:00:00   ;     0,0000
23.06.2008 07:00:00   ;     0,0000
24.06.2008 07:00:00   ;     0,0000
25.06.2008 07:00:00   ;     0,0000
26.06.2008 07:00:00   ;     0,0000
27.06.2008 07:00:00   ;     0,0000
28.06.2008 07:00:00   ;     0,0000
29.06.2008 07:00:00   ;     0,0000
30.06.2008 07:00:00   ;     0,0000
01.07.2008 07:00:00   ;     0,0000
02.07.2008 07:00:00   ;     0,0000
03.07.2008 07:00:00   ;     0,0000
04.07.2008 07:00:00   ;     0,0000
05.07.2008 07:00:00   ;     0,0000
06.07.2008 07:00:00   ;     0,0000
07.07.2008 07:00:00   ;     0,0000
08.07.2008 07:00:00   ;     0,0000
09.07.2008 07:00:00   ;     0,0000
10.07.2008 07:00:00   ;     0,0000
11.07.2008 07:00:00   ;     0,0000
12.07.2008 07:00:00   ;     0,0000
13.07.2008 07:00:00   ;     0,0000
14.07.2008 07:00:00   ;     0,0000
15.07.2008 07:00:00   ;     0,0000
16.07.2008 07:00:00   ;     0,0000
17.07.2008 07:00:00   ;     0,0000
18.07.2008 07:00:00   ;     0,0000
19.07.2008 07:00:00   ;     0,0000
20.07.2008 07:00:00   ;     0,0000
21.07.2008 07:00:00   ;     0,0000
22.07.2008 07:00:00   ;     0,0000
23.07.2008 07:00:00   ;     0,0000
24.07.2008 07:00:00   ;     0,0000
25.07.2008 07:00:00   ;     0,0000
26.07.2008 07:00:00   ;     0,0000
27.07.2008 07:00:00   ;     0,0000
28.07.2008 07:00:00   ;     0,0000
29.07.2008 07:00:00   ;     0,0000
30.07.2008 07:00:00   ;     0,0000
31.07.2008 07:00:00   ;     0,0000
01.08.2008 07:00:00   ;     0,0000
02.08.2008 07:00:00   ;     0,0000
03.08.2008 07:00:00   ;     0,0000
04.08.2008 07:00:00   ;     0,0000
05.08.2008 07:00:00   ;     0,0000
06.08.2008 07:00:00   ;     0,0000
07.08.2008 07:00:00   ;     0,0000
08.08.2008 07:00:00   ;     0,0000
09.08.2008 07:00:00   ;     0,0000
10.08.2008 07:00:00   ;     0,0000
11.08.2008 07:00:00   ;     0,0000
12.08.2008 07:00:00   ;     0,0000
13.08.2008 07:00:00   ;     0,0000
14.08.2008 07:00:00   ;     0,0000
15.08.2008 07:00:00   ;     0,0000
16.08.2008 07:00:00   ;     0,0000
17.08.2008 07:00:00   ;     0,0000
18.08.2008 07:00:00   ;     0,0000
19.08.2008 07:00:00   ;     0,0000
20.08.2008 07:00:00   ;     0,0000
21.08.2008 07:00:00   ;     0,0000
22.08.2008 07:00:00   ;     0,0000
23.08.2008 07:00:00   ;     0,0000
24.08.2008 07:00:00   ;     0,0000
25.08.2008 07:00:00   ;     0,0000
26.08.2008 07:00:00   ;     0,0000
27.08.2008 07:00:00   ;     0,0000
28.08.2008 07:00:00   ;     0,0000
29.08.2008 07:00:00   ;     0,0000
30.08.2008 07:00:00   ;     0,0000
31.08.2008 07:00:00   ;     0,0000
01.09.2008 07:00:00   ;     0,0000
02.09.2008 07:00:00   ;     0,0000
03.09.2008 07:00:00   ;     0,0000
04.09.2008 07:00:00   ;     0,0000
05.09.2008 07:00:00   ;     0,0000
06.09.2008 07:00:00   ;     0,0000
07.09.2008 07:00:00   ;     0,0000
08.09.2008 07:00:00   ;     0,0000
09.09.2008 07:00:00   ;     0,0000
10.09.2008 07:00:00   ;     0,0000
11.09.2008 07:00:00   ;     0,0000
12.09.2008 07:00:00   ;     0,0000
13.09.2008 07:00:00   ;     0,0000
14.09.2008 07:00:00   ;     0,0000
15.09.2008 07:00:00   ;     0,0000
16.09.2008 07:00:00   ;     0,0000
17.09.2008 07:00:00   ;     0,0000
18.09.2008 07:00:00   ;     0,0000
19.09.2008 07:00:00   ;     0,0000
20.09.2008 07:00:00   ;     0,0000
21.09.2008 07:00:00   ;     0,0000
22.09.2008 07:00:00   ;     0,0000
23.09.2008 07:00:00   ;     0,0000
24.09.2008 07:00:00   ;     0,0000
25.09.2008 07:00:00   ;     0,0000
26.09.2008 07:00:00   ;     0,0000
27.09.2008 07:00:00   ;     0,0000
28.09.2008 07:00:00   ;     0,0000
29.09.2008 07:00:00   ;     0,0000
30.09.2008 07:00:00   ;     0,0000
01.10.2008 07:00:00   ;     0,0000
02.10.2008 07:00:00   ;     0,0000
03.10.2008 07:00:00   ;     0,0000
04.10.2008 07:00:00   ;     3,0000
05.10.2008 07:00:00   ;     0,0000
06.10.2008 07:00:00   ;     0,0000
07.10.2008 07:00:00   ;     0,0000
08.10.2008 07:00:00   ;     0,0000
09.10.2008 07:00:00   ;     0,0000
10.10.2008 07:00:00   ;     0,0000
11.10.2008 07:00:00   ;     0,0000
12.10.2008 07:00:00   ;     0,0000
13.10.2008 07:00:00   ;     0,0000
14.10.2008 07:00:00   ;     0,0000
15.10.2008 07:00:00   ;     0,0000
16.10.2008 07:00:00   ;     0,0000
17.10.2008 07:00:00   ;     0,0000
18.10.2008 07:00:00   ;     0,0000
19.10.2008 07:00:00   ;     0,0000
20.10.2008 07:00:00   ;     0,0000
21.10.2008 07:00:00   ;     0,0000
22.10.2008 07:00:00   ;     0,0000
23.10.2008 07:00:00   ;     0,0000
24.10.2008 07:00:00   ;     0,0000
25.10.2008 07:00:00   ;     0,0000
26.10.2008 07:00:00   ;     0,0000
27.10.2008 07:00:00   ;     0,0000
28.10.2008 07:00:00   ;     0,0000
29.10.2008 07:00:00   ;     0,0000
30.10.2008 07:00:00   ;     0,0000
31.10.2008 07:00:00   ;     0,0000
01.11.2008 07:00:00   ;     0,0000
02.11.2008 07:00:00   ;     0,0000
03.11.2008 07:00:00   ;     0,0000
04.11.2008 07:00:00   ;     0,0000
05.11.2008 07:00:00   ;     0,0000
06.11.2008 07:00:00   ;     0,0000
07.11.2008 07:00:00   ;     0,0000
08.11.2008 07:00:00   ;     0,0000
09.11.2008 07:00:00   ;     0,0000
10.11.2008 07:00:00   ;     0,0000
11.11.2008 07:00:00   ;     0,0000
12.11.2008 07:00:00   ;     0,0000
13.11.2008 07:00:00   ;     0,0000
14.11.2008 07:00:00   ;     0,0000
15.11.2008 07:00:00   ;     0,0000
16.11.2008 07:00:00   ;     0,0000
17.11.2008 07:00:00   ;     0,0000
18.11.2008 07:00:00   ;     0,0000
19.11.2008 07:00:00   ;     0,0000
20.11.2008 07:00:00   ;     0,0000
21.11.2008 07:00:00   ;     0,0000
22.11.2008 07:00:00   ;     1,0000
23.11.2008 07:00:00   ;     1,0000
24.11.2008 07:00:00   ;     1,0000
25.11.2008 07:00:00   ;    26,0000
26.11.2008 07:00:00   ;    22,0000
27.11.2008 07:00:00   ;    19,0000
28.11.2008 07:00:00   ;    18,0000
29.11.2008 07:00:00   ;    33,0000
30.11.2008 07:00:00   ;    23,0000
01.12.2008 07:00:00   ;    21,0000
02.12.2008 07:00:00   ;    20,0000
03.12.2008 07:00:00   ;    25,0000
04.12.2008 07:00:00   ;    23,0000
05.12.2008 07:00:00   ;    21,0000
06.12.2008 07:00:00   ;    48,0000
07.12.2008 07:00:00   ;    46,0000
08.12.2008 07:00:00   ;    46,0000
09.12.2008 07:00:00   ;    45,0000
10.12.2008 07:00:00   ;    45,0000
11.12.2008 07:00:00   ;    60,0000
12.12.2008 07:00:00   ;    73,0000
13.12.2008 07:00:00   ;    73,0000
14.12.2008 07:00:00   ;    74,0000
15.12.2008 07:00:00   ;    75,0000
16.12.2008 07:00:00   ;    78,0000
17.12.2008 07:00:00   ;    75,0000
18.12.2008 07:00:00   ;    70,0000
19.12.2008 07:00:00   ;    91,0000
20.12.2008 07:00:00   ;    88,0000
21.12.2008 07:00:00   ;    84,0000
22.12.2008 07:00:00   ;    82,0000
23.12.2008 07:00:00   ;    81,0000
24.12.2008 07:00:00   ;    80,0000
25.12.2008 07:00:00   ;    79,0000
26.12.2008 07:00:00   ;    90,0000
27.12.2008 07:00:00   ;    91,0000
28.12.2008 07:00:00   ;    95,0000
29.12.2008 07:00:00   ;    93,0000
30.12.2008 07:00:00   ;    91,0000
31.12.2008 07:00:00   ;    89,0000
01.01.2009 07:00:00   ;    87,0000
02.01.2009 07:00:00   ;    86,0000
03.01.2009 07:00:00   ;    85,0000
04.01.2009 07:00:00   ;    84,0000
05.01.2009 07:00:00   ;    84,0000
06.01.2009 07:00:00   ;    84,0000
07.01.2009 07:00:00   ;    84,0000
08.01.2009 07:00:00   ;    84,0000
09.01.2009 07:00:00   ;    84,0000
10.01.2009 07:00:00   ;    84,0000
11.01.2009 07:00:00   ;    84,0000
12.01.2009 07:00:00   ;    84,0000
13.01.2009 07:00:00   ;    84,0000
14.01.2009 07:00:00   ;    84,0000
15.01.2009 07:00:00   ;   102,0000
16.01.2009 07:00:00   ;   101,0000
17.01.2009 07:00:00   ;   100,0000
18.01.2009 07:00:00   ;    99,0000
19.01.2009 07:00:00   ;    98,0000
20.01.2009 07:00:00   ;    90,0000
21.01.2009 07:00:00   ;    78,0000
22.01.2009 07:00:00   ;    75,0000
23.01.2009 07:00:00   ;    75,0000
24.01.2009 07:00:00   ;    79,0000
25.01.2009 07:00:00   ;    79,0000
26.01.2009 07:00:00   ;    78,0000
27.01.2009 07:00:00   ;    85,0000
28.01.2009 07:00:00   ;   120,0000
29.01.2009 07:00:00   ;   121,0000
30.01.2009 07:00:00   ;   116,0000
31.01.2009 07:00:00   ;   112,0000
01.02.2009 07:00:00   ;   113,0000
02.02.2009 07:00:00   ;   127,0000
03.02.2009 07:00:00   ;   150,0000
04.02.2009 07:00:00   ;   146,0000
05.02.2009 07:00:00   ;   137,0000
06.02.2009 07:00:00   ;   120,0000
07.02.2009 07:00:00   ;   110,0000
08.02.2009 07:00:00   ;   105,0000
09.02.2009 07:00:00   ;   107,0000
10.02.2009 07:00:00   ;   105,0000
11.02.2009 07:00:00   ;   104,0000
12.02.2009 07:00:00   ;   103,0000
13.02.2009 07:00:00   ;   103,0000
14.02.2009 07:00:00   ;   102,0000
15.02.2009 07:00:00   ;   102,0000
16.02.2009 07:00:00   ;   102,0000
17.02.2009 07:00:00   ;   102,0000
18.02.2009 07:00:00   ;   106,0000
19.02.2009 07:00:00   ;   106,0000
20.02.2009 07:00:00   ;   105,0000
21.02.2009 07:00:00   ;   105,0000
22.02.2009 07:00:00   ;   105,0000
23.02.2009 07:00:00   ;   105,0000
24.02.2009 07:00:00   ;   104,0000
25.02.2009 07:00:00   ;   104,0000
26.02.2009 07:00:00   ;   104,0000
27.02.2009 07:00:00   ;   103,0000
28.02.2009 07:00:00   ;   103,0000
01.03.2009 07:00:00   ;   102,0000
02.03.2009 07:00:00   ;   101,0000
03.03.2009 07:00:00   ;   100,0000
04.03.2009 07:00:00   ;    98,0000
05.03.2009 07:00:00   ;   102,0000
06.03.2009 07:00:00   ;   104,0000
07.03.2009 07:00:00   ;   102,0000
08.03.2009 07:00:00   ;   100,0000
09.03.2009 07:00:00   ;   100,0000
10.03.2009 07:00:00   ;   101,0000
11.03.2009 07:00:00   ;   100,0000
12.03.2009 07:00:00   ;    99,0000
13.03.2009 07:00:00   ;    98,0000
14.03.2009 07:00:00   ;    96,0000
15.03.2009 07:00:00   ;    95,0000
16.03.2009 07:00:00   ;    94,0000
17.03.2009 07:00:00   ;    92,0000
18.03.2009 07:00:00   ;    90,0000
19.03.2009 07:00:00   ;    90,0000
20.03.2009 07:00:00   ;    92,0000
21.03.2009 07:00:00   ;    90,0000
22.03.2009 07:00:00   ;    90,0000
23.03.2009 07:00:00   ;    90,0000
24.03.2009 07:00:00   ;    90,0000
25.03.2009 07:00:00   ;    89,0000
26.03.2009 07:00:00   ;    88,0000
27.03.2009 07:00:00   ;    86,0000
28.03.2009 07:00:00   ;    80,0000
29.03.2009 07:00:00   ;    74,0000
30.03.2009 07:00:00   ;    89,0000
31.03.2009 07:00:00   ;    87,0000
01.04.2009 07:00:00   ;    83,0000
02.04.2009 07:00:00   ;    80,0000
03.04.2009 07:00:00   ;    76,0000
04.04.2009 07:00:00   ;    72,0000
05.04.2009 07:00:00   ;    68,0000
06.04.2009 07:00:00   ;    64,0000
07.04.2009 07:00:00   ;    60,0000
08.04.2009 07:00:00   ;    55,0000
09.04.2009 07:00:00   ;    51,0000
10.04.2009 07:00:00   ;    47,0000
11.04.2009 07:00:00   ;    37,0000
12.04.2009 07:00:00   ;    32,0000
13.04.2009 07:00:00   ;    27,0000
14.04.2009 07:00:00   ;    23,0000
15.04.2009 07:00:00   ;    18,0000
16.04.2009 07:00:00   ;    10,0000
17.04.2009 07:00:00   ;     0,0000
18.04.2009 07:00:00   ;     0,0000
19.04.2009 07:00:00   ;     0,0000
20.04.2009 07:00:00   ;     0,0000
21.04.2009 07:00:00   ;     0,0000
22.04.2009 07:00:00   ;     0,0000
23.04.2009 07:00:00   ;     0,0000
24.04.2009 07:00:00   ;     6,0000
25.04.2009 07:00:00   ;     0,0000
26.04.2009 07:00:00   ;     0,0000
27.04.2009 07:00:00   ;     0,0000
28.04.2009 07:00:00   ;     0,0000
29.04.2009 07:00:00   ;     0,0000
30.04.2009 07:00:00   ;     0,0000
01.05.2009 07:00:00   ;     0,0000
02.05.2009 07:00:00   ;     0,0000
03.05.2009 07:00:00   ;     0,0000
04.05.2009 07:00:00   ;     0,0000
05.05.2009 07:00:00   ;     0,0000
06.05.2009 07:00:00   ;     0,0000
07.05.2009 07:00:00   ;     0,0000
08.05.2009 07:00:00   ;     0,0000
09.05.2009 07:00:00   ;     0,0000
10.05.2009 07:00:00   ;     0,0000
11.05.2009 07:00:00   ;     0,0000
12.05.2009 07:00:00   ;     0,0000
13.05.2009 07:00:00   ;     0,0000
14.05.2009 07:00:00   ;     0,0000
15.05.2009 07:00:00   ;     0,0000
16.05.2009 07:00:00   ;     0,0000
17.05.2009 07:00:00   ;     0,0000
18.05.2009 07:00:00   ;     0,0000
19.05.2009 07:00:00   ;     0,0000
20.05.2009 07:00:00   ;     0,0000
21.05.2009 07:00:00   ;     0,0000
22.05.2009 07:00:00   ;     0,0000
23.05.2009 07:00:00   ;     0,0000
24.05.2009 07:00:00   ;     0,0000
25.05.2009 07:00:00   ;     0,0000
26.05.2009 07:00:00   ;     0,0000
27.05.2009 07:00:00   ;     0,0000
28.05.2009 07:00:00   ;     0,0000
29.05.2009 07:00:00   ;     0,0000
30.05.2009 07:00:00   ;     0,0000
31.05.2009 07:00:00   ;     0,0000
01.06.2009 07:00:00   ;     0,0000
02.06.2009 07:00:00   ;     0,0000
03.06.2009 07:00:00   ;     0,0000
04.06.2009 07:00:00   ;     0,0000
05.06.2009 07:00:00   ;     0,0000
06.06.2009 07:00:00   ;     0,0000
07.06.2009 07:00:00   ;     0,0000
08.06.2009 07:00:00   ;     0,0000
09.06.2009 07:00:00   ;     0,0000
10.06.2009 07:00:00   ;     0,0000
11.06.2009 07:00:00   ;     0,0000
12.06.2009 07:00:00   ;     0,0000
13.06.2009 07:00:00   ;     0,0000
14.06.2009 07:00:00   ;     0,0000
15.06.2009 07:00:00   ;     0,0000
16.06.2009 07:00:00   ;     0,0000
17.06.2009 07:00:00   ;     0,0000
18.06.2009 07:00:00   ;     0,0000
19.06.2009 07:00:00   ;     0,0000
20.06.2009 07:00:00   ;     0,0000
21.06.2009 07:00:00   ;     0,0000
22.06.2009 07:00:00   ;     0,0000
23.06.2009 07:00:00   ;     0,0000
24.06.2009 07:00:00   ;     0,0000
25.06.2009 07:00:00   ;     0,0000
26.06.2009 07:00:00   ;     0,0000
27.06.2009 07:00:00   ;     0,0000
28.06.2009 07:00:00   ;     0,0000
29.06.2009 07:00:00   ;     0,0000
30.06.2009 07:00:00   ;     0,0000
01.07.2009 07:00:00   ;     0,0000
02.07.2009 07:00:00   ;     0,0000
03.07.2009 07:00:00   ;     0,0000
04.07.2009 07:00:00   ;     0,0000
05.07.2009 07:00:00   ;     0,0000
06.07.2009 07:00:00   ;     0,0000
07.07.2009 07:00:00   ;     0,0000
08.07.2009 07:00:00   ;     0,0000
09.07.2009 07:00:00   ;     0,0000
10.07.2009 07:00:00   ;     0,0000
11.07.2009 07:00:00   ;     0,0000
12.07.2009 07:00:00   ;     0,0000
13.07.2009 07:00:00   ;     0,0000
14.07.2009 07:00:00   ;     0,0000
15.07.2009 07:00:00   ;     0,0000
16.07.2009 07:00:00   ;     0,0000
17.07.2009 07:00:00   ;     0,0000
18.07.2009 07:00:00   ;     0,0000
19.07.2009 07:00:00   ;     0,0000
20.07.2009 07:00:00   ;     0,0000
21.07.2009 07:00:00   ;     0,0000
22.07.2009 07:00:00   ;     0,0000
23.07.2009 07:00:00   ;     0,0000
24.07.2009 07:00:00   ;     0,0000
25.07.2009 07:00:00   ;     0,0000
26.07.2009 07:00:00   ;     0,0000
27.07.2009 07:00:00   ;     0,0000
28.07.2009 07:00:00   ;     0,0000
29.07.2009 07:00:00   ;     0,0000
30.07.2009 07:00:00   ;     0,0000
31.07.2009 07:00:00   ;     0,0000
01.08.2009 07:00:00   ;     0,0000
02.08.2009 07:00:00   ;     0,0000
03.08.2009 07:00:00   ;     0,0000
04.08.2009 07:00:00   ;     0,0000
05.08.2009 07:00:00   ;     0,0000
06.08.2009 07:00:00   ;     0,0000
07.08.2009 07:00:00   ;     0,0000
08.08.2009 07:00:00   ;     0,0000
09.08.2009 07:00:00   ;     0,0000
10.08.2009 07:00:00   ;     0,0000
11.08.2009 07:00:00   ;     0,0000
12.08.2009 07:00:00   ;     0,0000
13.08.2009 07:00:00   ;     0,0000
14.08.2009 07:00:00   ;     0,0000
15.08.2009 07:00:00   ;     0,0000
16.08.2009 07:00:00   ;     0,0000
17.08.2009 07:00:00   ;     0,0000
18.08.2009 07:00:00   ;     0,0000
19.08.2009 07:00:00   ;     0,0000
20.08.2009 07:00:00   ;     0,0000
21.08.2009 07:00:00   ;     0,0000
22.08.2009 07:00:00   ;     0,0000
23.08.2009 07:00:00   ;     0,0000
24.08.2009 07:00:00   ;     0,0000
25.08.2009 07:00:00   ;     0,0000
26.08.2009 07:00:00   ;     0,0000
27.08.2009 07:00:00   ;     0,0000
28.08.2009 07:00:00   ;     0,0000
29.08.2009 07:00:00   ;     0,0000
30.08.2009 07:00:00   ;     0,0000
31.08.2009 07:00:00   ;     0,0000
01.09.2009 07:00:00   ;     0,0000
02.09.2009 07:00:00   ;     0,0000
03.09.2009 07:00:00   ;     0,0000
04.09.2009 07:00:00   ;     0,0000
05.09.2009 07:00:00   ;     0,0000
06.09.2009 07:00:00   ;     0,0000
07.09.2009 07:00:00   ;     0,0000
08.09.2009 07:00:00   ;     0,0000
09.09.2009 07:00:00   ;     0,0000
10.09.2009 07:00:00   ;     0,0000
11.09.2009 07:00:00   ;     0,0000
12.09.2009 07:00:00   ;     0,0000
13.09.2009 07:00:00   ;     0,0000
14.09.2009 07:00:00   ;     0,0000
15.09.2009 07:00:00   ;     0,0000
16.09.2009 07:00:00   ;     0,0000
17.09.2009 07:00:00   ;     0,0000
18.09.2009 07:00:00   ;     0,0000
19.09.2009 07:00:00   ;     0,0000
20.09.2009 07:00:00   ;     0,0000
21.09.2009 07:00:00   ;     0,0000
22.09.2009 07:00:00   ;     0,0000
23.09.2009 07:00:00   ;     0,0000
24.09.2009 07:00:00   ;     0,0000
25.09.2009 07:00:00   ;     0,0000
26.09.2009 07:00:00   ;     0,0000
27.09.2009 07:00:00   ;     0,0000
28.09.2009 07:00:00   ;     0,0000
29.09.2009 07:00:00   ;     0,0000
30.09.2009 07:00:00   ;     0,0000
01.10.2009 07:00:00   ;     0,0000
02.10.2009 07:00:00   ;     0,0000
03.10.2009 07:00:00   ;     0,0000
04.10.2009 07:00:00   ;     0,0000
05.10.2009 07:00:00   ;     0,0000
06.10.2009 07:00:00   ;     0,0000
07.10.2009 07:00:00   ;     0,0000
08.10.2009 07:00:00   ;     0,0000
09.10.2009 07:00:00   ;     0,0000
10.10.2009 07:00:00   ;     0,0000
11.10.2009 07:00:00   ;     0,0000
12.10.2009 07:00:00   ;     0,0000
13.10.2009 07:00:00   ;     0,0000
14.10.2009 07:00:00   ;     0,0000
15.10.2009 07:00:00   ;     0,0000
16.10.2009 07:00:00   ;     0,0000
17.10.2009 07:00:00   ;     0,0000
18.10.2009 07:00:00   ;     0,0000
19.10.2009 07:00:00   ;     0,0000
20.10.2009 07:00:00   ;     0,0000
21.10.2009 07:00:00   ;     0,0000
22.10.2009 07:00:00   ;     0,0000
23.10.2009 07:00:00   ;     0,0000
24.10.2009 07:00:00   ;     0,0000
25.10.2009 07:00:00   ;     0,0000
26.10.2009 07:00:00   ;     0,0000
27.10.2009 07:00:00   ;     0,0000
28.10.2009 07:00:00   ;     0,0000
29.10.2009 07:00:00   ;     0,0000
30.10.2009 07:00:00   ;     0,0000
31.10.2009 07:00:00   ;     0,0000
01.11.2009 07:00:00   ;     0,0000
02.11.2009 07:00:00   ;     0,0000
03.11.2009 07:00:00   ;    15,0000
04.11.2009 07:00:00   ;    11,0000
05.11.2009 07:00:00   ;    15,0000
06.11.2009 07:00:00   ;    13,0000
07.11.2009 07:00:00   ;    19,0000
08.11.2009 07:00:00   ;    17,0000
09.11.2009 07:00:00   ;    26,0000
10.11.2009 07:00:00   ;    23,0000
11.11.2009 07:00:00   ;    20,0000
12.11.2009 07:00:00   ;    18,0000
13.11.2009 07:00:00   ;    17,0000
14.11.2009 07:00:00   ;    17,0000
15.11.2009 07:00:00   ;    14,0000
16.11.2009 07:00:00   ;    10,0000
17.11.2009 07:00:00   ;     8,0000
18.11.2009 07:00:00   ;     5,0000
19.11.2009 07:00:00   ;     0,0000
20.11.2009 07:00:00   ;     0,0000
21.11.2009 07:00:00   ;     0,0000
22.11.2009 07:00:00   ;     0,0000
23.11.2009 07:00:00   ;     0,0000
24.11.2009 07:00:00   ;     0,0000
25.11.2009 07:00:00   ;     0,0000
26.11.2009 07:00:00   ;     0,0000
27.11.2009 07:00:00   ;     0,0000
28.11.2009 07:00:00   ;     0,0000
29.11.2009 07:00:00   ;     0,0000
30.11.2009 07:00:00   ;     0,0000
01.12.2009 07:00:00   ;     0,0000
02.12.2009 07:00:00   ;     0,0000
03.12.2009 07:00:00   ;     0,0000
04.12.2009 07:00:00   ;     0,0000
05.12.2009 07:00:00   ;    21,0000
06.12.2009 07:00:00   ;    17,0000
07.12.2009 07:00:00   ;    15,0000
08.12.2009 07:00:00   ;    13,0000
09.12.2009 07:00:00   ;    10,0000
10.12.2009 07:00:00   ;    10,0000
11.12.2009 07:00:00   ;    10,0000
12.12.2009 07:00:00   ;     9,0000
13.12.2009 07:00:00   ;     9,0000
14.12.2009 07:00:00   ;     9,0000
15.12.2009 07:00:00   ;    11,0000
16.12.2009 07:00:00   ;    12,0000
17.12.2009 07:00:00   ;    13,0000
18.12.2009 07:00:00   ;    12,0000
19.12.2009 07:00:00   ;    11,0000
20.12.2009 07:00:00   ;    22,0000
21.12.2009 07:00:00   ;    21,0000
22.12.2009 07:00:00   ;    30,0000
23.12.2009 07:00:00   ;    12,0000
24.12.2009 07:00:00   ;     7,0000
25.12.2009 07:00:00   ;     0,0000
26.12.2009 07:00:00   ;     9,0000
27.12.2009 07:00:00   ;     8,0000
28.12.2009 07:00:00   ;     8,0000
29.12.2009 07:00:00   ;     7,0000
30.12.2009 07:00:00   ;     7,0000
31.12.2009 07:00:00   ;     6,0000
01.01.2010 07:00:00   ;     6,0000
02.01.2010 07:00:00   ;     8,0000
03.01.2010 07:00:00   ;    22,0000
04.01.2010 07:00:00   ;    18,0000
05.01.2010 07:00:00   ;    17,0000
06.01.2010 07:00:00   ;    20,0000
07.01.2010 07:00:00   ;    17,0000
08.01.2010 07:00:00   ;    19,0000
09.01.2010 07:00:00   ;    37,0000
10.01.2010 07:00:00   ;    36,0000
11.01.2010 07:00:00   ;    34,0000
12.01.2010 07:00:00   ;    34,0000
13.01.2010 07:00:00   ;    33,0000
14.01.2010 07:00:00   ;    33,0000
15.01.2010 07:00:00   ;    33,0000
16.01.2010 07:00:00   ;    32,0000
17.01.2010 07:00:00   ;    32,0000
18.01.2010 07:00:00   ;    31,0000
19.01.2010 07:00:00   ;    31,0000
20.01.2010 07:00:00   ;    31,0000
21.01.2010 07:00:00   ;    31,0000
22.01.2010 07:00:00   ;    31,0000
23.01.2010 07:00:00   ;    31,0000
24.01.2010 07:00:00   ;    31,0000
25.01.2010 07:00:00   ;    30,0000
26.01.2010 07:00:00   ;    30,0000
27.01.2010 07:00:00   ;    33,0000
28.01.2010 07:00:00   ;    33,0000
29.01.2010 07:00:00   ;    32,0000
30.01.2010 07:00:00   ;    33,0000
31.01.2010 07:00:00   ;    55,0000
01.02.2010 07:00:00   ;    50,0000
02.02.2010 07:00:00   ;    48,0000
03.02.2010 07:00:00   ;    47,0000
04.02.2010 07:00:00   ;    46,0000
05.02.2010 07:00:00   ;    42,0000
06.02.2010 07:00:00   ;    47,0000
07.02.2010 07:00:00   ;    60,0000
08.02.2010 07:00:00   ;    57,0000
09.02.2010 07:00:00   ;    55,0000
10.02.2010 07:00:00   ;    54,0000
11.02.2010 07:00:00   ;    85,0000
12.02.2010 07:00:00   ;    81,0000
13.02.2010 07:00:00   ;    79,0000
14.02.2010 07:00:00   ;    78,0000
15.02.2010 07:00:00   ;    77,0000
16.02.2010 07:00:00   ;    76,0000
17.02.2010 07:00:00   ;    75,0000
18.02.2010 07:00:00   ;    72,0000
19.02.2010 07:00:00   ;    68,0000
20.02.2010 07:00:00   ;    70,0000
21.02.2010 07:00:00   ;    76,0000
22.02.2010 07:00:00   ;    74,0000
23.02.2010 07:00:00   ;    69,0000
24.02.2010 07:00:00   ;    66,0000
25.02.2010 07:00:00   ;    64,0000
26.02.2010 07:00:00   ;    60,0000
27.02.2010 07:00:00   ;    59,0000
28.02.2010 07:00:00   ;    58,0000
01.03.2010 07:00:00   ;    57,0000
02.03.2010 07:00:00   ;    56,0000
03.03.2010 07:00:00   ;    55,0000
04.03.2010 07:00:00   ;    56,0000
05.03.2010 07:00:00   ;    58,0000
06.03.2010 07:00:00   ;    58,0000
07.03.2010 07:00:00   ;    57,0000
08.03.2010 07:00:00   ;    57,0000
09.03.2010 07:00:00   ;    60,0000
10.03.2010 07:00:00   ;    80,0000
11.03.2010 07:00:00   ;   104,0000
12.03.2010 07:00:00   ;    98,0000
13.03.2010 07:00:00   ;    90,0000
14.03.2010 07:00:00   ;    87,0000
15.03.2010 07:00:00   ;    85,0000
16.03.2010 07:00:00   ;    79,0000
17.03.2010 07:00:00   ;    72,0000
18.03.2010 07:00:00   ;    68,0000
19.03.2010 07:00:00   ;    65,0000
20.03.2010 07:00:00   ;    62,0000
21.03.2010 07:00:00   ;    57,0000
22.03.2010 07:00:00   ;    52,0000
23.03.2010 07:00:00   ;    45,0000
24.03.2010 07:00:00   ;    39,0000
25.03.2010 07:00:00   ;    34,0000
26.03.2010 07:00:00   ;    29,0000
27.03.2010 07:00:00   ;    23,0000
28.03.2010 07:00:00   ;    18,0000
29.03.2010 07:00:00   ;    15,0000
30.03.2010 07:00:00   ;    10,0000
31.03.2010 07:00:00   ;     5,0000
01.04.2010 07:00:00   ;     6,0000
02.04.2010 07:00:00   ;     9,0000
03.04.2010 07:00:00   ;     4,0000
04.04.2010 07:00:00   ;     0,0000
05.04.2010 07:00:00   ;     0,0000
06.04.2010 07:00:00   ;     0,0000
07.04.2010 07:00:00   ;     0,0000
08.04.2010 07:00:00   ;     0,0000
09.04.2010 07:00:00   ;     0,0000
10.04.2010 07:00:00   ;     0,0000
11.04.2010 07:00:00   ;     0,0000
12.04.2010 07:00:00   ;     5,0000
13.04.2010 07:00:00   ;     2,0000
14.04.2010 07:00:00   ;     0,0000
15.04.2010 07:00:00   ;     0,0000
16.04.2010 07:00:00   ;     0,0000
17.04.2010 07:00:00   ;     0,0000
18.04.2010 07:00:00   ;     0,0000
19.04.2010 07:00:00   ;     4,0000
20.04.2010 07:00:00   ;     0,0000
21.04.2010 07:00:00   ;     0,0000
22.04.2010 07:00:00   ;     0,0000
23.04.2010 07:00:00   ;     0,0000
24.04.2010 07:00:00   ;     0,0000
25.04.2010 07:00:00   ;     0,0000
26.04.2010 07:00:00   ;     0,0000
27.04.2010 07:00:00   ;     0,0000
28.04.2010 07:00:00   ;     0,0000
29.04.2010 07:00:00   ;     0,0000
30.04.2010 07:00:00   ;     0,0000
01.05.2010 07:00:00   ;     0,0000
02.05.2010 07:00:00   ;     0,0000
03.05.2010 07:00:00   ;     0,0000
04.05.2010 07:00:00   ;     0,0000
05.05.2010 07:00:00   ;     0,0000
06.05.2010 07:00:00   ;     0,0000
07.05.2010 07:00:00   ;     0,0000
08.05.2010 07:00:00   ;     0,0000
09.05.2010 07:00:00   ;     0,0000
10.05.2010 07:00:00   ;     0,0000
11.05.2010 07:00:00   ;     0,0000
12.05.2010 07:00:00   ;     0,0000
13.05.2010 07:00:00   ;     0,0000
14.05.2010 07:00:00   ;     0,0000
15.05.2010 07:00:00   ;     0,0000
16.05.2010 07:00:00   ;     0,0000
17.05.2010 07:00:00   ;     0,0000
18.05.2010 07:00:00   ;     0,0000
19.05.2010 07:00:00   ;     0,0000
20.05.2010 07:00:00   ;     0,0000
21.05.2010 07:00:00   ;     0,0000
22.05.2010 07:00:00   ;     0,0000
23.05.2010 07:00:00   ;     0,0000
24.05.2010 07:00:00   ;     0,0000
25.05.2010 07:00:00   ;     0,0000
26.05.2010 07:00:00   ;     0,0000
27.05.2010 07:00:00   ;     0,0000
28.05.2010 07:00:00   ;     0,0000
29.05.2010 07:00:00   ;     0,0000
30.05.2010 07:00:00   ;     0,0000
31.05.2010 07:00:00   ;     0,0000
01.06.2010 07:00:00   ;     0,0000
02.06.2010 07:00:00   ;     0,0000
03.06.2010 07:00:00   ;     0,0000
04.06.2010 07:00:00   ;     0,0000
05.06.2010 07:00:00   ;     0,0000
06.06.2010 07:00:00   ;     0,0000
07.06.2010 07:00:00   ;     0,0000
08.06.2010 07:00:00   ;     0,0000
09.06.2010 07:00:00   ;     0,0000
10.06.2010 07:00:00   ;     0,0000
11.06.2010 07:00:00   ;     0,0000
12.06.2010 07:00:00   ;     0,0000
13.06.2010 07:00:00   ;     0,0000
14.06.2010 07:00:00   ;     0,0000
15.06.2010 07:00:00   ;     0,0000
16.06.2010 07:00:00   ;     0,0000
17.06.2010 07:00:00   ;     0,0000
18.06.2010 07:00:00   ;     0,0000
19.06.2010 07:00:00   ;     0,0000
20.06.2010 07:00:00   ;     0,0000
21.06.2010 07:00:00   ;     0,0000
22.06.2010 07:00:00   ;     0,0000
23.06.2010 07:00:00   ;     0,0000
24.06.2010 07:00:00   ;     0,0000
25.06.2010 07:00:00   ;     0,0000
26.06.2010 07:00:00   ;     0,0000
27.06.2010 07:00:00   ;     0,0000
28.06.2010 07:00:00   ;     0,0000
29.06.2010 07:00:00   ;     0,0000
30.06.2010 07:00:00   ;     0,0000
01.07.2010 07:00:00   ;     0,0000
02.07.2010 07:00:00   ;     0,0000
03.07.2010 07:00:00   ;     0,0000
04.07.2010 07:00:00   ;     0,0000
05.07.2010 07:00:00   ;     0,0000
06.07.2010 07:00:00   ;     0,0000
07.07.2010 07:00:00   ;     0,0000
08.07.2010 07:00:00   ;     0,0000
09.07.2010 07:00:00   ;     0,0000
10.07.2010 07:00:00   ;     0,0000
11.07.2010 07:00:00   ;     0,0000
12.07.2010 07:00:00   ;     0,0000
13.07.2010 07:00:00   ;     0,0000
14.07.2010 07:00:00   ;     0,0000
15.07.2010 07:00:00   ;     0,0000
16.07.2010 07:00:00   ;     0,0000
17.07.2010 07:00:00   ;     0,0000
18.07.2010 07:00:00   ;     0,0000
19.07.2010 07:00:00   ;     0,0000
20.07.2010 07:00:00   ;     0,0000
21.07.2010 07:00:00   ;     0,0000
22.07.2010 07:00:00   ;     0,0000
23.07.2010 07:00:00   ;     0,0000
24.07.2010 07:00:00   ;     0,0000
25.07.2010 07:00:00   ;     0,0000
26.07.2010 07:00:00   ;     0,0000
27.07.2010 07:00:00   ;     0,0000
28.07.2010 07:00:00   ;     0,0000
29.07.2010 07:00:00   ;     0,0000
30.07.2010 07:00:00   ;     0,0000
31.07.2010 07:00:00   ;     0,0000
01.08.2010 07:00:00   ;     0,0000
02.08.2010 07:00:00   ;     0,0000
03.08.2010 07:00:00   ;     0,0000
04.08.2010 07:00:00   ;     0,0000
05.08.2010 07:00:00   ;     0,0000
06.08.2010 07:00:00   ;     0,0000
07.08.2010 07:00:00   ;     0,0000
08.08.2010 07:00:00   ;     0,0000
09.08.2010 07:00:00   ;     0,0000
10.08.2010 07:00:00   ;     0,0000
11.08.2010 07:00:00   ;     0,0000
12.08.2010 07:00:00   ;     0,0000
13.08.2010 07:00:00   ;     0,0000
14.08.2010 07:00:00   ;     0,0000
15.08.2010 07:00:00   ;     0,0000
16.08.2010 07:00:00   ;     0,0000
17.08.2010 07:00:00   ;     0,0000
18.08.2010 07:00:00   ;     0,0000
19.08.2010 07:00:00   ;     0,0000
20.08.2010 07:00:00   ;     0,0000
21.08.2010 07:00:00   ;     0,0000
22.08.2010 07:00:00   ;     0,0000
23.08.2010 07:00:00   ;     0,0000
24.08.2010 07:00:00   ;     0,0000
25.08.2010 07:00:00   ;     0,0000
26.08.2010 07:00:00   ;     0,0000
27.08.2010 07:00:00   ;     0,0000
28.08.2010 07:00:00   ;     0,0000
29.08.2010 07:00:00   ;     0,0000
30.08.2010 07:00:00   ;     0,0000
31.08.2010 07:00:00   ;     0,0000
01.09.2010 07:00:00   ;     0,0000
02.09.2010 07:00:00   ;     0,0000
03.09.2010 07:00:00   ;     0,0000
04.09.2010 07:00:00   ;     0,0000
05.09.2010 07:00:00   ;     0,0000
06.09.2010 07:00:00   ;     0,0000
07.09.2010 07:00:00   ;     0,0000
08.09.2010 07:00:00   ;     0,0000
09.09.2010 07:00:00   ;     0,0000
10.09.2010 07:00:00   ;     0,0000
11.09.2010 07:00:00   ;     0,0000
12.09.2010 07:00:00   ;     0,0000
13.09.2010 07:00:00   ;     0,0000
14.09.2010 07:00:00   ;     0,0000
15.09.2010 07:00:00   ;     0,0000
16.09.2010 07:00:00   ;     0,0000
17.09.2010 07:00:00   ;     0,0000
18.09.2010 07:00:00   ;     0,0000
19.09.2010 07:00:00   ;     0,0000
20.09.2010 07:00:00   ;     0,0000
21.09.2010 07:00:00   ;     0,0000
22.09.2010 07:00:00   ;     0,0000
23.09.2010 07:00:00   ;     0,0000
24.09.2010 07:00:00   ;     0,0000
25.09.2010 07:00:00   ;     0,0000
26.09.2010 07:00:00   ;     0,0000
27.09.2010 07:00:00   ;     0,0000
28.09.2010 07:00:00   ;     0,0000
29.09.2010 07:00:00   ;     0,0000
30.09.2010 07:00:00   ;     0,0000
01.10.2010 07:00:00   ;     0,0000
02.10.2010 07:00:00   ;     0,0000
03.10.2010 07:00:00   ;     0,0000
04.10.2010 07:00:00   ;     0,0000
05.10.2010 07:00:00   ;     0,0000
06.10.2010 07:00:00   ;     0,0000
07.10.2010 07:00:00   ;     0,0000
08.10.2010 07:00:00   ;     0,0000
09.10.2010 07:00:00   ;     0,0000
10.10.2010 07:00:00   ;     0,0000
11.10.2010 07:00:00   ;     0,0000
12.10.2010 07:00:00   ;     0,0000
13.10.2010 07:00:00   ;     0,0000
14.10.2010 07:00:00   ;     0,0000
15.10.2010 07:00:00   ;     0,0000
16.10.2010 07:00:00   ;     0,0000
17.10.2010 07:00:00   ;     2,0000
18.10.2010 07:00:00   ;     9,0000
19.10.2010 07:00:00   ;     5,0000
20.10.2010 07:00:00   ;     0,0000
21.10.2010 07:00:00   ;     0,0000
22.10.2010 07:00:00   ;     0,0000
23.10.2010 07:00:00   ;     0,0000
24.10.2010 07:00:00   ;     0,0000
25.10.2010 07:00:00   ;     0,0000
26.10.2010 07:00:00   ;    31,0000
27.10.2010 07:00:00   ;    26,0000
28.10.2010 07:00:00   ;    23,0000
29.10.2010 07:00:00   ;    21,0000
30.10.2010 07:00:00   ;    19,0000
31.10.2010 07:00:00   ;    15,0000
01.11.2010 07:00:00   ;     0,0000
02.11.2010 07:00:00   ;     0,0000
03.11.2010 07:00:00   ;     0,0000
04.11.2010 07:00:00   ;     0,0000
05.11.2010 07:00:00   ;     0,0000
06.11.2010 07:00:00   ;     0,0000
07.11.2010 07:00:00   ;     0,0000
08.11.2010 07:00:00   ;     0,0000
09.11.2010 07:00:00   ;     0,0000
10.11.2010 07:00:00   ;     3,0000
11.11.2010 07:00:00   ;     0,0000
12.11.2010 07:00:00   ;     0,0000
13.11.2010 07:00:00   ;     0,0000
14.11.2010 07:00:00   ;     0,0000
15.11.2010 07:00:00   ;     0,0000
16.11.2010 07:00:00   ;     0,0000
17.11.2010 07:00:00   ;     0,0000
18.11.2010 07:00:00   ;     0,0000
19.11.2010 07:00:00   ;     0,0000
20.11.2010 07:00:00   ;     0,0000
21.11.2010 07:00:00   ;     0,0000
22.11.2010 07:00:00   ;     0,0000
23.11.2010 07:00:00   ;     0,0000
24.11.2010 07:00:00   ;     0,0000
25.11.2010 07:00:00   ;     0,0000
26.11.2010 07:00:00   ;     0,0000
27.11.2010 07:00:00   ;    34,0000
28.11.2010 07:00:00   ;    28,0000
29.11.2010 07:00:00   ;    54,0000
30.11.2010 07:00:00   ;    66,0000
01.12.2010 07:00:00   ;    66,0000
02.12.2010 07:00:00   ;    73,0000
03.12.2010 07:00:00   ;    86,0000
04.12.2010 07:00:00   ;    86,0000
05.12.2010 07:00:00   ;    82,0000
06.12.2010 07:00:00   ;    75,0000
07.12.2010 07:00:00   ;    58,0000
08.12.2010 07:00:00   ;    38,0000
09.12.2010 07:00:00   ;    36,0000
10.12.2010 07:00:00   ;    38,0000
11.12.2010 07:00:00   ;    35,0000
12.12.2010 07:00:00   ;    35,0000
13.12.2010 07:00:00   ;    35,0000
14.12.2010 07:00:00   ;    35,0000
15.12.2010 07:00:00   ;    34,0000
16.12.2010 07:00:00   ;    34,0000
17.12.2010 07:00:00   ;    34,0000
18.12.2010 07:00:00   ;    54,0000
19.12.2010 07:00:00   ;    51,0000
20.12.2010 07:00:00   ;    46,0000
21.12.2010 07:00:00   ;    45,0000
22.12.2010 07:00:00   ;    40,0000
23.12.2010 07:00:00   ;    35,0000
24.12.2010 07:00:00   ;    28,0000
25.12.2010 07:00:00   ;    26,0000
26.12.2010 07:00:00   ;    28,0000
27.12.2010 07:00:00   ;    27,0000
28.12.2010 07:00:00   ;    27,0000
29.12.2010 07:00:00   ;    27,0000
30.12.2010 07:00:00   ;    27,0000
31.12.2010 07:00:00   ;    27,0000
01.01.2011 07:00:00   ;    27,0000
02.01.2011 07:00:00   ;    27,0000
03.01.2011 07:00:00   ;    26,0000
04.01.2011 07:00:00   ;    26,0000
05.01.2011 07:00:00   ;    26,0000
06.01.2011 07:00:00   ;    26,0000
07.01.2011 07:00:00   ;    25,0000
08.01.2011 07:00:00   ;    25,0000
09.01.2011 07:00:00   ;    23,0000
10.01.2011 07:00:00   ;    19,0000
11.01.2011 07:00:00   ;    10,0000
12.01.2011 07:00:00   ;    10,0000
13.01.2011 07:00:00   ;    10,0000
14.01.2011 07:00:00   ;     9,0000
15.01.2011 07:00:00   ;     9,0000
16.01.2011 07:00:00   ;     9,0000
17.01.2011 07:00:00   ;     9,0000
18.01.2011 07:00:00   ;     8,0000
19.01.2011 07:00:00   ;     8,0000
20.01.2011 07:00:00   ;    22,0000
21.01.2011 07:00:00   ;    20,0000
22.01.2011 07:00:00   ;    19,0000
23.01.2011 07:00:00   ;    18,0000
24.01.2011 07:00:00   ;    17,0000
25.01.2011 07:00:00   ;    17,0000
26.01.2011 07:00:00   ;    17,0000
27.01.2011 07:00:00   ;    16,0000
28.01.2011 07:00:00   ;    16,0000
29.01.2011 07:00:00   ;    16,0000
30.01.2011 07:00:00   ;    16,0000
31.01.2011 07:00:00   ;    16,0000
01.02.2011 07:00:00   ;    16,0000
02.02.2011 07:00:00   ;    16,0000
03.02.2011 07:00:00   ;    15,0000
04.02.2011 07:00:00   ;    15,0000
05.02.2011 07:00:00   ;    15,0000
06.02.2011 07:00:00   ;    14,0000
07.02.2011 07:00:00   ;    14,0000
08.02.2011 07:00:00   ;    14,0000
09.02.2011 07:00:00   ;    13,0000
10.02.2011 07:00:00   ;    12,0000
11.02.2011 07:00:00   ;    11,0000
12.02.2011 07:00:00   ;    10,0000
13.02.2011 07:00:00   ;    10,0000
14.02.2011 07:00:00   ;     9,0000
15.02.2011 07:00:00   ;     8,0000
16.02.2011 07:00:00   ;     6,0000
17.02.2011 07:00:00   ;    29,0000
18.02.2011 07:00:00   ;    28,0000
19.02.2011 07:00:00   ;    24,0000
20.02.2011 07:00:00   ;    22,0000
21.02.2011 07:00:00   ;    22,0000
22.02.2011 07:00:00   ;    22,0000
23.02.2011 07:00:00   ;    22,0000
24.02.2011 07:00:00   ;    21,0000
25.02.2011 07:00:00   ;    21,0000
26.02.2011 07:00:00   ;    21,0000
27.02.2011 07:00:00   ;    21,0000
28.02.2011 07:00:00   ;    23,0000
01.03.2011 07:00:00   ;    22,0000
02.03.2011 07:00:00   ;    21,0000
03.03.2011 07:00:00   ;    25,0000
04.03.2011 07:00:00   ;    24,0000
05.03.2011 07:00:00   ;    23,0000
06.03.2011 07:00:00   ;    23,0000
07.03.2011 07:00:00   ;    22,0000
08.03.2011 07:00:00   ;    22,0000
09.03.2011 07:00:00   ;    22,0000
10.03.2011 07:00:00   ;    22,0000
11.03.2011 07:00:00   ;    22,0000
12.03.2011 07:00:00   ;    21,0000
13.03.2011 07:00:00   ;    19,0000
14.03.2011 07:00:00   ;    15,0000
15.03.2011 07:00:00   ;    12,0000
16.03.2011 07:00:00   ;     9,0000
17.03.2011 07:00:00   ;     5,0000
18.03.2011 07:00:00   ;     0,0000
19.03.2011 07:00:00   ;     0,0000
20.03.2011 07:00:00   ;     0,0000
21.03.2011 07:00:00   ;     0,0000
22.03.2011 07:00:00   ;     0,0000
23.03.2011 07:00:00   ;     0,0000
24.03.2011 07:00:00   ;     0,0000
25.03.2011 07:00:00   ;     0,0000
26.03.2011 07:00:00   ;     0,0000
27.03.2011 07:00:00   ;     0,0000
28.03.2011 07:00:00   ;     0,0000
29.03.2011 07:00:00   ;     0,0000
30.03.2011 07:00:00   ;     0,0000
31.03.2011 07:00:00   ;     0,0000
01.04.2011 07:00:00   ;     0,0000
02.04.2011 07:00:00   ;     0,0000
03.04.2011 07:00:00   ;     0,0000
04.04.2011 07:00:00   ;     0,0000
05.04.2011 07:00:00   ;     0,0000
06.04.2011 07:00:00   ;     0,0000
07.04.2011 07:00:00   ;     0,0000
08.04.2011 07:00:00   ;     0,0000
09.04.2011 07:00:00   ;     0,0000
10.04.2011 07:00:00   ;     0,0000
11.04.2011 07:00:00   ;     0,0000
12.04.2011 07:00:00   ;     0,0000
13.04.2011 07:00:00   ;     1,0000
14.04.2011 07:00:00   ;     0,0000
15.04.2011 07:00:00   ;     0,0000
16.04.2011 07:00:00   ;     0,0000
17.04.2011 07:00:00   ;     0,0000
18.04.2011 07:00:00   ;     0,0000
19.04.2011 07:00:00   ;     0,0000
20.04.2011 07:00:00   ;     0,0000
21.04.2011 07:00:00   ;     0,0000
22.04.2011 07:00:00   ;     0,0000
23.04.2011 07:00:00   ;     0,0000
24.04.2011 07:00:00   ;     0,0000
25.04.2011 07:00:00   ;     0,0000
26.04.2011 07:00:00   ;     0,0000
27.04.2011 07:00:00   ;     0,0000
28.04.2011 07:00:00   ;     0,0000
29.04.2011 07:00:00   ;     0,0000
30.04.2011 07:00:00   ;     0,0000
01.05.2011 07:00:00   ;     0,0000
02.05.2011 07:00:00   ;     0,0000
03.05.2011 07:00:00   ;     0,0000
04.05.2011 07:00:00   ;     0,0000
05.05.2011 07:00:00   ;     0,0000
06.05.2011 07:00:00   ;     0,0000
07.05.2011 07:00:00   ;     0,0000
08.05.2011 07:00:00   ;     0,0000
09.05.2011 07:00:00   ;     0,0000
10.05.2011 07:00:00   ;     0,0000
11.05.2011 07:00:00   ;     0,0000
12.05.2011 07:00:00   ;     0,0000
13.05.2011 07:00:00   ;     0,0000
14.05.2011 07:00:00   ;     0,0000
15.05.2011 07:00:00   ;     0,0000
16.05.2011 07:00:00   ;     0,0000
17.05.2011 07:00:00   ;     0,0000
18.05.2011 07:00:00   ;     0,0000
19.05.2011 07:00:00   ;     0,0000
20.05.2011 07:00:00   ;     0,0000
21.05.2011 07:00:00   ;     0,0000
22.05.2011 07:00:00   ;     0,0000
23.05.2011 07:00:00   ;     0,0000
24.05.2011 07:00:00   ;     0,0000
25.05.2011 07:00:00   ;     0,0000
26.05.2011 07:00:00   ;     0,0000
27.05.2011 07:00:00   ;     0,0000
28.05.2011 07:00:00   ;     0,0000
29.05.2011 07:00:00   ;     0,0000
30.05.2011 07:00:00   ;     0,0000
31.05.2011 07:00:00   ;     0,0000
01.06.2011 07:00:00   ;     0,0000
02.06.2011 07:00:00   ;     0,0000
03.06.2011 07:00:00   ;     0,0000
04.06.2011 07:00:00   ;     0,0000
05.06.2011 07:00:00   ;     0,0000
06.06.2011 07:00:00   ;     0,0000
07.06.2011 07:00:00   ;     0,0000
08.06.2011 07:00:00   ;     0,0000
09.06.2011 07:00:00   ;     0,0000
10.06.2011 07:00:00   ;     0,0000
11.06.2011 07:00:00   ;     0,0000
12.06.2011 07:00:00   ;     0,0000
13.06.2011 07:00:00   ;     0,0000
14.06.2011 07:00:00   ;     0,0000
15.06.2011 07:00:00   ;     0,0000
16.06.2011 07:00:00   ;     0,0000
17.06.2011 07:00:00   ;     0,0000
18.06.2011 07:00:00   ;     0,0000
19.06.2011 07:00:00   ;     0,0000
20.06.2011 07:00:00   ;     0,0000
21.06.2011 07:00:00   ;     0,0000
22.06.2011 07:00:00   ;     0,0000
23.06.2011 07:00:00   ;     0,0000
24.06.2011 07:00:00   ;     0,0000
25.06.2011 07:00:00   ;     0,0000
26.06.2011 07:00:00   ;     0,0000
27.06.2011 07:00:00   ;     0,0000
28.06.2011 07:00:00   ;     0,0000
29.06.2011 07:00:00   ;     0,0000
30.06.2011 07:00:00   ;     0,0000
01.07.2011 07:00:00   ;     0,0000
02.07.2011 07:00:00   ;     0,0000
03.07.2011 07:00:00   ;     0,0000
04.07.2011 07:00:00   ;     0,0000
05.07.2011 07:00:00   ;     0,0000
06.07.2011 07:00:00   ;     0,0000
07.07.2011 07:00:00   ;     0,0000
08.07.2011 07:00:00   ;     0,0000
09.07.2011 07:00:00   ;     0,0000
10.07.2011 07:00:00   ;     0,0000
11.07.2011 07:00:00   ;     0,0000
12.07.2011 07:00:00   ;     0,0000
13.07.2011 07:00:00   ;     0,0000
14.07.2011 07:00:00   ;     0,0000
15.07.2011 07:00:00   ;     0,0000
16.07.2011 07:00:00   ;     0,0000
17.07.2011 07:00:00   ;     0,0000
18.07.2011 07:00:00   ;     0,0000
19.07.2011 07:00:00   ;     0,0000
20.07.2011 07:00:00   ;     0,0000
21.07.2011 07:00:00   ;     0,0000
22.07.2011 07:00:00   ;     0,0000
23.07.2011 07:00:00   ;     0,0000
24.07.2011 07:00:00   ;     0,0000
25.07.2011 07:00:00   ;     0,0000
26.07.2011 07:00:00   ;     0,0000
27.07.2011 07:00:00   ;     0,0000
28.07.2011 07:00:00   ;     0,0000
29.07.2011 07:00:00   ;     0,0000
30.07.2011 07:00:00   ;     0,0000
31.07.2011 07:00:00   ;     0,0000
01.08.2011 07:00:00   ;     0,0000
02.08.2011 07:00:00   ;     0,0000
03.08.2011 07:00:00   ;     0,0000
04.08.2011 07:00:00   ;     0,0000
05.08.2011 07:00:00   ;     0,0000
06.08.2011 07:00:00   ;     0,0000
07.08.2011 07:00:00   ;     0,0000
08.08.2011 07:00:00   ;     0,0000
09.08.2011 07:00:00   ;     0,0000
10.08.2011 07:00:00   ;     0,0000
11.08.2011 07:00:00   ;     0,0000
12.08.2011 07:00:00   ;     0,0000
13.08.2011 07:00:00   ;     0,0000
14.08.2011 07:00:00   ;     0,0000
15.08.2011 07:00:00   ;     0,0000
16.08.2011 07:00:00   ;     0,0000
17.08.2011 07:00:00   ;     0,0000
18.08.2011 07:00:00   ;     0,0000
19.08.2011 07:00:00   ;     0,0000
20.08.2011 07:00:00   ;     0,0000
21.08.2011 07:00:00   ;     0,0000
22.08.2011 07:00:00   ;     0,0000
23.08.2011 07:00:00   ;     0,0000
24.08.2011 07:00:00   ;     0,0000
25.08.2011 07:00:00   ;     0,0000
26.08.2011 07:00:00   ;     0,0000
27.08.2011 07:00:00   ;     0,0000
28.08.2011 07:00:00   ;     0,0000
29.08.2011 07:00:00   ;     0,0000
30.08.2011 07:00:00   ;     0,0000
31.08.2011 07:00:00   ;     0,0000
01.09.2011 07:00:00   ;     0,0000
02.09.2011 07:00:00   ;     0,0000
03.09.2011 07:00:00   ;     0,0000
04.09.2011 07:00:00   ;     0,0000
05.09.2011 07:00:00   ;     0,0000
06.09.2011 07:00:00   ;     0,0000
07.09.2011 07:00:00   ;     0,0000
08.09.2011 07:00:00   ;     0,0000
09.09.2011 07:00:00   ;     0,0000
10.09.2011 07:00:00   ;     0,0000
11.09.2011 07:00:00   ;     0,0000
12.09.2011 07:00:00   ;     0,0000
13.09.2011 07:00:00   ;     0,0000
14.09.2011 07:00:00   ;     0,0000
15.09.2011 07:00:00   ;     0,0000
16.09.2011 07:00:00   ;     0,0000
17.09.2011 07:00:00   ;     0,0000
18.09.2011 07:00:00   ;     0,0000
19.09.2011 07:00:00   ;     0,0000
20.09.2011 07:00:00   ;     0,0000
21.09.2011 07:00:00   ;     0,0000
22.09.2011 07:00:00   ;     0,0000
23.09.2011 07:00:00   ;     0,0000
24.09.2011 07:00:00   ;     0,0000
25.09.2011 07:00:00   ;     0,0000
26.09.2011 07:00:00   ;     0,0000
27.09.2011 07:00:00   ;     0,0000
28.09.2011 07:00:00   ;     0,0000
29.09.2011 07:00:00   ;     0,0000
30.09.2011 07:00:00   ;     0,0000
01.10.2011 07:00:00   ;     0,0000
02.10.2011 07:00:00   ;     0,0000
03.10.2011 07:00:00   ;     0,0000
04.10.2011 07:00:00   ;     0,0000
05.10.2011 07:00:00   ;     0,0000
06.10.2011 07:00:00   ;     0,0000
07.10.2011 07:00:00   ;     0,001
08.10.2011 07:00:00   ;    14,0000
09.10.2011 07:00:00   ;    11,0000
10.10.2011 07:00:00   ;    10,0000
11.10.2011 07:00:00   ;     7,0000
12.10.2011 07:00:00   ;     0,0000
13.10.2011 07:00:00   ;     0,0000
14.10.2011 07:00:00   ;     0,0000
15.10.2011 07:00:00   ;     0,0000
16.10.2011 07:00:00   ;     0,0000
17.10.2011 07:00:00   ;     0,0000
18.10.2011 07:00:00   ;     0,0000
19.10.2011 07:00:00   ;     0,0000
20.10.2011 07:00:00   ;     0,0000
21.10.2011 07:00:00   ;    25,0000
22.10.2011 07:00:00   ;    20,0000
23.10.2011 07:00:00   ;    18,0000
24.10.2011 07:00:00   ;    14,0000
25.10.2011 07:00:00   ;    10,0000
26.10.2011 07:00:00   ;     4,0000
27.10.2011 07:00:00   ;     0,0000
28.10.2011 07:00:00   ;     0,0000
29.10.2011 07:00:00   ;     0,0000
30.10.2011 07:00:00   ;     0,0000
31.10.2011 07:00:00   ;     0,0000
01.11.2011 07:00:00   ;     0,0000
02.11.2011 07:00:00   ;     0,0000
03.11.2011 07:00:00   ;     0,0000
04.11.2011 07:00:00   ;     0,0000
05.11.2011 07:00:00   ;     0,0000
06.11.2011 07:00:00   ;     0,0000
07.11.2011 07:00:00   ;     0,0000
08.11.2011 07:00:00   ;     0,0000
09.11.2011 07:00:00   ;     0,0000
10.11.2011 07:00:00   ;     0,0000
11.11.2011 07:00:00   ;     0,0000
12.11.2011 07:00:00   ;     0,0000
13.11.2011 07:00:00   ;     0,0000
14.11.2011 07:00:00   ;     0,0000
15.11.2011 07:00:00   ;     0,0000
16.11.2011 07:00:00   ;     0,0000
17.11.2011 07:00:00   ;     0,0000
18.11.2011 07:00:00   ;     0,0000
19.11.2011 07:00:00   ;     0,0000
20.11.2011 07:00:00   ;     0,0000
21.11.2011 07:00:00   ;     0,0000
22.11.2011 07:00:00   ;     0,0000
23.11.2011 07:00:00   ;     0,0000
24.11.2011 07:00:00   ;     0,0000
25.11.2011 07:00:00   ;     0,0000
26.11.2011 07:00:00   ;     0,0000
27.11.2011 07:00:00   ;     0,0000
28.11.2011 07:00:00   ;     0,0000
29.11.2011 07:00:00   ;     0,0000
30.11.2011 07:00:00   ;     0,0000
01.12.2011 07:00:00   ;     0,0000
02.12.2011 07:00:00   ;     0,0000
03.12.2011 07:00:00   ;     0,0000
04.12.2011 07:00:00   ;     0,0000
05.12.2011 07:00:00   ;     0,0000
06.12.2011 07:00:00   ;     0,0000
07.12.2011 07:00:00   ;     0,0000
08.12.2011 07:00:00   ;     0,0000
09.12.2011 07:00:00   ;     0,0000
10.12.2011 07:00:00   ;     0,0000
11.12.2011 07:00:00   ;     0,0000
12.12.2011 07:00:00   ;     0,0000
13.12.2011 07:00:00   ;     2,0000
14.12.2011 07:00:00   ;     2,0000
15.12.2011 07:00:00   ;     0,0000
16.12.2011 07:00:00   ;    10,0000
17.12.2011 07:00:00   ;    15,0000
18.12.2011 07:00:00   ;    12,0000
19.12.2011 07:00:00   ;    12,0000
20.12.2011 07:00:00   ;    11,0000
21.12.2011 07:00:00   ;    11,0000
22.12.2011 07:00:00   ;    11,0000
23.12.2011 07:00:00   ;    11,0000
24.12.2011 07:00:00   ;    10,0000
25.12.2011 07:00:00   ;    10,0000
26.12.2011 07:00:00   ;    10,0000
27.12.2011 07:00:00   ;    10,0000
28.12.2011 07:00:00   ;    10,0000
29.12.2011 07:00:00   ;    10,0000
30.12.2011 07:00:00   ;    16,0000
31.12.2011 07:00:00   ;    15,0000
01.01.2012 07:00:00   ;    15,0000
02.01.2012 07:00:00   ;    11,0000
03.01.2012 07:00:00   ;    12,0000
04.01.2012 07:00:00   ;    12,0000
05.01.2012 07:00:00   ;    12,0000
06.01.2012 07:00:00   ;    13,0000
07.01.2012 07:00:00   ;    13,0000
08.01.2012 07:00:00   ;    12,0000
09.01.2012 07:00:00   ;    12,0000
10.01.2012 07:00:00   ;    12,0000
11.01.2012 07:00:00   ;    12,0000
12.01.2012 07:00:00   ;    12,0000
13.01.2012 07:00:00   ;    11,0000
14.01.2012 07:00:00   ;    11,0000
15.01.2012 07:00:00   ;    11,0000
16.01.2012 07:00:00   ;    11,0000
17.01.2012 07:00:00   ;    11,0000
18.01.2012 07:00:00   ;    11,0000
19.01.2012 07:00:00   ;    11,0000
20.01.2012 07:00:00   ;    11,0000
21.01.2012 07:00:00   ;    18,0000
22.01.2012 07:00:00   ;    18,0000
23.01.2012 07:00:00   ;    17,0000
24.01.2012 07:00:00   ;    22,0000
25.01.2012 07:00:00   ;    21,0000
26.01.2012 07:00:00   ;    21,0000
27.01.2012 07:00:00   ;    21,0000
28.01.2012 07:00:00   ;    20,0000
29.01.2012 07:00:00   ;    19,0000
30.01.2012 07:00:00   ;    23,0000
31.01.2012 07:00:00   ;    22,0000
01.02.2012 07:00:00   ;    21,0000
02.02.2012 07:00:00   ;    25,0000
03.02.2012 07:00:00   ;    24,0000
04.02.2012 07:00:00   ;    24,0000
05.02.2012 07:00:00   ;    31,0000
06.02.2012 07:00:00   ;    31,0000
07.02.2012 07:00:00   ;    47,0000
08.02.2012 07:00:00   ;    53,0000
09.02.2012 07:00:00   ;    46,0000
10.02.2012 07:00:00   ;    44,0000
11.02.2012 07:00:00   ;    43,0000
12.02.2012 07:00:00   ;    47,0000
13.02.2012 07:00:00   ;    52,0000
14.02.2012 07:00:00   ;    48,0000
15.02.2012 07:00:00   ;    45,0000
16.02.2012 07:00:00   ;    47,0000
17.02.2012 07:00:00   ;    46,0000
18.02.2012 07:00:00   ;    45,0000
19.02.2012 07:00:00   ;    43,0000
20.02.2012 07:00:00   ;    74,0000
21.02.2012 07:00:00   ;    73,0000
22.02.2012 07:00:00   ;    70,0000
23.02.2012 07:00:00   ;    68,0000
24.02.2012 07:00:00   ;    60,0000
25.02.2012 07:00:00   ;    54,0000
26.02.2012 07:00:00   ;    52,0000
27.02.2012 07:00:00   ;    49,0000
28.02.2012 07:00:00   ;    49,0000
29.02.2012 07:00:00   ;    47,0000
01.03.2012 07:00:00   ;    42,0000
02.03.2012 07:00:00   ;    41,0000
03.03.2012 07:00:00   ;    39,0000
04.03.2012 07:00:00   ;    35,0000
05.03.2012 07:00:00   ;    32,0000
06.03.2012 07:00:00   ;    32,0000
07.03.2012 07:00:00   ;    32,0000
08.03.2012 07:00:00   ;    32,0000
09.03.2012 07:00:00   ;    31,0000
10.03.2012 07:00:00   ;    31,0000
11.03.2012 07:00:00   ;    30,0000
12.03.2012 07:00:00   ;    28,0000
13.03.2012 07:00:00   ;    26,0000
14.03.2012 07:00:00   ;    22,0000
15.03.2012 07:00:00   ;    16,0000
16.03.2012 07:00:00   ;    13,0000
17.03.2012 07:00:00   ;    11,0000
18.03.2012 07:00:00   ;     5,0000
19.03.2012 07:00:00   ;     0,0000
20.03.2012 07:00:00   ;     0,0000
21.03.2012 07:00:00   ;     0,0000
22.03.2012 07:00:00   ;     0,0000
23.03.2012 07:00:00   ;     0,0000
24.03.2012 07:00:00   ;     0,0000
25.03.2012 07:00:00   ;     0,0000
26.03.2012 07:00:00   ;     0,0000
27.03.2012 07:00:00   ;     0,0000
28.03.2012 07:00:00   ;     0,0000
29.03.2012 07:00:00   ;     0,0000
30.03.2012 07:00:00   ;     0,0000
31.03.2012 07:00:00   ;     0,0000
01.04.2012 07:00:00   ;     0,0000
02.04.2012 07:00:00   ;     0,0000
03.04.2012 07:00:00   ;     0,0000
04.04.2012 07:00:00   ;     0,0000
05.04.2012 07:00:00   ;     0,0000
06.04.2012 07:00:00   ;     0,0000
07.04.2012 07:00:00   ;     0,0000
08.04.2012 07:00:00   ;     2,0000
09.04.2012 07:00:00   ;     0,0000
10.04.2012 07:00:00   ;     0,0000
11.04.2012 07:00:00   ;     0,0000
12.04.2012 07:00:00   ;     0,0000
13.04.2012 07:00:00   ;     0,0000
14.04.2012 07:00:00   ;     0,0000
15.04.2012 07:00:00   ;     0,0000
16.04.2012 07:00:00   ;     0,0000
17.04.2012 07:00:00   ;     0,0000
18.04.2012 07:00:00   ;     0,0000
19.04.2012 07:00:00   ;     0,0000
20.04.2012 07:00:00   ;     0,0000
21.04.2012 07:00:00   ;     0,0000
22.04.2012 07:00:00   ;     0,0000
23.04.2012 07:00:00   ;     8,0000
24.04.2012 07:00:00   ;     2,0000
25.04.2012 07:00:00   ;     0,0000
26.04.2012 07:00:00   ;     0,0000
27.04.2012 07:00:00   ;     0,0000
28.04.2012 07:00:00   ;     0,0000
29.04.2012 07:00:00   ;     0,0000
30.04.2012 07:00:00   ;     0,0000
01.05.2012 07:00:00   ;     0,0000
02.05.2012 07:00:00   ;     0,0000
03.05.2012 07:00:00   ;     0,0000
04.05.2012 07:00:00   ;     0,0000
05.05.2012 07:00:00   ;     0,0000
06.05.2012 07:00:00   ;     0,0000
07.05.2012 07:00:00   ;     0,0000
08.05.2012 07:00:00   ;     0,0000
09.05.2012 07:00:00   ;     0,0000
10.05.2012 07:00:00   ;     0,0000
11.05.2012 07:00:00   ;     0,0000
12.05.2012 07:00:00   ;     0,0000
13.05.2012 07:00:00   ;     0,0000
14.05.2012 07:00:00   ;     0,0000
15.05.2012 07:00:00   ;     0,0000
16.05.2012 07:00:00   ;     0,0000
17.05.2012 07:00:00   ;     2,0000
18.05.2012 07:00:00   ;     0,0000
19.05.2012 07:00:00   ;     0,0000
20.05.2012 07:00:00   ;     0,0000
21.05.2012 07:00:00   ;     0,0000
22.05.2012 07:00:00   ;     0,0000
23.05.2012 07:00:00   ;     0,0000
24.05.2012 07:00:00   ;     0,0000
25.05.2012 07:00:00   ;     0,0000
26.05.2012 07:00:00   ;     0,0000
27.05.2012 07:00:00   ;     0,0000
28.05.2012 07:00:00   ;     0,0000
29.05.2012 07:00:00   ;     0,0000
30.05.2012 07:00:00   ;     0,0000
31.05.2012 07:00:00   ;     0,0000
01.06.2012 07:00:00   ;     0,0000
02.06.2012 07:00:00   ;     0,0000
03.06.2012 07:00:00   ;     0,0000
04.06.2012 07:00:00   ;     0,0000
05.06.2012 07:00:00   ;     0,0000
06.06.2012 07:00:00   ;     0,0000
07.06.2012 07:00:00   ;     0,0000
08.06.2012 07:00:00   ;     0,0000
09.06.2012 07:00:00   ;     0,0000
10.06.2012 07:00:00   ;     0,0000
11.06.2012 07:00:00   ;     0,0000
12.06.2012 07:00:00   ;     0,0000
13.06.2012 07:00:00   ;     0,0000
14.06.2012 07:00:00   ;     0,0000
15.06.2012 07:00:00   ;     0,0000
16.06.2012 07:00:00   ;     0,0000
17.06.2012 07:00:00   ;     0,0000
18.06.2012 07:00:00   ;     0,0000
19.06.2012 07:00:00   ;     0,0000
20.06.2012 07:00:00   ;     0,0000
21.06.2012 07:00:00   ;     0,0000
22.06.2012 07:00:00   ;     0,0000
23.06.2012 07:00:00   ;     0,0000
24.06.2012 07:00:00   ;     0,0000
25.06.2012 07:00:00   ;     0,0000
26.06.2012 07:00:00   ;     0,0000
27.06.2012 07:00:00   ;     0,0000
28.06.2012 07:00:00   ;     0,0000
29.06.2012 07:00:00   ;     0,0000
30.06.2012 07:00:00   ;     0,0000
01.07.2012 07:00:00   ;     0,0000
02.07.2012 07:00:00   ;     0,0000
03.07.2012 07:00:00   ;     0,0000
04.07.2012 07:00:00   ;     0,0000
05.07.2012 07:00:00   ;     0,0000
06.07.2012 07:00:00   ;     0,0000
07.07.2012 07:00:00   ;     0,0000
08.07.2012 07:00:00   ;     0,0000
09.07.2012 07:00:00   ;     0,0000
10.07.2012 07:00:00   ;     0,0000
11.07.2012 07:00:00   ;     0,0000
12.07.2012 07:00:00   ;     0,0000
13.07.2012 07:00:00   ;     0,0000
14.07.2012 07:00:00   ;     0,0000
15.07.2012 07:00:00   ;     0,0000
16.07.2012 07:00:00   ;     0,0000
17.07.2012 07:00:00   ;     0,0000
18.07.2012 07:00:00   ;     0,0000
19.07.2012 07:00:00   ;     0,0000
20.07.2012 07:00:00   ;     0,0000
21.07.2012 07:00:00   ;     0,0000
22.07.2012 07:00:00   ;     0,0000
23.07.2012 07:00:00   ;     0,0000
24.07.2012 07:00:00   ;     0,0000
25.07.2012 07:00:00   ;     0,0000
26.07.2012 07:00:00   ;     0,0000
27.07.2012 07:00:00   ;     0,0000
28.07.2012 07:00:00   ;     0,0000
29.07.2012 07:00:00   ;     0,0000
30.07.2012 07:00:00   ;     0,0000
31.07.2012 07:00:00   ;     0,0000
01.08.2012 07:00:00   ;     0,0000
02.08.2012 07:00:00   ;     0,0000
03.08.2012 07:00:00   ;     0,0000
04.08.2012 07:00:00   ;     0,0000
05.08.2012 07:00:00   ;     0,0000
06.08.2012 07:00:00   ;     0,0000
07.08.2012 07:00:00   ;     0,0000
08.08.2012 07:00:00   ;     0,0000
09.08.2012 07:00:00   ;     0,0000
10.08.2012 07:00:00   ;     0,0000
11.08.2012 07:00:00   ;     0,0000
12.08.2012 07:00:00   ;     0,0000
13.08.2012 07:00:00   ;     0,0000
14.08.2012 07:00:00   ;     0,0000
15.08.2012 07:00:00   ;     0,0000
16.08.2012 07:00:00   ;     0,0000
17.08.2012 07:00:00   ;     0,0000
18.08.2012 07:00:00   ;     0,0000
19.08.2012 07:00:00   ;     0,0000
20.08.2012 07:00:00   ;     0,0000
21.08.2012 07:00:00   ;     0,0000
22.08.2012 07:00:00   ;     0,0000
23.08.2012 07:00:00   ;     0,0000
24.08.2012 07:00:00   ;     0,0000
25.08.2012 07:00:00   ;     0,0000
26.08.2012 07:00:00   ;     0,0000
27.08.2012 07:00:00   ;     0,0000
28.08.2012 07:00:00   ;     0,0000
29.08.2012 07:00:00   ;     0,0000
30.08.2012 07:00:00   ;     0,0000
31.08.2012 07:00:00   ;     0,0000
01.09.2012 07:00:00   ;     0,0000
02.09.2012 07:00:00   ;     0,0000
03.09.2012 07:00:00   ;     0,0000
04.09.2012 07:00:00   ;     0,0000
05.09.2012 07:00:00   ;     0,0000
06.09.2012 07:00:00   ;     0,0000
07.09.2012 07:00:00   ;     0,0000
08.09.2012 07:00:00   ;     0,0000
09.09.2012 07:00:00   ;     0,0000
10.09.2012 07:00:00   ;     0,0000
11.09.2012 07:00:00   ;     0,0000
12.09.2012 07:00:00   ;     0,0000
13.09.2012 07:00:00   ;     0,0000
14.09.2012 07:00:00   ;     0,0000
15.09.2012 07:00:00   ;     0,0000
16.09.2012 07:00:00   ;     0,0000
17.09.2012 07:00:00   ;     0,0000
18.09.2012 07:00:00   ;     0,0000
19.09.2012 07:00:00   ;     0,0000
20.09.2012 07:00:00   ;     0,0000
21.09.2012 07:00:00   ;     0,0000
22.09.2012 07:00:00   ;     0,0000
23.09.2012 07:00:00   ;     0,0000
24.09.2012 07:00:00   ;     0,0000
25.09.2012 07:00:00   ;     0,0000
26.09.2012 07:00:00   ;     0,0000
27.09.2012 07:00:00   ;     0,0000
28.09.2012 07:00:00   ;     0,0000
29.09.2012 07:00:00   ;     0,0000
30.09.2012 07:00:00   ;     0,0000
01.10.2012 07:00:00   ;     0,0000
02.10.2012 07:00:00   ;     0,0000
03.10.2012 07:00:00   ;     0,0000
04.10.2012 07:00:00   ;     0,0000
05.10.2012 07:00:00   ;     0,0000
06.10.2012 07:00:00   ;     0,0000
07.10.2012 07:00:00   ;     0,0000
08.10.2012 07:00:00   ;     0,0000
09.10.2012 07:00:00   ;     0,0000
10.10.2012 07:00:00   ;     0,0000
11.10.2012 07:00:00   ;     0,0000
12.10.2012 07:00:00   ;     0,0000
13.10.2012 07:00:00   ;     0,0000
14.10.2012 07:00:00   ;     0,0000
15.10.2012 07:00:00   ;     0,0000
16.10.2012 07:00:00   ;     0,0000
17.10.2012 07:00:00   ;     0,0000
18.10.2012 07:00:00   ;     0,0000
19.10.2012 07:00:00   ;     0,0000
20.10.2012 07:00:00   ;     0,0000
21.10.2012 07:00:00   ;     0,0000
22.10.2012 07:00:00   ;     0,0000
23.10.2012 07:00:00   ;     0,0000
24.10.2012 07:00:00   ;     0,0000
25.10.2012 07:00:00   ;     0,0000
26.10.2012 07:00:00   ;     0,0000
27.10.2012 07:00:00   ;     0,0000
28.10.2012 07:00:00   ;    23,0000
29.10.2012 07:00:00   ;    40,0000
30.10.2012 07:00:00   ;    38,0000
31.10.2012 07:00:00   ;    35,0000
01.11.2012 07:00:00   ;    28,0000
02.11.2012 07:00:00   ;    23,0000
03.11.2012 07:00:00   ;    18,0000
04.11.2012 07:00:00   ;    13,0000
05.11.2012 07:00:00   ;     8,0000
06.11.2012 07:00:00   ;     5,0000
07.11.2012 07:00:00   ;     4,0000
08.11.2012 07:00:00   ;     3,0000
09.11.2012 07:00:00   ;     2,0000
10.11.2012 07:00:00   ;     0,0000
11.11.2012 07:00:00   ;     0,0000
12.11.2012 07:00:00   ;     0,0000
13.11.2012 07:00:00   ;     0,0000
14.11.2012 07:00:00   ;     0,0000
15.11.2012 07:00:00   ;     0,0000
16.11.2012 07:00:00   ;     0,0000
17.11.2012 07:00:00   ;     0,0000
18.11.2012 07:00:00   ;     0,0000
19.11.2012 07:00:00   ;     0,0000
20.11.2012 07:00:00   ;     0,0000
21.11.2012 07:00:00   ;     0,0000
22.11.2012 07:00:00   ;     0,0000
23.11.2012 07:00:00   ;     0,0000
24.11.2012 07:00:00   ;     0,0000
25.11.2012 07:00:00   ;     0,0000
26.11.2012 07:00:00   ;     0,0000
27.11.2012 07:00:00   ;     0,0000
28.11.2012 07:00:00   ;     0,0000
29.11.2012 07:00:00   ;     0,0000
30.11.2012 07:00:00   ;     0,0000
01.12.2012 07:00:00   ;     1,0000
02.12.2012 07:00:00   ;     4,0000
03.12.2012 07:00:00   ;    27,0000
04.12.2012 07:00:00   ;    26,0000
05.12.2012 07:00:00   ;    23,0000
06.12.2012 07:00:00   ;    21,0000
07.12.2012 07:00:00   ;    20,0000
08.12.2012 07:00:00   ;    31,0000
09.12.2012 07:00:00   ;    40,0000
10.12.2012 07:00:00   ;    35,0000
11.12.2012 07:00:00   ;    32,0000
12.12.2012 07:00:00   ;    31,0000
13.12.2012 07:00:00   ;    30,0000
14.12.2012 07:00:00   ;    26,0000
15.12.2012 07:00:00   ;    23,0000
16.12.2012 07:00:00   ;    16,0000
17.12.2012 07:00:00   ;    13,0000
18.12.2012 07:00:00   ;    13,0000
19.12.2012 07:00:00   ;    13,0000
20.12.2012 07:00:00   ;    13,0000
21.12.2012 07:00:00   ;    13,0000
22.12.2012 07:00:00   ;    12,0000
23.12.2012 07:00:00   ;    11,0000
24.12.2012 07:00:00   ;    10,0000
25.12.2012 07:00:00   ;     4,0000
26.12.2012 07:00:00   ;     2,0000
27.12.2012 07:00:00   ;     9,0000
28.12.2012 07:00:00   ;     8,0000
29.12.2012 07:00:00   ;     8,0000
30.12.2012 07:00:00   ;     8,0000
31.12.2012 07:00:00   ;     7,0000
01.01.2013 07:00:00   ;     7,0000
02.01.2013 07:00:00   ;     7,0000
03.01.2013 07:00:00   ;     7,0000
04.01.2013 07:00:00   ;     7,0000
05.01.2013 07:00:00   ;     6,0000
06.01.2013 07:00:00   ;     4,0000
07.01.2013 07:00:00   ;     2,0000
08.01.2013 07:00:00   ;     0,0000
09.01.2013 07:00:00   ;     0,0000
10.01.2013 07:00:00   ;     0,0000
11.01.2013 07:00:00   ;     0,0000
12.01.2013 07:00:00   ;     0,0000
13.01.2013 07:00:00   ;     0,0000
14.01.2013 07:00:00   ;    22,0000
15.01.2013 07:00:00   ;    40,0000
16.01.2013 07:00:00   ;    50,0000
17.01.2013 07:00:00   ;    70,0000
18.01.2013 07:00:00   ;    86,0000
19.01.2013 07:00:00   ;    68,0000
20.01.2013 07:00:00   ;    42,0000
21.01.2013 07:00:00   ;    40,0000
22.01.2013 07:00:00   ;    40,0000
23.01.2013 07:00:00   ;    44,0000
24.01.2013 07:00:00   ;    41,0000
25.01.2013 07:00:00   ;    46,0000
26.01.2013 07:00:00   ;    46,0000
27.01.2013 07:00:00   ;    46,0000
28.01.2013 07:00:00   ;    45,0000
29.01.2013 07:00:00   ;    46,0000
30.01.2013 07:00:00   ;    45,0000
31.01.2013 07:00:00   ;    43,0000
01.02.2013 07:00:00   ;    43,0000
02.02.2013 07:00:00   ;    40,0000
03.02.2013 07:00:00   ;    54,0000
04.02.2013 07:00:00   ;    52,0000
05.02.2013 07:00:00   ;    50,0000
06.02.2013 07:00:00   ;    71,0000
07.02.2013 07:00:00   ;    92,0000
08.02.2013 07:00:00   ;    80,0000
09.02.2013 07:00:00   ;    79,0000
10.02.2013 07:00:00   ;    76,0000
11.02.2013 07:00:00   ;    75,0000
12.02.2013 07:00:00   ;   102,0000
13.02.2013 07:00:00   ;    96,0000
14.02.2013 07:00:00   ;   106,0000
15.02.2013 07:00:00   ;   108,0000
16.02.2013 07:00:00   ;   100,0000
17.02.2013 07:00:00   ;    92,0000
18.02.2013 07:00:00   ;    88,0000
19.02.2013 07:00:00   ;    86,0000
20.02.2013 07:00:00   ;    84,0000
21.02.2013 07:00:00   ;    95,0000
22.02.2013 07:00:00   ;   105,0000
23.02.2013 07:00:00   ;   110,0000
24.02.2013 07:00:00   ;   138,0000
25.02.2013 07:00:00   ;   136,0000
26.02.2013 07:00:00   ;   130,0000
27.02.2013 07:00:00   ;   125,0000
28.02.2013 07:00:00   ;   119,0000
01.03.2013 07:00:00   ;   116,0000
02.03.2013 07:00:00   ;   115,0000
03.03.2013 07:00:00   ;   115,0000
04.03.2013 07:00:00   ;   113,0000
05.03.2013 07:00:00   ;   111,0000
06.03.2013 07:00:00   ;   102,0000
07.03.2013 07:00:00   ;    91,0000
08.03.2013 07:00:00   ;    84,0000
09.03.2013 07:00:00   ;    79,0000
10.03.2013 07:00:00   ;    74,0000
11.03.2013 07:00:00   ;    71,0000
12.03.2013 07:00:00   ;    69,0000
13.03.2013 07:00:00   ;    67,0000
14.03.2013 07:00:00   ;    80,0000
15.03.2013 07:00:00   ;    85,0000
16.03.2013 07:00:00   ;    83,0000
17.03.2013 07:00:00   ;    82,0000
18.03.2013 07:00:00   ;    86,0000
19.03.2013 07:00:00   ;   128,0000
20.03.2013 07:00:00   ;   123,0000
21.03.2013 07:00:00   ;   115,0000
22.03.2013 07:00:00   ;   110,0000
23.03.2013 07:00:00   ;   100,0000
24.03.2013 07:00:00   ;   101,0000
25.03.2013 07:00:00   ;   108,0000
26.03.2013 07:00:00   ;   114,0000
27.03.2013 07:00:00   ;   116,0000
28.03.2013 07:00:00   ;   108,0000
29.03.2013 07:00:00   ;   120,0000
30.03.2013 07:00:00   ;   110,0000
31.03.2013 07:00:00   ;   128,0000
01.04.2013 07:00:00   ;   132,0000
02.04.2013 07:00:00   ;   125,0000
03.04.2013 07:00:00   ;   133,0000
04.04.2013 07:00:00   ;   124,0000
05.04.2013 07:00:00   ;   118,0000
06.04.2013 07:00:00   ;   111,0000
07.04.2013 07:00:00   ;   106,0000
08.04.2013 07:00:00   ;   101,0000
09.04.2013 07:00:00   ;    99,0000
10.04.2013 07:00:00   ;    96,0000
11.04.2013 07:00:00   ;    92,0000
12.04.2013 07:00:00   ;    87,0000
13.04.2013 07:00:00   ;    81,0000
14.04.2013 07:00:00   ;    76,0000
15.04.2013 07:00:00   ;    71,0000
16.04.2013 07:00:00   ;    65,0000
17.04.2013 07:00:00   ;    57,0000
18.04.2013 07:00:00   ;    49,0000
19.04.2013 07:00:00   ;    39,0000
20.04.2013 07:00:00   ;    35,0000
21.04.2013 07:00:00   ;    27,0000
22.04.2013 07:00:00   ;    22,0000
23.04.2013 07:00:00   ;    20,0000
24.04.2013 07:00:00   ;    14,0000
25.04.2013 07:00:00   ;    10,0000
26.04.2013 07:00:00   ;     5,0000
27.04.2013 07:00:00   ;     0,0000
28.04.2013 07:00:00   ;     0,0000
29.04.2013 07:00:00   ;     0,0000
30.04.2013 07:00:00   ;     0,0000
01.05.2013 07:00:00   ;     0,0000
02.05.2013 07:00:00   ;     0,0000
03.05.2013 07:00:00   ;     0,0000
04.05.2013 07:00:00   ;     0,0000
05.05.2013 07:00:00   ;     0,0000
06.05.2013 07:00:00   ;     0,0000
07.05.2013 07:00:00   ;     0,0000
08.05.2013 07:00:00   ;     0,0000
09.05.2013 07:00:00   ;     0,0000
10.05.2013 07:00:00   ;     0,0000
11.05.2013 07:00:00   ;     0,0000
12.05.2013 07:00:00   ;     0,0000
13.05.2013 07:00:00   ;     0,0000
14.05.2013 07:00:00   ;     0,0000
15.05.2013 07:00:00   ;     0,0000
16.05.2013 07:00:00   ;     0,0000
17.05.2013 07:00:00   ;     0,0000
18.05.2013 07:00:00   ;     0,0000
19.05.2013 07:00:00   ;     0,0000
20.05.2013 07:00:00   ;     0,0000
21.05.2013 07:00:00   ;     0,0000
22.05.2013 07:00:00   ;     0,0000
23.05.2013 07:00:00   ;     0,0000
24.05.2013 07:00:00   ;     0,0000
25.05.2013 07:00:00   ;     0,0000
26.05.2013 07:00:00   ;     0,0000
27.05.2013 07:00:00   ;     0,0000
28.05.2013 07:00:00   ;     0,0000
29.05.2013 07:00:00   ;     0,0000
30.05.2013 07:00:00   ;     0,0000
31.05.2013 07:00:00   ;     0,0000
01.06.2013 07:00:00   ;     0,0000
02.06.2013 07:00:00   ;     0,0000
03.06.2013 07:00:00   ;     0,0000
04.06.2013 07:00:00   ;     0,0000
05.06.2013 07:00:00   ;     0,0000
06.06.2013 07:00:00   ;     0,0000
07.06.2013 07:00:00   ;     0,0000
08.06.2013 07:00:00   ;     0,0000
09.06.2013 07:00:00   ;     0,0000
10.06.2013 07:00:00   ;     0,0000
11.06.2013 07:00:00   ;     0,0000
12.06.2013 07:00:00   ;     0,0000
13.06.2013 07:00:00   ;     0,0000
14.06.2013 07:00:00   ;     0,0000
15.06.2013 07:00:00   ;     0,0000
16.06.2013 07:00:00   ;     0,0000
17.06.2013 07:00:00   ;     0,0000
18.06.2013 07:00:00   ;     0,0000
19.06.2013 07:00:00   ;     0,0000
20.06.2013 07:00:00   ;     0,0000
21.06.2013 07:00:00   ;     0,0000
22.06.2013 07:00:00   ;     0,0000
23.06.2013 07:00:00   ;     0,0000
24.06.2013 07:00:00   ;     0,0000
25.06.2013 07:00:00   ;     0,0000
26.06.2013 07:00:00   ;     0,0000
27.06.2013 07:00:00   ;     0,0000
28.06.2013 07:00:00   ;     0,0000
29.06.2013 07:00:00   ;     0,0000
30.06.2013 07:00:00   ;     0,0000
01.07.2013 07:00:00   ;     0,0000
02.07.2013 07:00:00   ;     0,0000
03.07.2013 07:00:00   ;     0,0000
04.07.2013 07:00:00   ;     0,0000
05.07.2013 07:00:00   ;     0,0000
06.07.2013 07:00:00   ;     0,0000
07.07.2013 07:00:00   ;     0,0000
08.07.2013 07:00:00   ;     0,0000
09.07.2013 07:00:00   ;     0,0000
10.07.2013 07:00:00   ;     0,0000
11.07.2013 07:00:00   ;     0,0000
12.07.2013 07:00:00   ;     0,0000
13.07.2013 07:00:00   ;     0,0000
14.07.2013 07:00:00   ;     0,0000
15.07.2013 07:00:00   ;     0,0000
16.07.2013 07:00:00   ;     0,0000
17.07.2013 07:00:00   ;     0,0000
18.07.2013 07:00:00   ;     0,0000
19.07.2013 07:00:00   ;     0,0000
20.07.2013 07:00:00   ;     0,0000
21.07.2013 07:00:00   ;     0,0000
22.07.2013 07:00:00   ;     0,0000
23.07.2013 07:00:00   ;     0,0000
24.07.2013 07:00:00   ;     0,0000
25.07.2013 07:00:00   ;     0,0000
26.07.2013 07:00:00   ;     0,0000
27.07.2013 07:00:00   ;     0,0000
28.07.2013 07:00:00   ;     0,0000
29.07.2013 07:00:00   ;     0,0000
30.07.2013 07:00:00   ;     0,0000
31.07.2013 07:00:00   ;     0,0000
01.08.2013 07:00:00   ;     0,0000
02.08.2013 07:00:00   ;     0,0000
03.08.2013 07:00:00   ;     0,0000
04.08.2013 07:00:00   ;     0,0000
05.08.2013 07:00:00   ;     0,0000
06.08.2013 07:00:00   ;     0,0000
07.08.2013 07:00:00   ;     0,0000
08.08.2013 07:00:00   ;     0,0000
09.08.2013 07:00:00   ;     0,0000
10.08.2013 07:00:00   ;     0,0000
11.08.2013 07:00:00   ;     0,0000
12.08.2013 07:00:00   ;     0,0000
13.08.2013 07:00:00   ;     0,0000
14.08.2013 07:00:00   ;     0,0000
15.08.2013 07:00:00   ;     0,0000
16.08.2013 07:00:00   ;     0,0000
17.08.2013 07:00:00   ;     0,0000
18.08.2013 07:00:00   ;     0,0000
19.08.2013 07:00:00   ;     0,0000
20.08.2013 07:00:00   ;     0,0000
21.08.2013 07:00:00   ;     0,0000
22.08.2013 07:00:00   ;     0,0000
23.08.2013 07:00:00   ;     0,0000
24.08.2013 07:00:00   ;     0,0000
25.08.2013 07:00:00   ;     0,0000
26.08.2013 07:00:00   ;     0,0000
27.08.2013 07:00:00   ;     0,0000
28.08.2013 07:00:00   ;     0,0000
29.08.2013 07:00:00   ;     0,0000
30.08.2013 07:00:00   ;     0,0000
31.08.2013 07:00:00   ;     0,0000
01.09.2013 07:00:00   ;     0,0000
02.09.2013 07:00:00   ;     0,0000
03.09.2013 07:00:00   ;     0,0000
04.09.2013 07:00:00   ;     0,0000
05.09.2013 07:00:00   ;     0,0000
06.09.2013 07:00:00   ;     0,0000
07.09.2013 07:00:00   ;     0,0000
08.09.2013 07:00:00   ;     0,0000
09.09.2013 07:00:00   ;     0,0000
10.09.2013 07:00:00   ;     0,0000
11.09.2013 07:00:00   ;     0,0000
12.09.2013 07:00:00   ;     0,0000
13.09.2013 07:00:00   ;     0,0000
14.09.2013 07:00:00   ;     0,0000
15.09.2013 07:00:00   ;     0,0000
16.09.2013 07:00:00   ;     0,0000
17.09.2013 07:00:00   ;     0,0000
18.09.2013 07:00:00   ;     0,0000
19.09.2013 07:00:00   ;     0,0000
20.09.2013 07:00:00   ;     0,0000
21.09.2013 07:00:00   ;     0,0000
22.09.2013 07:00:00   ;     0,0000
23.09.2013 07:00:00   ;     0,0000
24.09.2013 07:00:00   ;     0,0000
25.09.2013 07:00:00   ;     0,0000
26.09.2013 07:00:00   ;     0,0000
27.09.2013 07:00:00   ;     0,0000
28.09.2013 07:00:00   ;     0,0000
29.09.2013 07:00:00   ;     0,0000
30.09.2013 07:00:00   ;     0,0000
01.10.2013 07:00:00   ;     0,0000
02.10.2013 07:00:00   ;     0,0000
03.10.2013 07:00:00   ;     0,0000
04.10.2013 07:00:00   ;     0,0000
05.10.2013 07:00:00   ;     0,0000
06.10.2013 07:00:00   ;     0,0000
07.10.2013 07:00:00   ;     0,0000
08.10.2013 07:00:00   ;     0,0000
09.10.2013 07:00:00   ;     0,0000
10.10.2013 07:00:00   ;     0,0000
11.10.2013 07:00:00   ;     0,0000
12.10.2013 07:00:00   ;     0,0000
13.10.2013 07:00:00   ;     0,0000
14.10.2013 07:00:00   ;     0,0000
15.10.2013 07:00:00   ;     0,0000
16.10.2013 07:00:00   ;     0,0000
17.10.2013 07:00:00   ;     0,0000
18.10.2013 07:00:00   ;     0,0000
19.10.2013 07:00:00   ;     0,0000
20.10.2013 07:00:00   ;     0,0000
21.10.2013 07:00:00   ;     0,0000
22.10.2013 07:00:00   ;     0,0000
23.10.2013 07:00:00   ;     0,0000
24.10.2013 07:00:00   ;     0,0000
25.10.2013 07:00:00   ;     0,0000
26.10.2013 07:00:00   ;     0,0000
27.10.2013 07:00:00   ;     0,0000
28.10.2013 07:00:00   ;     0,0000
29.10.2013 07:00:00   ;     0,0000
30.10.2013 07:00:00   ;     0,0000
31.10.2013 07:00:00   ;     0,0000
01.11.2013 07:00:00   ;     0,0000
02.11.2013 07:00:00   ;     0,0000
03.11.2013 07:00:00   ;     0,0000
04.11.2013 07:00:00   ;     0,0000
05.11.2013 07:00:00   ;     0,0000
06.11.2013 07:00:00   ;     0,0000
07.11.2013 07:00:00   ;     0,0000
08.11.2013 07:00:00   ;     0,0000
09.11.2013 07:00:00   ;     0,0000
10.11.2013 07:00:00   ;    11,0000
11.11.2013 07:00:00   ;    10,0000
12.11.2013 07:00:00   ;     8,0000
13.11.2013 07:00:00   ;     6,0000
14.11.2013 07:00:00   ;     4,0000
15.11.2013 07:00:00   ;     8,0000
16.11.2013 07:00:00   ;     4,0000
17.11.2013 07:00:00   ;     0,0000
18.11.2013 07:00:00   ;     0,0000
19.11.2013 07:00:00   ;     0,0000
20.11.2013 07:00:00   ;     0,0000
21.11.2013 07:00:00   ;     0,0000
22.11.2013 07:00:00   ;     7,0000
23.11.2013 07:00:00   ;    10,0000
24.11.2013 07:00:00   ;    20,0000
25.11.2013 07:00:00   ;    24,0000
26.11.2013 07:00:00   ;    22,0000
27.11.2013 07:00:00   ;    21,0000
28.11.2013 07:00:00   ;    21,0000
29.11.2013 07:00:00   ;    21,0000
30.11.2013 07:00:00   ;    21,0000
01.12.2013 07:00:00   ;    28,0000
02.12.2013 07:00:00   ;    28,0000
03.12.2013 07:00:00   ;    27,0000
04.12.2013 07:00:00   ;    27,0000
05.12.2013 07:00:00   ;    27,0000
06.12.2013 07:00:00   ;    26,0000
07.12.2013 07:00:00   ;    26,0000
08.12.2013 07:00:00   ;    26,0000
09.12.2013 07:00:00   ;    25,0000
10.12.2013 07:00:00   ;    25,0000
11.12.2013 07:00:00   ;    25,0000
12.12.2013 07:00:00   ;    24,0000
13.12.2013 07:00:00   ;    24,0000
14.12.2013 07:00:00   ;    24,0000
15.12.2013 07:00:00   ;    24,0000
16.12.2013 07:00:00   ;    23,0000
17.12.2013 07:00:00   ;    23,0000
18.12.2013 07:00:00   ;    23,0000
19.12.2013 07:00:00   ;    23,0000
20.12.2013 07:00:00   ;    23,0000
21.12.2013 07:00:00   ;    22,0000
22.12.2013 07:00:00   ;    22,0000
23.12.2013 07:00:00   ;    22,0000
24.12.2013 07:00:00   ;    20,0000
25.12.2013 07:00:00   ;     8,0000
26.12.2013 07:00:00   ;     0,0000
27.12.2013 07:00:00   ;     0,0000
28.12.2013 07:00:00   ;     0,0000
29.12.2013 07:00:00   ;     0,0000
30.12.2013 07:00:00   ;    22,0000
31.12.2013 07:00:00   ;    22,0000
01.01.2014 07:00:00   ;    22,0000
02.01.2014 07:00:00   ;    21,0000
03.01.2014 07:00:00   ;    19,0000
04.01.2014 07:00:00   ;    13,0000
05.01.2014 07:00:00   ;     8,0000
06.01.2014 07:00:00   ;     9,0000
07.01.2014 07:00:00   ;     9,0000
08.01.2014 07:00:00   ;     9,0000
09.01.2014 07:00:00   ;     9,0000
10.01.2014 07:00:00   ;     9,0000
11.01.2014 07:00:00   ;     9,0000
12.01.2014 07:00:00   ;     8,0000
13.01.2014 07:00:00   ;     8,0000
14.01.2014 07:00:00   ;     7,0000
15.01.2014 07:00:00   ;     7,0000
16.01.2014 07:00:00   ;     7,0000
17.01.2014 07:00:00   ;     7,0000
18.01.2014 07:00:00   ;     5,0000
19.01.2014 07:00:00   ;     2,0000
20.01.2014 07:00:00   ;     0,0000
21.01.2014 07:00:00   ;     0,0000
22.01.2014 07:00:00   ;     0,0000
23.01.2014 07:00:00   ;     0,001
24.01.2014 07:00:00   ;    15,0000
25.01.2014 07:00:00   ;    34,0000
26.01.2014 07:00:00   ;    32,0000
27.01.2014 07:00:00   ;    31,0000
28.01.2014 07:00:00   ;    34,0000
29.01.2014 07:00:00   ;    36,0000
30.01.2014 07:00:00   ;    34,0000
31.01.2014 07:00:00   ;    63,0000
01.02.2014 07:00:00   ;    59,0000
02.02.2014 07:00:00   ;    50,0000
03.02.2014 07:00:00   ;    64,0000
04.02.2014 07:00:00   ;    60,0000
05.02.2014 07:00:00   ;    65,0000
06.02.2014 07:00:00   ;    62,0000
07.02.2014 07:00:00   ;    58,0000
08.02.2014 07:00:00   ;    60,0000
09.02.2014 07:00:00   ;    59,0000
10.02.2014 07:00:00   ;    84,0000
11.02.2014 07:00:00   ;    76,0000
12.02.2014 07:00:00   ;    81,0000
13.02.2014 07:00:00   ;    76,0000
14.02.2014 07:00:00   ;    86,0000
15.02.2014 07:00:00   ;    80,0000
16.02.2014 07:00:00   ;    76,0000
17.02.2014 07:00:00   ;   101,0000
18.02.2014 07:00:00   ;   123,0000
19.02.2014 07:00:00   ;   106,0000
20.02.2014 07:00:00   ;    99,0000
21.02.2014 07:00:00   ;    94,0000
22.02.2014 07:00:00   ;   105,0000
23.02.2014 07:00:00   ;   115,0000
24.02.2014 07:00:00   ;   106,0000
25.02.2014 07:00:00   ;   105,0000
26.02.2014 07:00:00   ;   104,0000
27.02.2014 07:00:00   ;   103,0000
28.02.2014 07:00:00   ;   100,0000
01.03.2014 07:00:00   ;   100,0000
02.03.2014 07:00:00   ;   100,0000
03.03.2014 07:00:00   ;    99,0000
04.03.2014 07:00:00   ;    99,0000
05.03.2014 07:00:00   ;    98,0000
06.03.2014 07:00:00   ;    97,0000
07.03.2014 07:00:00   ;    95,0000
08.03.2014 07:00:00   ;    92,0000
09.03.2014 07:00:00   ;    92,0000
10.03.2014 07:00:00   ;    91,0000
11.03.2014 07:00:00   ;    90,0000
12.03.2014 07:00:00   ;    89,0000
13.03.2014 07:00:00   ;    88,0000
14.03.2014 07:00:00   ;    87,0000
15.03.2014 07:00:00   ;    86,0000
16.03.2014 07:00:00   ;    85,0000
17.03.2014 07:00:00   ;    82,0000
18.03.2014 07:00:00   ;    80,0000
19.03.2014 07:00:00   ;    79,0000
20.03.2014 07:00:00   ;    76,0000
21.03.2014 07:00:00   ;    74,0000
22.03.2014 07:00:00   ;    70,0000
23.03.2014 07:00:00   ;    63,0000
24.03.2014 07:00:00   ;    63,0000
25.03.2014 07:00:00   ;    60,0000
26.03.2014 07:00:00   ;    61,0000
27.03.2014 07:00:00   ;    59,0000
28.03.2014 07:00:00   ;    56,0000
29.03.2014 07:00:00   ;    54,0000
30.03.2014 07:00:00   ;    50,0000
31.03.2014 07:00:00   ;    48,0000
01.04.2014 07:00:00   ;    43,0000
02.04.2014 07:00:00   ;    36,0000
03.04.2014 07:00:00   ;    32,0000
04.04.2014 07:00:00   ;    29,0000
05.04.2014 07:00:00   ;    25,0000
06.04.2014 07:00:00   ;    16,0000
07.04.2014 07:00:00   ;     8,0000
08.04.2014 07:00:00   ;     0,0000
09.04.2014 07:00:00   ;     0,0000
10.04.2014 07:00:00   ;     0,0000
11.04.2014 07:00:00   ;     0,0000
12.04.2014 07:00:00   ;     0,0000
13.04.2014 07:00:00   ;     0,0000
14.04.2014 07:00:00   ;     0,0000
15.04.2014 07:00:00   ;     0,0000
16.04.2014 07:00:00   ;     0,0000
17.04.2014 07:00:00   ;     0,0000
18.04.2014 07:00:00   ;     0,0000
19.04.2014 07:00:00   ;     0,0000
20.04.2014 07:00:00   ;     0,0000
21.04.2014 07:00:00   ;     0,0000
22.04.2014 07:00:00   ;     0,0000
23.04.2014 07:00:00   ;     0,0000
24.04.2014 07:00:00   ;     0,0000
25.04.2014 07:00:00   ;     0,0000
26.04.2014 07:00:00   ;     0,0000
27.04.2014 07:00:00   ;     0,0000
28.04.2014 07:00:00   ;     0,0000
29.04.2014 07:00:00   ;     0,0000
30.04.2014 07:00:00   ;     0,0000
01.05.2014 07:00:00   ;     0,0000
02.05.2014 07:00:00   ;     0,0000
03.05.2014 07:00:00   ;     0,0000
04.05.2014 07:00:00   ;     0,0000
05.05.2014 07:00:00   ;     0,0000
06.05.2014 07:00:00   ;     0,0000
07.05.2014 07:00:00   ;     0,0000
08.05.2014 07:00:00   ;     0,0000
09.05.2014 07:00:00   ;     0,0000
10.05.2014 07:00:00   ;     0,0000
11.05.2014 07:00:00   ;     0,0000
12.05.2014 07:00:00   ;     5,0000
13.05.2014 07:00:00   ;     0,0000
14.05.2014 07:00:00   ;     0,0000
15.05.2014 07:00:00   ;     0,0000
16.05.2014 07:00:00   ;     0,0000
17.05.2014 07:00:00   ;     0,0000
18.05.2014 07:00:00   ;     0,0000
19.05.2014 07:00:00   ;     0,0000
20.05.2014 07:00:00   ;     0,0000
21.05.2014 07:00:00   ;     0,0000
22.05.2014 07:00:00   ;     0,0000
23.05.2014 07:00:00   ;     0,0000
24.05.2014 07:00:00   ;     0,0000
25.05.2014 07:00:00   ;     0,0000
26.05.2014 07:00:00   ;     0,0000
27.05.2014 07:00:00   ;     0,0000
28.05.2014 07:00:00   ;     0,0000
29.05.2014 07:00:00   ;     0,0000
30.05.2014 07:00:00   ;     0,0000
31.05.2014 07:00:00   ;     0,0000
01.06.2014 07:00:00   ;     0,0000
02.06.2014 07:00:00   ;     0,0000
03.06.2014 07:00:00   ;     0,0000
04.06.2014 07:00:00   ;     0,0000
05.06.2014 07:00:00   ;     0,0000
06.06.2014 07:00:00   ;     0,0000
07.06.2014 07:00:00   ;     0,0000
08.06.2014 07:00:00   ;     0,0000
09.06.2014 07:00:00   ;     0,0000
10.06.2014 07:00:00   ;     0,0000
11.06.2014 07:00:00   ;     0,0000
12.06.2014 07:00:00   ;     0,0000
13.06.2014 07:00:00   ;     0,0000
14.06.2014 07:00:00   ;     0,0000
15.06.2014 07:00:00   ;     0,0000
16.06.2014 07:00:00   ;     0,0000
17.06.2014 07:00:00   ;     0,0000
18.06.2014 07:00:00   ;     0,0000
19.06.2014 07:00:00   ;     0,0000
20.06.2014 07:00:00   ;     0,0000
21.06.2014 07:00:00   ;     0,0000
22.06.2014 07:00:00   ;     0,0000
23.06.2014 07:00:00   ;     0,0000
24.06.2014 07:00:00   ;     0,0000
25.06.2014 07:00:00   ;     0,0000
26.06.2014 07:00:00   ;     0,0000
27.06.2014 07:00:00   ;     0,0000
28.06.2014 07:00:00   ;     0,0000
29.06.2014 07:00:00   ;     0,0000
30.06.2014 07:00:00   ;     0,0000
01.07.2014 07:00:00   ;     0,0000
02.07.2014 07:00:00   ;     0,0000
03.07.2014 07:00:00   ;     0,0000
04.07.2014 07:00:00   ;     0,0000
05.07.2014 07:00:00   ;     0,0000
06.07.2014 07:00:00   ;     0,0000
07.07.2014 07:00:00   ;     0,0000
08.07.2014 07:00:00   ;     0,0000
09.07.2014 07:00:00   ;     0,0000
10.07.2014 07:00:00   ;     0,0000
11.07.2014 07:00:00   ;     0,0000
12.07.2014 07:00:00   ;     0,0000
13.07.2014 07:00:00   ;     0,0000
14.07.2014 07:00:00   ;     0,0000
15.07.2014 07:00:00   ;     0,0000
16.07.2014 07:00:00   ;     0,0000
17.07.2014 07:00:00   ;     0,0000
18.07.2014 07:00:00   ;     0,0000
19.07.2014 07:00:00   ;     0,0000
20.07.2014 07:00:00   ;     0,0000
21.07.2014 07:00:00   ;     0,0000
22.07.2014 07:00:00   ;     0,0000
23.07.2014 07:00:00   ;     0,0000
24.07.2014 07:00:00   ;     0,0000
25.07.2014 07:00:00   ;     0,0000
26.07.2014 07:00:00   ;     0,0000
27.07.2014 07:00:00   ;     0,0000
28.07.2014 07:00:00   ;     0,0000
29.07.2014 07:00:00   ;     0,0000
30.07.2014 07:00:00   ;     0,0000
31.07.2014 07:00:00   ;     0,0000
01.08.2014 07:00:00   ;     0,0000
02.08.2014 07:00:00   ;     0,0000
03.08.2014 07:00:00   ;     0,0000
04.08.2014 07:00:00   ;     0,0000
05.08.2014 07:00:00   ;     0,0000
06.08.2014 07:00:00   ;     0,0000
07.08.2014 07:00:00   ;     0,0000
08.08.2014 07:00:00   ;     0,0000
09.08.2014 07:00:00   ;     0,0000
10.08.2014 07:00:00   ;     0,0000
11.08.2014 07:00:00   ;     0,0000
12.08.2014 07:00:00   ;     0,0000
13.08.2014 07:00:00   ;     0,0000
14.08.2014 07:00:00   ;     0,0000
15.08.2014 07:00:00   ;     0,0000
16.08.2014 07:00:00   ;     0,0000
17.08.2014 07:00:00   ;     0,0000
18.08.2014 07:00:00   ;     0,0000
19.08.2014 07:00:00   ;     0,0000
20.08.2014 07:00:00   ;     0,0000
21.08.2014 07:00:00   ;     0,0000
22.08.2014 07:00:00   ;     0,0000
23.08.2014 07:00:00   ;     0,0000
24.08.2014 07:00:00   ;     0,0000
25.08.2014 07:00:00   ;     0,0000
26.08.2014 07:00:00   ;     0,0000
27.08.2014 07:00:00   ;     0,0000
28.08.2014 07:00:00   ;     0,0000
29.08.2014 07:00:00   ;     0,0000
30.08.2014 07:00:00   ;     0,0000
31.08.2014 07:00:00   ;     0,0000
01.09.2014 07:00:00   ;     0,0000
02.09.2014 07:00:00   ;     0,0000
03.09.2014 07:00:00   ;     0,0000
04.09.2014 07:00:00   ;     0,0000
05.09.2014 07:00:00   ;     0,0000
06.09.2014 07:00:00   ;     0,0000
07.09.2014 07:00:00   ;     0,0000
08.09.2014 07:00:00   ;     0,0000
09.09.2014 07:00:00   ;     0,0000
10.09.2014 07:00:00   ;     0,0000
11.09.2014 07:00:00   ;     0,0000
12.09.2014 07:00:00   ;     0,0000
13.09.2014 07:00:00   ;     0,0000
14.09.2014 07:00:00   ;     0,0000
15.09.2014 07:00:00   ;     0,0000
16.09.2014 07:00:00   ;     0,0000
17.09.2014 07:00:00   ;     0,0000
18.09.2014 07:00:00   ;     0,0000
19.09.2014 07:00:00   ;     0,0000
20.09.2014 07:00:00   ;     0,0000
21.09.2014 07:00:00   ;     0,0000
22.09.2014 07:00:00   ;     0,0000
23.09.2014 07:00:00   ;     0,0000
24.09.2014 07:00:00   ;     0,0000
25.09.2014 07:00:00   ;     0,0000
26.09.2014 07:00:00   ;     0,0000
27.09.2014 07:00:00   ;     0,0000
28.09.2014 07:00:00   ;     0,0000
29.09.2014 07:00:00   ;     0,0000
30.09.2014 07:00:00   ;     0,0000
01.10.2014 07:00:00   ;     0,0000
02.10.2014 07:00:00   ;     0,0000
03.10.2014 07:00:00   ;     0,0000
04.10.2014 07:00:00   ;     0,0000
05.10.2014 07:00:00   ;     0,0000
06.10.2014 07:00:00   ;     0,0000
07.10.2014 07:00:00   ;     0,0000
08.10.2014 07:00:00   ;     0,0000
09.10.2014 07:00:00   ;     0,0000
10.10.2014 07:00:00   ;     0,0000
11.10.2014 07:00:00   ;     0,0000
12.10.2014 07:00:00   ;     0,0000
13.10.2014 07:00:00   ;     0,0000
14.10.2014 07:00:00   ;     0,0000
15.10.2014 07:00:00   ;     0,0000
16.10.2014 07:00:00   ;     0,0000
17.10.2014 07:00:00   ;     0,0000
18.10.2014 07:00:00   ;     0,0000
19.10.2014 07:00:00   ;     0,0000
20.10.2014 07:00:00   ;     0,0000
21.10.2014 07:00:00   ;     0,0000
22.10.2014 07:00:00   ;     5,0000
23.10.2014 07:00:00   ;     0,0000
24.10.2014 07:00:00   ;     0,0000
25.10.2014 07:00:00   ;     0,0000
26.10.2014 07:00:00   ;     0,0000
27.10.2014 07:00:00   ;     0,0000
28.10.2014 07:00:00   ;     0,0000
29.10.2014 07:00:00   ;     0,0000
30.10.2014 07:00:00   ;     0,0000
31.10.2014 07:00:00   ;     0,0000
01.11.2014 07:00:00   ;     0,0000
02.11.2014 07:00:00   ;     0,0000
03.11.2014 07:00:00   ;     0,0000
04.11.2014 07:00:00   ;     0,0000
05.11.2014 07:00:00   ;     0,0000
06.11.2014 07:00:00   ;     0,0000
07.11.2014 07:00:00   ;     0,0000
08.11.2014 07:00:00   ;     0,0000
09.11.2014 07:00:00   ;     0,0000
10.11.2014 07:00:00   ;     0,0000
11.11.2014 07:00:00   ;     0,0000
12.11.2014 07:00:00   ;     0,0000
13.11.2014 07:00:00   ;     0,0000
14.11.2014 07:00:00   ;     0,0000
15.11.2014 07:00:00   ;     0,0000
16.11.2014 07:00:00   ;     0,0000
17.11.2014 07:00:00   ;     0,0000
18.11.2014 07:00:00   ;     0,0000
19.11.2014 07:00:00   ;     1,0000
20.11.2014 07:00:00   ;     0,0000
21.11.2014 07:00:00   ;     0,0000
22.11.2014 07:00:00   ;     0,0000
23.11.2014 07:00:00   ;     0,0000
24.11.2014 07:00:00   ;     0,0000
25.11.2014 07:00:00   ;     0,0000
26.11.2014 07:00:00   ;     0,0000
27.11.2014 07:00:00   ;     0,0000
28.11.2014 07:00:00   ;     0,0000
29.11.2014 07:00:00   ;     0,0000
30.11.2014 07:00:00   ;     0,0000
01.12.2014 07:00:00   ;     0,0000
02.12.2014 07:00:00   ;     0,0000
03.12.2014 07:00:00   ;     0,0000
04.12.2014 07:00:00   ;     7,0000
05.12.2014 07:00:00   ;     6,0000
06.12.2014 07:00:00   ;     4,0000
07.12.2014 07:00:00   ;     4,0000
08.12.2014 07:00:00   ;     3,0000
09.12.2014 07:00:00   ;     3,0000
10.12.2014 07:00:00   ;     2,0000
11.12.2014 07:00:00   ;     2,0000
12.12.2014 07:00:00   ;     1,0000
13.12.2014 07:00:00   ;     0,0000
14.12.2014 07:00:00   ;     0,0000
15.12.2014 07:00:00   ;     0,0000
16.12.2014 07:00:00   ;     0,0000
17.12.2014 07:00:00   ;     0,0000
18.12.2014 07:00:00   ;     0,0000
19.12.2014 07:00:00   ;     0,0000
20.12.2014 07:00:00   ;     0,0000
21.12.2014 07:00:00   ;     0,0000
22.12.2014 07:00:00   ;     0,0000
23.12.2014 07:00:00   ;     0,0000
24.12.2014 07:00:00   ;     0,0000
25.12.2014 07:00:00   ;     0,0000
26.12.2014 07:00:00   ;     1,0000
27.12.2014 07:00:00   ;     1,0000
28.12.2014 07:00:00   ;    17,0000
29.12.2014 07:00:00   ;    26,0000
30.12.2014 07:00:00   ;    23,0000
31.12.2014 07:00:00   ;    31,0000
01.01.2015 07:00:00   ;    31,0000
02.01.2015 07:00:00   ;    29,0000
03.01.2015 07:00:00   ;    24,0000
04.01.2015 07:00:00   ;    23,0000
05.01.2015 07:00:00   ;    22,0000
06.01.2015 07:00:00   ;    22,0000
07.01.2015 07:00:00   ;    22,0000
08.01.2015 07:00:00   ;    22,0000
09.01.2015 07:00:00   ;    17,0000
10.01.2015 07:00:00   ;    15,0000
11.01.2015 07:00:00   ;    14,0000
12.01.2015 07:00:00   ;    18,0000
13.01.2015 07:00:00   ;    18,0000
14.01.2015 07:00:00   ;    17,0000
15.01.2015 07:00:00   ;    20,0000
16.01.2015 07:00:00   ;    17,0000
17.01.2015 07:00:00   ;    12,0000
18.01.2015 07:00:00   ;     3,0000
19.01.2015 07:00:00   ;     0,0000
20.01.2015 07:00:00   ;     0,0000
21.01.2015 07:00:00   ;     0,0000
22.01.2015 07:00:00   ;     5,0000
23.01.2015 07:00:00   ;     3,0000
24.01.2015 07:00:00   ;    13,0000
25.01.2015 07:00:00   ;    13,0000
26.01.2015 07:00:00   ;    12,0000
27.01.2015 07:00:00   ;    11,0000
28.01.2015 07:00:00   ;    10,0000
29.01.2015 07:00:00   ;    10,0000
30.01.2015 07:00:00   ;    15,0000
31.01.2015 07:00:00   ;    48,0000
01.02.2015 07:00:00   ;    47,0000
02.02.2015 07:00:00   ;    56,0000
03.02.2015 07:00:00   ;    49,0000
04.02.2015 07:00:00   ;    47,0000
05.02.2015 07:00:00   ;    50,0000
06.02.2015 07:00:00   ;    56,0000
07.02.2015 07:00:00   ;    54,0000
08.02.2015 07:00:00   ;    51,0000
09.02.2015 07:00:00   ;    50,0000
10.02.2015 07:00:00   ;    48,0000
11.02.2015 07:00:00   ;    46,0000
12.02.2015 07:00:00   ;    40,0000
13.02.2015 07:00:00   ;    38,0000
14.02.2015 07:00:00   ;    37,0000
15.02.2015 07:00:00   ;    37,0000
16.02.2015 07:00:00   ;    36,0000
17.02.2015 07:00:00   ;    36,0000
18.02.2015 07:00:00   ;    36,0000
19.02.2015 07:00:00   ;    35,0000
20.02.2015 07:00:00   ;    35,0000
21.02.2015 07:00:00   ;    35,0000
22.02.2015 07:00:00   ;    38,0000
23.02.2015 07:00:00   ;    54,0000
24.02.2015 07:00:00   ;    50,0000
25.02.2015 07:00:00   ;    58,0000
26.02.2015 07:00:00   ;    59,0000
27.02.2015 07:00:00   ;    52,0000
28.02.2015 07:00:00   ;    50,0000
01.03.2015 07:00:00   ;    48,0000
02.03.2015 07:00:00   ;    46,0000
03.03.2015 07:00:00   ;    46,0000
04.03.2015 07:00:00   ;    45,0000
05.03.2015 07:00:00   ;    45,0000
06.03.2015 07:00:00   ;    44,0000
07.03.2015 07:00:00   ;    44,0000
08.03.2015 07:00:00   ;    44,0000
09.03.2015 07:00:00   ;    43,0000
10.03.2015 07:00:00   ;    42,0000
11.03.2015 07:00:00   ;    41,0000
12.03.2015 07:00:00   ;    41,0000
13.03.2015 07:00:00   ;    40,0000
14.03.2015 07:00:00   ;    40,0000
15.03.2015 07:00:00   ;    39,0000
16.03.2015 07:00:00   ;    39,0000
17.03.2015 07:00:00   ;    36,0000
18.03.2015 07:00:00   ;    35,0000
19.03.2015 07:00:00   ;    34,0000
20.03.2015 07:00:00   ;    32,0000
21.03.2015 07:00:00   ;    31,0000
22.03.2015 07:00:00   ;    31,0000
23.03.2015 07:00:00   ;    29,0000
24.03.2015 07:00:00   ;    27,0000
25.03.2015 07:00:00   ;    24,0000
26.03.2015 07:00:00   ;    16,0000
27.03.2015 07:00:00   ;    12,0000
28.03.2015 07:00:00   ;    10,0000
29.03.2015 07:00:00   ;     5,0000
30.03.2015 07:00:00   ;     2,0000
31.03.2015 07:00:00   ;     0,0000
01.04.2015 07:00:00   ;     0,0000
02.04.2015 07:00:00   ;     0,0000
03.04.2015 07:00:00   ;     2,0000
04.04.2015 07:00:00   ;     0,0000
05.04.2015 07:00:00   ;     0,0000
06.04.2015 07:00:00   ;     0,0000
07.04.2015 07:00:00   ;     0,0000
08.04.2015 07:00:00   ;     0,0000
09.04.2015 07:00:00   ;     0,0000
10.04.2015 07:00:00   ;     0,0000
11.04.2015 07:00:00   ;     0,0000
12.04.2015 07:00:00   ;     0,0000
13.04.2015 07:00:00   ;     0,0000
14.04.2015 07:00:00   ;     0,0000
15.04.2015 07:00:00   ;     0,0000
16.04.2015 07:00:00   ;     0,0000
17.04.2015 07:00:00   ;     0,0000
18.04.2015 07:00:00   ;     0,0000
19.04.2015 07:00:00   ;     0,0000
20.04.2015 07:00:00   ;     0,0000
21.04.2015 07:00:00   ;     0,0000
22.04.2015 07:00:00   ;     0,0000
23.04.2015 07:00:00   ;     0,0000
24.04.2015 07:00:00   ;     0,0000
25.04.2015 07:00:00   ;     0,0000
26.04.2015 07:00:00   ;     0,0000
27.04.2015 07:00:00   ;     0,0000
28.04.2015 07:00:00   ;     0,0000
29.04.2015 07:00:00   ;     0,0000
30.04.2015 07:00:00   ;     0,0000
01.05.2015 07:00:00   ;     0,0000
02.05.2015 07:00:00   ;     0,0000
03.05.2015 07:00:00   ;     0,0000
04.05.2015 07:00:00   ;     0,0000
05.05.2015 07:00:00   ;     0,0000
06.05.2015 07:00:00   ;     0,0000
07.05.2015 07:00:00   ;     0,0000
08.05.2015 07:00:00   ;     0,0000
09.05.2015 07:00:00   ;     0,0000
10.05.2015 07:00:00   ;     0,0000
11.05.2015 07:00:00   ;     0,0000
12.05.2015 07:00:00   ;     0,0000
13.05.2015 07:00:00   ;     0,0000
14.05.2015 07:00:00   ;     0,0000
15.05.2015 07:00:00   ;     0,0000
16.05.2015 07:00:00   ;     0,0000
17.05.2015 07:00:00   ;     0,0000
18.05.2015 07:00:00   ;     0,0000
19.05.2015 07:00:00   ;     0,0000
20.05.2015 07:00:00   ;     0,0000
21.05.2015 07:00:00   ;     0,0000
22.05.2015 07:00:00   ;     0,0000
23.05.2015 07:00:00   ;     0,0000
24.05.2015 07:00:00   ;     0,0000
25.05.2015 07:00:00   ;     0,0000
26.05.2015 07:00:00   ;     0,0000
27.05.2015 07:00:00   ;     0,0000
28.05.2015 07:00:00   ;     0,0000
29.05.2015 07:00:00   ;     0,0000
30.05.2015 07:00:00   ;     0,0000
31.05.2015 07:00:00   ;     0,0000
01.06.2015 07:00:00   ;     0,0000
02.06.2015 07:00:00   ;     0,0000
03.06.2015 07:00:00   ;     0,0000
04.06.2015 07:00:00   ;     0,0000
05.06.2015 07:00:00   ;     0,0000
06.06.2015 07:00:00   ;     0,0000
07.06.2015 07:00:00   ;     0,0000
08.06.2015 07:00:00   ;     0,0000
09.06.2015 07:00:00   ;     0,0000
10.06.2015 07:00:00   ;     0,0000
11.06.2015 07:00:00   ;     0,0000
12.06.2015 07:00:00   ;     0,0000
13.06.2015 07:00:00   ;     0,0000
14.06.2015 07:00:00   ;     0,0000
15.06.2015 07:00:00   ;     0,0000
16.06.2015 07:00:00   ;     0,0000
17.06.2015 07:00:00   ;     0,0000
18.06.2015 07:00:00   ;     0,0000
19.06.2015 07:00:00   ;     0,0000
20.06.2015 07:00:00   ;     0,0000
21.06.2015 07:00:00   ;     0,0000
22.06.2015 07:00:00   ;     0,0000
23.06.2015 07:00:00   ;     0,0000
24.06.2015 07:00:00   ;     0,0000
25.06.2015 07:00:00   ;     0,0000
26.06.2015 07:00:00   ;     0,0000
27.06.2015 07:00:00   ;     0,0000
28.06.2015 07:00:00   ;     0,0000
29.06.2015 07:00:00   ;     0,0000
30.06.2015 07:00:00   ;     0,0000
01.07.2015 07:00:00   ;     0,0000
02.07.2015 07:00:00   ;     0,0000
03.07.2015 07:00:00   ;     0,0000
04.07.2015 07:00:00   ;     0,0000
05.07.2015 07:00:00   ;     0,0000
06.07.2015 07:00:00   ;     0,0000
07.07.2015 07:00:00   ;     0,0000
08.07.2015 07:00:00   ;     0,0000
09.07.2015 07:00:00   ;     0,0000
10.07.2015 07:00:00   ;     0,0000
11.07.2015 07:00:00   ;     0,0000
12.07.2015 07:00:00   ;     0,0000
13.07.2015 07:00:00   ;     0,0000
14.07.2015 07:00:00   ;     0,0000
15.07.2015 07:00:00   ;     0,0000
16.07.2015 07:00:00   ;     0,0000
17.07.2015 07:00:00   ;     0,0000
18.07.2015 07:00:00   ;     0,0000
19.07.2015 07:00:00   ;     0,0000
20.07.2015 07:00:00   ;     0,0000
21.07.2015 07:00:00   ;     0,0000
22.07.2015 07:00:00   ;     0,0000
23.07.2015 07:00:00   ;     0,0000
24.07.2015 07:00:00   ;     0,0000
25.07.2015 07:00:00   ;     0,0000
26.07.2015 07:00:00   ;     0,0000
27.07.2015 07:00:00   ;     0,0000
28.07.2015 07:00:00   ;     0,0000
29.07.2015 07:00:00   ;     0,0000
30.07.2015 07:00:00   ;     0,0000
31.07.2015 07:00:00   ;     0,0000
01.08.2015 07:00:00   ;     0,0000
02.08.2015 07:00:00   ;     0,0000
03.08.2015 07:00:00   ;     0,0000
04.08.2015 07:00:00   ;     0,0000
05.08.2015 07:00:00   ;     0,0000
06.08.2015 07:00:00   ;     0,0000
07.08.2015 07:00:00   ;     0,0000
08.08.2015 07:00:00   ;     0,0000
09.08.2015 07:00:00   ;     0,0000
10.08.2015 07:00:00   ;     0,0000
11.08.2015 07:00:00   ;     0,0000
12.08.2015 07:00:00   ;     0,0000
13.08.2015 07:00:00   ;     0,0000
14.08.2015 07:00:00   ;     0,0000
15.08.2015 07:00:00   ;     0,0000
16.08.2015 07:00:00   ;     0,0000
17.08.2015 07:00:00   ;     0,0000
18.08.2015 07:00:00   ;     0,0000
19.08.2015 07:00:00   ;     0,0000
20.08.2015 07:00:00   ;     0,0000
21.08.2015 07:00:00   ;     0,0000
22.08.2015 07:00:00   ;     0,0000
23.08.2015 07:00:00   ;     0,0000
24.08.2015 07:00:00   ;     0,0000
25.08.2015 07:00:00   ;     0,0000
26.08.2015 07:00:00   ;     0,0000
27.08.2015 07:00:00   ;     0,0000
28.08.2015 07:00:00   ;     0,0000
29.08.2015 07:00:00   ;     0,0000
30.08.2015 07:00:00   ;     0,0000
31.08.2015 07:00:00   ;     0,0000
01.09.2015 07:00:00   ;     0,0000
02.09.2015 07:00:00   ;     0,0000
03.09.2015 07:00:00   ;     0,0000
04.09.2015 07:00:00   ;     0,0000
05.09.2015 07:00:00   ;     0,0000
06.09.2015 07:00:00   ;     0,0000
07.09.2015 07:00:00   ;     0,0000
08.09.2015 07:00:00   ;     0,0000
09.09.2015 07:00:00   ;     0,0000
10.09.2015 07:00:00   ;     0,0000
11.09.2015 07:00:00   ;     0,0000
12.09.2015 07:00:00   ;     0,0000
13.09.2015 07:00:00   ;     0,0000
14.09.2015 07:00:00   ;     0,0000
15.09.2015 07:00:00   ;     0,0000
16.09.2015 07:00:00   ;     0,0000
17.09.2015 07:00:00   ;     0,0000
18.09.2015 07:00:00   ;     0,0000
19.09.2015 07:00:00   ;     0,0000
20.09.2015 07:00:00   ;     0,0000
21.09.2015 07:00:00   ;     0,0000
22.09.2015 07:00:00   ;     0,0000
23.09.2015 07:00:00   ;     0,0000
24.09.2015 07:00:00   ;     0,0000
25.09.2015 07:00:00   ;     0,0000
26.09.2015 07:00:00   ;     0,0000
27.09.2015 07:00:00   ;     0,0000
28.09.2015 07:00:00   ;     0,0000
29.09.2015 07:00:00   ;     0,0000
30.09.2015 07:00:00   ;     0,0000
01.10.2015 07:00:00   ;     0,0000
02.10.2015 07:00:00   ;     0,0000
03.10.2015 07:00:00   ;     0,0000
04.10.2015 07:00:00   ;     0,0000
05.10.2015 07:00:00   ;     0,0000
06.10.2015 07:00:00   ;     0,0000
07.10.2015 07:00:00   ;     0,0000
08.10.2015 07:00:00   ;     0,0000
09.10.2015 07:00:00   ;     0,0000
10.10.2015 07:00:00   ;     0,0000
11.10.2015 07:00:00   ;     0,0000
12.10.2015 07:00:00   ;     0,0000
13.10.2015 07:00:00   ;     0,0000
14.10.2015 07:00:00   ;     0,0000
15.10.2015 07:00:00   ;     0,0000
16.10.2015 07:00:00   ;     0,0000
17.10.2015 07:00:00   ;     0,0000
18.10.2015 07:00:00   ;     0,0000
19.10.2015 07:00:00   ;     0,0000
20.10.2015 07:00:00   ;     0,0000
21.10.2015 07:00:00   ;     0,0000
22.10.2015 07:00:00   ;     0,0000
23.10.2015 07:00:00   ;     0,0000
24.10.2015 07:00:00   ;     0,0000
25.10.2015 07:00:00   ;     0,0000
26.10.2015 07:00:00   ;     0,0000
27.10.2015 07:00:00   ;     0,0000
28.10.2015 07:00:00   ;     0,0000
29.10.2015 07:00:00   ;     0,0000
30.10.2015 07:00:00   ;     0,0000
31.10.2015 07:00:00   ;     0,0000
01.11.2015 07:00:00   ;     0,0000
02.11.2015 07:00:00   ;     0,0000
03.11.2015 07:00:00   ;     0,0000
04.11.2015 07:00:00   ;     0,0000
05.11.2015 07:00:00   ;     0,0000
06.11.2015 07:00:00   ;     0,0000
07.11.2015 07:00:00   ;     0,0000
08.11.2015 07:00:00   ;     0,0000
09.11.2015 07:00:00   ;     0,0000
10.11.2015 07:00:00   ;     0,0000
11.11.2015 07:00:00   ;     0,0000
12.11.2015 07:00:00   ;     0,0000
13.11.2015 07:00:00   ;     0,0000
14.11.2015 07:00:00   ;     0,0000
15.11.2015 07:00:00   ;     0,0000
16.11.2015 07:00:00   ;     0,0000
17.11.2015 07:00:00   ;     0,0000
18.11.2015 07:00:00   ;     0,0000
19.11.2015 07:00:00   ;     0,0000
20.11.2015 07:00:00   ;     0,0000
21.11.2015 07:00:00   ;     0,0000
22.11.2015 07:00:00   ;    16,0000
23.11.2015 07:00:00   ;    13,0000
24.11.2015 07:00:00   ;    12,0000
25.11.2015 07:00:00   ;    11,0000
26.11.2015 07:00:00   ;    17,0000
27.11.2015 07:00:00   ;    15,0000
28.11.2015 07:00:00   ;    14,0000
29.11.2015 07:00:00   ;    14,0000
30.11.2015 07:00:00   ;    14,0000
01.12.2015 07:00:00   ;    12,0000
02.12.2015 07:00:00   ;    10,0000
03.12.2015 07:00:00   ;     9,0000
04.12.2015 07:00:00   ;     9,0000
05.12.2015 07:00:00   ;     8,0000
06.12.2015 07:00:00   ;     8,0000
07.12.2015 07:00:00   ;     8,0000
08.12.2015 07:00:00   ;     8,0000
09.12.2015 07:00:00   ;     8,0000
10.12.2015 07:00:00   ;     8,0000
11.12.2015 07:00:00   ;     8,0000
12.12.2015 07:00:00   ;     8,0000
13.12.2015 07:00:00   ;     7,0000
14.12.2015 07:00:00   ;     7,0000
15.12.2015 07:00:00   ;     7,0000
16.12.2015 07:00:00   ;     7,0000
17.12.2015 07:00:00   ;     7,0000
18.12.2015 07:00:00   ;     7,0000
19.12.2015 07:00:00   ;     7,0000
20.12.2015 07:00:00   ;     7,0000
21.12.2015 07:00:00   ;     6,0000
22.12.2015 07:00:00   ;     6,0000
23.12.2015 07:00:00   ;     6,0000
24.12.2015 07:00:00   ;     6,0000
25.12.2015 07:00:00   ;     6,0000
26.12.2015 07:00:00   ;     6,0000
27.12.2015 07:00:00   ;     6,0000
28.12.2015 07:00:00   ;     6,0000
29.12.2015 07:00:00   ;     6,0000
30.12.2015 07:00:00   ;     6,0000
31.12.2015 07:00:00   ;     6,0000
01.01.2016 07:00:00   ;     6,0000
02.01.2016 07:00:00   ;     6,0000
03.01.2016 07:00:00   ;    18,0000
04.01.2016 07:00:00   ;    16,0000
05.01.2016 07:00:00   ;    15,0000
06.01.2016 07:00:00   ;    14,0000
07.01.2016 07:00:00   ;    14,0000
08.01.2016 07:00:00   ;    13,0000
09.01.2016 07:00:00   ;    11,0000
10.01.2016 07:00:00   ;     9,0000
11.01.2016 07:00:00   ;     7,0000
12.01.2016 07:00:00   ;     3,0000
13.01.2016 07:00:00   ;     3,0000
14.01.2016 07:00:00   ;     3,0000
15.01.2016 07:00:00   ;     3,0000
16.01.2016 07:00:00   ;     3,0000
17.01.2016 07:00:00   ;     3,0000
18.01.2016 07:00:00   ;     3,0000
19.01.2016 07:00:00   ;     3,0000
20.01.2016 07:00:00   ;     3,0000
21.01.2016 07:00:00   ;     3,0000
22.01.2016 07:00:00   ;     3,0000
23.01.2016 07:00:00   ;     3,0000
24.01.2016 07:00:00   ;     3,0000
25.01.2016 07:00:00   ;     3,0000
26.01.2016 07:00:00   ;     3,0000
27.01.2016 07:00:00   ;     3,0000
28.01.2016 07:00:00   ;     3,0000
29.01.2016 07:00:00   ;     3,0000
30.01.2016 07:00:00   ;     3,0000
31.01.2016 07:00:00   ;     3,0000
01.02.2016 07:00:00   ;     2,0000
02.02.2016 07:00:00   ;     2,0000
03.02.2016 07:00:00   ;     2,0000
04.02.2016 07:00:00   ;    12,0000
05.02.2016 07:00:00   ;    10,0000
06.02.2016 07:00:00   ;     9,0000
07.02.2016 07:00:00   ;     6,0000
08.02.2016 07:00:00   ;     0,001
09.02.2016 07:00:00   ;     0,0000
10.02.2016 07:00:00   ;    16,0000
11.02.2016 07:00:00   ;    26,0000
12.02.2016 07:00:00   ;    22,0000
13.02.2016 07:00:00   ;    48,0000
14.02.2016 07:00:00   ;    40,0000
15.02.2016 07:00:00   ;    45,0000
16.02.2016 07:00:00   ;    52,0000
17.02.2016 07:00:00   ;    75,0000
18.02.2016 07:00:00   ;    71,0000
19.02.2016 07:00:00   ;    60,0000
20.02.2016 07:00:00   ;    57,0000
21.02.2016 07:00:00   ;    52,0000
22.02.2016 07:00:00   ;    44,0000
23.02.2016 07:00:00   ;    39,0000
24.02.2016 07:00:00   ;    47,0000
25.02.2016 07:00:00   ;    44,0000
26.02.2016 07:00:00   ;    42,0000
27.02.2016 07:00:00   ;    40,0000
28.02.2016 07:00:00   ;    64,0000
29.02.2016 07:00:00   ;    54,0000
01.03.2016 07:00:00   ;    52,0000
02.03.2016 07:00:00   ;    50,0000
03.03.2016 07:00:00   ;    74,0000
04.03.2016 07:00:00   ;    92,0000
05.03.2016 07:00:00   ;    88,0000
06.03.2016 07:00:00   ;    86,0000
07.03.2016 07:00:00   ;   105,0000
08.03.2016 07:00:00   ;   108,0000
09.03.2016 07:00:00   ;   122,0000
10.03.2016 07:00:00   ;   109,0000
11.03.2016 07:00:00   ;    96,0000
12.03.2016 07:00:00   ;    92,0000
13.03.2016 07:00:00   ;    88,0000
14.03.2016 07:00:00   ;    86,0000
15.03.2016 07:00:00   ;    82,0000
16.03.2016 07:00:00   ;    81,0000
17.03.2016 07:00:00   ;    80,0000
18.03.2016 07:00:00   ;    79,0000
19.03.2016 07:00:00   ;    78,0000
20.03.2016 07:00:00   ;    76,0000
21.03.2016 07:00:00   ;    74,0000
22.03.2016 07:00:00   ;    70,0000
23.03.2016 07:00:00   ;    68,0000
24.03.2016 07:00:00   ;    66,0000
25.03.2016 07:00:00   ;    64,0000
26.03.2016 07:00:00   ;    61,0000
27.03.2016 07:00:00   ;    59,0000
28.03.2016 07:00:00   ;    57,0000
29.03.2016 07:00:00   ;    54,0000
30.03.2016 07:00:00   ;    50,0000
31.03.2016 07:00:00   ;    43,0000
01.04.2016 07:00:00   ;    35,0000
02.04.2016 07:00:00   ;    29,0000
03.04.2016 07:00:00   ;    24,0000
04.04.2016 07:00:00   ;    18,0000
05.04.2016 07:00:00   ;    10,0000
06.04.2016 07:00:00   ;     0,001
07.04.2016 07:00:00   ;     0,0000
08.04.2016 07:00:00   ;     0,0000
09.04.2016 07:00:00   ;     0,0000
10.04.2016 07:00:00   ;     0,0000
11.04.2016 07:00:00   ;     0,0000
12.04.2016 07:00:00   ;     0,0000
13.04.2016 07:00:00   ;     0,0000
14.04.2016 07:00:00   ;     0,0000
15.04.2016 07:00:00   ;     0,0000
16.04.2016 07:00:00   ;     0,0000
17.04.2016 07:00:00   ;     0,0000
18.04.2016 07:00:00   ;     0,0000
19.04.2016 07:00:00   ;     0,0000
20.04.2016 07:00:00   ;     0,0000
21.04.2016 07:00:00   ;     0,0000
22.04.2016 07:00:00   ;     0,0000
23.04.2016 07:00:00   ;     0,0000
24.04.2016 07:00:00   ;     0,0000
25.04.2016 07:00:00   ;     3,0000
26.04.2016 07:00:00   ;     0,0000
27.04.2016 07:00:00   ;     0,0000
28.04.2016 07:00:00   ;    46,0000
29.04.2016 07:00:00   ;    40,0000
30.04.2016 07:00:00   ;    38,0000
01.05.2016 07:00:00   ;    15,0000
02.05.2016 07:00:00   ;     5,0000
03.05.2016 07:00:00   ;     0,0000
04.05.2016 07:00:00   ;     0,0000
05.05.2016 07:00:00   ;     0,0000
06.05.2016 07:00:00   ;     0,0000
07.05.2016 07:00:00   ;     0,0000
08.05.2016 07:00:00   ;     0,0000
09.05.2016 07:00:00   ;     0,0000
10.05.2016 07:00:00   ;     0,0000
11.05.2016 07:00:00   ;     0,0000
12.05.2016 07:00:00   ;     0,0000
13.05.2016 07:00:00   ;     0,0000
14.05.2016 07:00:00   ;     0,0000
15.05.2016 07:00:00   ;     0,0000
16.05.2016 07:00:00   ;     0,0000
17.05.2016 07:00:00   ;     0,0000
18.05.2016 07:00:00   ;     0,0000
19.05.2016 07:00:00   ;     0,0000
20.05.2016 07:00:00   ;     0,0000
21.05.2016 07:00:00   ;     0,0000
22.05.2016 07:00:00   ;     0,0000
23.05.2016 07:00:00   ;     0,0000
24.05.2016 07:00:00   ;     0,0000
25.05.2016 07:00:00   ;     0,0000
26.05.2016 07:00:00   ;     0,0000
27.05.2016 07:00:00   ;     0,0000
28.05.2016 07:00:00   ;     0,0000
29.05.2016 07:00:00   ;     0,0000
30.05.2016 07:00:00   ;     0,0000
31.05.2016 07:00:00   ;     0,0000
01.06.2016 07:00:00   ;     0,0000
02.06.2016 07:00:00   ;     0,0000
03.06.2016 07:00:00   ;     0,0000
04.06.2016 07:00:00   ;     0,0000
05.06.2016 07:00:00   ;     0,0000
06.06.2016 07:00:00   ;     0,0000
07.06.2016 07:00:00   ;     0,0000
08.06.2016 07:00:00   ;     0,0000
09.06.2016 07:00:00   ;     0,0000
10.06.2016 07:00:00   ;     0,0000
11.06.2016 07:00:00   ;     0,0000
12.06.2016 07:00:00   ;     0,0000
13.06.2016 07:00:00   ;     0,0000
14.06.2016 07:00:00   ;     0,0000
15.06.2016 07:00:00   ;     0,0000
16.06.2016 07:00:00   ;     0,0000
17.06.2016 07:00:00   ;     0,0000
18.06.2016 07:00:00   ;     0,0000
19.06.2016 07:00:00   ;     0,0000
20.06.2016 07:00:00   ;     0,0000
21.06.2016 07:00:00   ;     0,0000
22.06.2016 07:00:00   ;     0,0000
23.06.2016 07:00:00   ;     0,0000
24.06.2016 07:00:00   ;     0,0000
25.06.2016 07:00:00   ;     0,0000
26.06.2016 07:00:00   ;     0,0000
27.06.2016 07:00:00   ;     0,0000
28.06.2016 07:00:00   ;     0,0000
29.06.2016 07:00:00   ;     0,0000
30.06.2016 07:00:00   ;     0,0000
01.07.2016 07:00:00   ;     0,0000
02.07.2016 07:00:00   ;     0,0000
03.07.2016 07:00:00   ;     0,0000
04.07.2016 07:00:00   ;     0,0000
05.07.2016 07:00:00   ;     0,0000
06.07.2016 07:00:00   ;     0,0000
07.07.2016 07:00:00   ;     0,0000
08.07.2016 07:00:00   ;     0,0000
09.07.2016 07:00:00   ;     0,0000
10.07.2016 07:00:00   ;     0,0000
11.07.2016 07:00:00   ;     0,0000
12.07.2016 07:00:00   ;     0,0000
13.07.2016 07:00:00   ;     0,0000
14.07.2016 07:00:00   ;     0,0000
15.07.2016 07:00:00   ;     0,0000
16.07.2016 07:00:00   ;     0,0000
17.07.2016 07:00:00   ;     0,0000
18.07.2016 07:00:00   ;     0,0000
19.07.2016 07:00:00   ;     0,0000
20.07.2016 07:00:00   ;     0,0000
21.07.2016 07:00:00   ;     0,0000
22.07.2016 07:00:00   ;     0,0000
23.07.2016 07:00:00   ;     0,0000
24.07.2016 07:00:00   ;     0,0000
25.07.2016 07:00:00   ;     0,0000
26.07.2016 07:00:00   ;     0,0000
27.07.2016 07:00:00   ;     0,0000
28.07.2016 07:00:00   ;     0,0000
29.07.2016 07:00:00   ;     0,0000
30.07.2016 07:00:00   ;     0,0000
31.07.2016 07:00:00   ;     0,0000
01.08.2016 07:00:00   ;     0,0000
02.08.2016 07:00:00   ;     0,0000
03.08.2016 07:00:00   ;     0,0000
04.08.2016 07:00:00   ;     0,0000
05.08.2016 07:00:00   ;     0,0000
06.08.2016 07:00:00   ;     0,0000
07.08.2016 07:00:00   ;     0,0000
08.08.2016 07:00:00   ;     0,0000
09.08.2016 07:00:00   ;     0,0000
10.08.2016 07:00:00   ;     0,0000
11.08.2016 07:00:00   ;     0,0000
12.08.2016 07:00:00   ;     0,0000
13.08.2016 07:00:00   ;     0,0000
14.08.2016 07:00:00   ;     0,0000
15.08.2016 07:00:00   ;     0,0000
16.08.2016 07:00:00   ;     0,0000
17.08.2016 07:00:00   ;     0,0000
18.08.2016 07:00:00   ;     0,0000
19.08.2016 07:00:00   ;     0,0000
20.08.2016 07:00:00   ;     0,0000
21.08.2016 07:00:00   ;     0,0000
22.08.2016 07:00:00   ;     0,0000
23.08.2016 07:00:00   ;     0,0000
24.08.2016 07:00:00   ;     0,0000
25.08.2016 07:00:00   ;     0,0000
26.08.2016 07:00:00   ;     0,0000
27.08.2016 07:00:00   ;     0,0000
28.08.2016 07:00:00   ;     0,0000
29.08.2016 07:00:00   ;     0,0000
30.08.2016 07:00:00   ;     0,0000
31.08.2016 07:00:00   ;     0,0000
01.09.2016 07:00:00   ;     0,0000
02.09.2016 07:00:00   ;     0,0000
03.09.2016 07:00:00   ;     0,0000
04.09.2016 07:00:00   ;     0,0000
05.09.2016 07:00:00   ;     0,0000
06.09.2016 07:00:00   ;     0,0000
07.09.2016 07:00:00   ;     0,0000
08.09.2016 07:00:00   ;     0,0000
09.09.2016 07:00:00   ;     0,0000
10.09.2016 07:00:00   ;     0,0000
11.09.2016 07:00:00   ;     0,0000
12.09.2016 07:00:00   ;     0,0000
13.09.2016 07:00:00   ;     0,0000
14.09.2016 07:00:00   ;     0,0000
15.09.2016 07:00:00   ;     0,0000
16.09.2016 07:00:00   ;     0,0000
17.09.2016 07:00:00   ;     0,0000
18.09.2016 07:00:00   ;     0,0000
19.09.2016 07:00:00   ;     0,0000
20.09.2016 07:00:00   ;     0,0000
21.09.2016 07:00:00   ;     0,0000
22.09.2016 07:00:00   ;     0,0000
23.09.2016 07:00:00   ;     0,0000
24.09.2016 07:00:00   ;     0,0000
25.09.2016 07:00:00   ;     0,0000
26.09.2016 07:00:00   ;     0,0000
27.09.2016 07:00:00   ;     0,0000
28.09.2016 07:00:00   ;     0,0000
29.09.2016 07:00:00   ;     0,0000
30.09.2016 07:00:00   ;     0,0000
01.10.2016 07:00:00   ;     0,0000
02.10.2016 07:00:00   ;     0,0000
03.10.2016 07:00:00   ;     0,0000
04.10.2016 07:00:00   ;     0,0000
05.10.2016 07:00:00   ;     0,0000
06.10.2016 07:00:00   ;     0,0000
07.10.2016 07:00:00   ;     0,0000
08.10.2016 07:00:00   ;     0,0000
09.10.2016 07:00:00   ;     0,0000
10.10.2016 07:00:00   ;     0,0000
11.10.2016 07:00:00   ;     0,0000
12.10.2016 07:00:00   ;     0,0000
13.10.2016 07:00:00   ;     0,0000
14.10.2016 07:00:00   ;     0,0000
15.10.2016 07:00:00   ;     0,0000
16.10.2016 07:00:00   ;     0,0000
17.10.2016 07:00:00   ;     0,0000
18.10.2016 07:00:00   ;     0,0000
19.10.2016 07:00:00   ;     0,0000
20.10.2016 07:00:00   ;     0,0000
21.10.2016 07:00:00   ;     0,0000
22.10.2016 07:00:00   ;     0,0000
23.10.2016 07:00:00   ;     0,0000
24.10.2016 07:00:00   ;     0,0000
25.10.2016 07:00:00   ;     0,0000
26.10.2016 07:00:00   ;     0,0000
27.10.2016 07:00:00   ;     0,0000
28.10.2016 07:00:00   ;     0,0000
29.10.2016 07:00:00   ;     0,0000
30.10.2016 07:00:00   ;     0,0000
31.10.2016 07:00:00   ;     0,0000
01.11.2016 07:00:00   ;     0,0000
02.11.2016 07:00:00   ;     0,0000
03.11.2016 07:00:00   ;     0,0000
04.11.2016 07:00:00   ;     0,0000
05.11.2016 07:00:00   ;     0,0000
06.11.2016 07:00:00   ;     0,0000
07.11.2016 07:00:00   ;    11,0000
08.11.2016 07:00:00   ;    15,0000
09.11.2016 07:00:00   ;    15,0000
10.11.2016 07:00:00   ;    14,0000
11.11.2016 07:00:00   ;    10,0000
12.11.2016 07:00:00   ;    22,0000
13.11.2016 07:00:00   ;    22,0000
14.11.2016 07:00:00   ;    20,0000
15.11.2016 07:00:00   ;    17,0000
16.11.2016 07:00:00   ;    14,0000
17.11.2016 07:00:00   ;    10,0000
18.11.2016 07:00:00   ;     6,0000
19.11.2016 07:00:00   ;     0,0000
20.11.2016 07:00:00   ;     0,0000
21.11.2016 07:00:00   ;     0,0000
22.11.2016 07:00:00   ;     0,0000
23.11.2016 07:00:00   ;     0,0000
24.11.2016 07:00:00   ;     0,0000
25.11.2016 07:00:00   ;     0,0000
26.11.2016 07:00:00   ;     0,0000
27.11.2016 07:00:00   ;     0,0000
28.11.2016 07:00:00   ;     0,0000
29.11.2016 07:00:00   ;     0,0000
30.11.2016 07:00:00   ;     0,0000
01.12.2016 07:00:00   ;     0,0000
02.12.2016 07:00:00   ;     0,0000
03.12.2016 07:00:00   ;     0,0000
04.12.2016 07:00:00   ;     0,0000
05.12.2016 07:00:00   ;     0,0000
06.12.2016 07:00:00   ;     0,0000
07.12.2016 07:00:00   ;     0,0000
08.12.2016 07:00:00   ;     0,0000
09.12.2016 07:00:00   ;     0,0000
10.12.2016 07:00:00   ;     0,0000
11.12.2016 07:00:00   ;     0,0000
12.12.2016 07:00:00   ;     0,0000
13.12.2016 07:00:00   ;     0,0000
14.12.2016 07:00:00   ;     0,0000
15.12.2016 07:00:00   ;     0,0000
16.12.2016 07:00:00   ;     0,0000
17.12.2016 07:00:00   ;     0,0000
18.12.2016 07:00:00   ;     0,0000
19.12.2016 07:00:00   ;     0,0000
20.12.2016 07:00:00   ;     0,0000
21.12.2016 07:00:00   ;     0,0000
22.12.2016 07:00:00   ;     0,0000
23.12.2016 07:00:00   ;     0,0000
24.12.2016 07:00:00   ;     0,0000
25.12.2016 07:00:00   ;     0,0000
26.12.2016 07:00:00   ;     0,0000
27.12.2016 07:00:00   ;     0,0000
28.12.2016 07:00:00   ;     0,0000
29.12.2016 07:00:00   ;     0,0000
30.12.2016 07:00:00   ;     0,0000
31.12.2016 07:00:00   ;     0,0000
01.01.2017 07:00:00   ;     0,0000
02.01.2017 07:00:00   ;     0,0000
03.01.2017 07:00:00   ;     0,0000
04.01.2017 07:00:00   ;     0,0000
05.01.2017 07:00:00   ;     0,0000
06.01.2017 07:00:00   ;     2,0000
07.01.2017 07:00:00   ;     0,0000
08.01.2017 07:00:00   ;     0,0000
09.01.2017 07:00:00   ;     0,0000
10.01.2017 07:00:00   ;     0,0000
11.01.2017 07:00:00   ;     2,0000
12.01.2017 07:00:00   ;     0,0000
13.01.2017 07:00:00   ;     7,0000
14.01.2017 07:00:00   ;    37,0000
15.01.2017 07:00:00   ;    35,0000
16.01.2017 07:00:00   ;    33,0000
17.01.2017 07:00:00   ;    35,0000
18.01.2017 07:00:00   ;    32,0000
19.01.2017 07:00:00   ;    30,0000
20.01.2017 07:00:00   ;    29,0000
21.01.2017 07:00:00   ;    28,0000
22.01.2017 07:00:00   ;    27,0000
23.01.2017 07:00:00   ;    27,0000
24.01.2017 07:00:00   ;    27,0000
25.01.2017 07:00:00   ;    27,0000
26.01.2017 07:00:00   ;    27,0000
27.01.2017 07:00:00   ;    27,0000
28.01.2017 07:00:00   ;    27,0000
29.01.2017 07:00:00   ;    27,0000
30.01.2017 07:00:00   ;    27,0000
31.01.2017 07:00:00   ;    27,0000
01.02.2017 07:00:00   ;    26,0000
02.02.2017 07:00:00   ;    22,0000
03.02.2017 07:00:00   ;    14,0000
04.02.2017 07:00:00   ;     9,0000
05.02.2017 07:00:00   ;     5,0000
06.02.2017 07:00:00   ;    28,0000
07.02.2017 07:00:00   ;    36,0000
08.02.2017 07:00:00   ;    32,0000
09.02.2017 07:00:00   ;    31,0000
10.02.2017 07:00:00   ;    30,0000
11.02.2017 07:00:00   ;    31,0000
12.02.2017 07:00:00   ;    31,0000
13.02.2017 07:00:00   ;    31,0000
14.02.2017 07:00:00   ;    31,0000
15.02.2017 07:00:00   ;    31,0000
16.02.2017 07:00:00   ;    31,0000
17.02.2017 07:00:00   ;    30,0000
18.02.2017 07:00:00   ;    32,0000
19.02.2017 07:00:00   ;    30,0000
20.02.2017 07:00:00   ;    30,0000
21.02.2017 07:00:00   ;    29,0000
22.02.2017 07:00:00   ;    28,0000
23.02.2017 07:00:00   ;    24,0000
24.02.2017 07:00:00   ;    20,0000
25.02.2017 07:00:00   ;    35,0000
26.02.2017 07:00:00   ;    32,0000
27.02.2017 07:00:00   ;    30,0000
28.02.2017 07:00:00   ;    23,0000
01.03.2017 07:00:00   ;    41,0000
02.03.2017 07:00:00   ;    36,0000
03.03.2017 07:00:00   ;    32,0000
04.03.2017 07:00:00   ;    28,0000
05.03.2017 07:00:00   ;    20,0000
06.03.2017 07:00:00   ;     8,0000
07.03.2017 07:00:00   ;    10,0000
08.03.2017 07:00:00   ;     9,0000
09.03.2017 07:00:00   ;     8,0000
10.03.2017 07:00:00   ;    10,0000
11.03.2017 07:00:00   ;     7,0000
12.03.2017 07:00:00   ;     4,0000
13.03.2017 07:00:00   ;     0,001
14.03.2017 07:00:00   ;     0,0000
15.03.2017 07:00:00   ;     0,0000
16.03.2017 07:00:00   ;     0,0000
17.03.2017 07:00:00   ;     0,0000
18.03.2017 07:00:00   ;     0,0000
19.03.2017 07:00:00   ;     0,0000
20.03.2017 07:00:00   ;     0,0000
21.03.2017 07:00:00   ;     0,0000
22.03.2017 07:00:00   ;     0,0000
23.03.2017 07:00:00   ;     0,0000
24.03.2017 07:00:00   ;     0,0000
25.03.2017 07:00:00   ;     0,0000
26.03.2017 07:00:00   ;     0,0000
27.03.2017 07:00:00   ;     0,0000
28.03.2017 07:00:00   ;     0,0000
29.03.2017 07:00:00   ;     0,0000
30.03.2017 07:00:00   ;     0,0000
31.03.2017 07:00:00   ;     0,0000
01.04.2017 07:00:00   ;     0,0000
02.04.2017 07:00:00   ;     0,0000
03.04.2017 07:00:00   ;     0,0000
04.04.2017 07:00:00   ;     0,0000
05.04.2017 07:00:00   ;     0,0000
06.04.2017 07:00:00   ;     0,0000
07.04.2017 07:00:00   ;     0,0000
08.04.2017 07:00:00   ;     0,0000
09.04.2017 07:00:00   ;     0,0000
10.04.2017 07:00:00   ;     0,0000
11.04.2017 07:00:00   ;     0,0000
12.04.2017 07:00:00   ;     0,0000
13.04.2017 07:00:00   ;     0,0000
14.04.2017 07:00:00   ;     0,0000
15.04.2017 07:00:00   ;     0,0000
16.04.2017 07:00:00   ;     0,0000
17.04.2017 07:00:00   ;     0,0000
18.04.2017 07:00:00   ;     0,0000
19.04.2017 07:00:00   ;     0,0000
20.04.2017 07:00:00   ;     0,0000
21.04.2017 07:00:00   ;     0,0000
22.04.2017 07:00:00   ;     0,0000
23.04.2017 07:00:00   ;     0,0000
24.04.2017 07:00:00   ;     0,0000
25.04.2017 07:00:00   ;     0,0000
26.04.2017 07:00:00   ;     0,0000
27.04.2017 07:00:00   ;     0,0000
28.04.2017 07:00:00   ;     0,0000
29.04.2017 07:00:00   ;     0,0000
30.04.2017 07:00:00   ;     0,0000
01.05.2017 07:00:00   ;     0,0000
02.05.2017 07:00:00   ;     0,0000
03.05.2017 07:00:00   ;     0,0000
04.05.2017 07:00:00   ;     0,0000
05.05.2017 07:00:00   ;     0,0000
06.05.2017 07:00:00   ;     0,0000
07.05.2017 07:00:00   ;     0,0000
08.05.2017 07:00:00   ;     0,0000
09.05.2017 07:00:00   ;     0,0000
10.05.2017 07:00:00   ;     0,0000
11.05.2017 07:00:00   ;     0,0000
12.05.2017 07:00:00   ;     0,0000
13.05.2017 07:00:00   ;     0,0000
14.05.2017 07:00:00   ;     0,0000
15.05.2017 07:00:00   ;     0,0000
16.05.2017 07:00:00   ;     0,0000
17.05.2017 07:00:00   ;     0,0000
18.05.2017 07:00:00   ;     0,0000
19.05.2017 07:00:00   ;     0,0000
20.05.2017 07:00:00   ;     0,0000
21.05.2017 07:00:00   ;     0,0000
22.05.2017 07:00:00   ;     0,0000
23.05.2017 07:00:00   ;     0,0000
24.05.2017 07:00:00   ;     0,0000
25.05.2017 07:00:00   ;     0,0000
26.05.2017 07:00:00   ;     0,0000
27.05.2017 07:00:00   ;     0,0000
28.05.2017 07:00:00   ;     0,0000
29.05.2017 07:00:00   ;     0,0000
30.05.2017 07:00:00   ;     0,0000
31.05.2017 07:00:00   ;     0,0000
01.06.2017 07:00:00   ;     0,0000
02.06.2017 07:00:00   ;     0,0000
03.06.2017 07:00:00   ;     0,0000
04.06.2017 07:00:00   ;     0,0000
05.06.2017 07:00:00   ;     0,0000
06.06.2017 07:00:00   ;     0,0000
07.06.2017 07:00:00   ;     0,0000
08.06.2017 07:00:00   ;     0,0000
09.06.2017 07:00:00   ;     0,0000
10.06.2017 07:00:00   ;     0,0000
11.06.2017 07:00:00   ;     0,0000
12.06.2017 07:00:00   ;     0,0000
13.06.2017 07:00:00   ;     0,0000
14.06.2017 07:00:00   ;     0,0000
15.06.2017 07:00:00   ;     0,0000
16.06.2017 07:00:00   ;     0,0000
17.06.2017 07:00:00   ;     0,0000
18.06.2017 07:00:00   ;     0,0000
19.06.2017 07:00:00   ;     0,0000
20.06.2017 07:00:00   ;     0,0000
21.06.2017 07:00:00   ;     0,0000
22.06.2017 07:00:00   ;     0,0000
23.06.2017 07:00:00   ;     0,0000
24.06.2017 07:00:00   ;     0,0000
25.06.2017 07:00:00   ;     0,0000
26.06.2017 07:00:00   ;     0,0000
27.06.2017 07:00:00   ;     0,0000
28.06.2017 07:00:00   ;     0,0000
29.06.2017 07:00:00   ;     0,0000
30.06.2017 07:00:00   ;     0,0000
01.07.2017 07:00:00   ;     0,0000
02.07.2017 07:00:00   ;     0,0000
03.07.2017 07:00:00   ;     0,0000
04.07.2017 07:00:00   ;     0,0000
05.07.2017 07:00:00   ;     0,0000
06.07.2017 07:00:00   ;     0,0000
07.07.2017 07:00:00   ;     0,0000
08.07.2017 07:00:00   ;     0,0000
09.07.2017 07:00:00   ;     0,0000
10.07.2017 07:00:00   ;     0,0000
11.07.2017 07:00:00   ;     0,0000
12.07.2017 07:00:00   ;     0,0000
13.07.2017 07:00:00   ;     0,0000
14.07.2017 07:00:00   ;     0,0000
15.07.2017 07:00:00   ;     0,0000
16.07.2017 07:00:00   ;     0,0000
17.07.2017 07:00:00   ;     0,0000
18.07.2017 07:00:00   ;     0,0000
19.07.2017 07:00:00   ;     0,0000
20.07.2017 07:00:00   ;     0,0000
21.07.2017 07:00:00   ;     0,0000
22.07.2017 07:00:00   ;     0,0000
23.07.2017 07:00:00   ;     0,0000
24.07.2017 07:00:00   ;     0,0000
25.07.2017 07:00:00   ;     0,0000
26.07.2017 07:00:00   ;     0,0000
27.07.2017 07:00:00   ;     0,0000
28.07.2017 07:00:00   ;     0,0000
29.07.2017 07:00:00   ;     0,0000
30.07.2017 07:00:00   ;     0,0000
31.07.2017 07:00:00   ;     0,0000
01.08.2017 07:00:00   ;     0,0000
02.08.2017 07:00:00   ;     0,0000
03.08.2017 07:00:00   ;     0,0000
04.08.2017 07:00:00   ;     0,0000
05.08.2017 07:00:00   ;     0,0000
06.08.2017 07:00:00   ;     0,0000
07.08.2017 07:00:00   ;     0,0000
08.08.2017 07:00:00   ;     0,0000
09.08.2017 07:00:00   ;     0,0000
10.08.2017 07:00:00   ;     0,0000
11.08.2017 07:00:00   ;     0,0000
12.08.2017 07:00:00   ;     0,0000
13.08.2017 07:00:00   ;     0,0000
14.08.2017 07:00:00   ;     0,0000
15.08.2017 07:00:00   ;     0,0000
16.08.2017 07:00:00   ;     0,0000
17.08.2017 07:00:00   ;     0,0000
18.08.2017 07:00:00   ;     0,0000
19.08.2017 07:00:00   ;     0,0000
20.08.2017 07:00:00   ;     0,0000
21.08.2017 07:00:00   ;     0,0000
22.08.2017 07:00:00   ;     0,0000
23.08.2017 07:00:00   ;     0,0000
24.08.2017 07:00:00   ;     0,0000
25.08.2017 07:00:00   ;     0,0000
26.08.2017 07:00:00   ;     0,0000
27.08.2017 07:00:00   ;     0,0000
28.08.2017 07:00:00   ;     0,0000
29.08.2017 07:00:00   ;     0,0000
30.08.2017 07:00:00   ;     0,0000
31.08.2017 07:00:00   ;     0,0000
01.09.2017 07:00:00   ;     0,0000
02.09.2017 07:00:00   ;     0,0000
03.09.2017 07:00:00   ;     0,0000
04.09.2017 07:00:00   ;     0,0000
05.09.2017 07:00:00   ;     0,0000
06.09.2017 07:00:00   ;     0,0000
07.09.2017 07:00:00   ;     0,0000
08.09.2017 07:00:00   ;     0,0000
09.09.2017 07:00:00   ;     0,0000
10.09.2017 07:00:00   ;     0,0000
11.09.2017 07:00:00   ;     0,0000
12.09.2017 07:00:00   ;     0,0000
13.09.2017 07:00:00   ;     0,0000
14.09.2017 07:00:00   ;     0,0000
15.09.2017 07:00:00   ;     0,0000
16.09.2017 07:00:00   ;     0,0000
17.09.2017 07:00:00   ;     0,0000
18.09.2017 07:00:00   ;     0,0000
19.09.2017 07:00:00   ;     0,0000
20.09.2017 07:00:00   ;     0,0000
21.09.2017 07:00:00   ;     0,0000
22.09.2017 07:00:00   ;     0,0000
23.09.2017 07:00:00   ;     0,0000
24.09.2017 07:00:00   ;     0,0000
25.09.2017 07:00:00   ;     0,0000
26.09.2017 07:00:00   ;     0,0000
27.09.2017 07:00:00   ;     0,0000
28.09.2017 07:00:00   ;     0,0000
29.09.2017 07:00:00   ;     0,0000
30.09.2017 07:00:00   ;     0,0000
01.10.2017 07:00:00   ;     0,0000
02.10.2017 07:00:00   ;     0,0000
03.10.2017 07:00:00   ;     0,0000
04.10.2017 07:00:00   ;     0,0000
05.10.2017 07:00:00   ;     0,0000
06.10.2017 07:00:00   ;     0,0000
07.10.2017 07:00:00   ;     0,0000
08.10.2017 07:00:00   ;     0,0000
09.10.2017 07:00:00   ;     0,0000
10.10.2017 07:00:00   ;     0,0000
11.10.2017 07:00:00   ;     0,0000
12.10.2017 07:00:00   ;     0,0000
13.10.2017 07:00:00   ;     0,0000
14.10.2017 07:00:00   ;     0,0000
15.10.2017 07:00:00   ;     0,0000
16.10.2017 07:00:00   ;     0,0000
17.10.2017 07:00:00   ;     0,0000
18.10.2017 07:00:00   ;     0,0000
19.10.2017 07:00:00   ;     0,0000
20.10.2017 07:00:00   ;     0,0000
21.10.2017 07:00:00   ;     0,0000
22.10.2017 07:00:00   ;     0,0000
23.10.2017 07:00:00   ;     0,0000
24.10.2017 07:00:00   ;     0,0000
25.10.2017 07:00:00   ;     0,0000
26.10.2017 07:00:00   ;     0,0000
27.10.2017 07:00:00   ;     0,0000
28.10.2017 07:00:00   ;     0,0000
29.10.2017 07:00:00   ;     0,0000
30.10.2017 07:00:00   ;     0,0000
31.10.2017 07:00:00   ;     0,0000
01.11.2017 07:00:00   ;     0,0000
02.11.2017 07:00:00   ;     0,0000
03.11.2017 07:00:00   ;     0,0000
04.11.2017 07:00:00   ;     0,0000
05.11.2017 07:00:00   ;     0,0000
06.11.2017 07:00:00   ;     4,0000
07.11.2017 07:00:00   ;     9,0000
08.11.2017 07:00:00   ;    14,0000
09.11.2017 07:00:00   ;     0,001
10.11.2017 07:00:00   ;     0,0000
11.11.2017 07:00:00   ;     0,0000
12.11.2017 07:00:00   ;     0,0000
13.11.2017 07:00:00   ;    21,0000
14.11.2017 07:00:00   ;    23,0000
15.11.2017 07:00:00   ;     0,0000
16.11.2017 07:00:00   ;     0,0000
17.11.2017 07:00:00   ;     0,0000
18.11.2017 07:00:00   ;     0,0000
19.11.2017 07:00:00   ;     0,0000
20.11.2017 07:00:00   ;     0,0000
21.11.2017 07:00:00   ;     0,0000
22.11.2017 07:00:00   ;     0,0000
23.11.2017 07:00:00   ;     0,0000
24.11.2017 07:00:00   ;     0,0000
25.11.2017 07:00:00   ;     0,0000
26.11.2017 07:00:00   ;    40,0000
27.11.2017 07:00:00   ;    40,0000
28.11.2017 07:00:00   ;    40,0000
29.11.2017 07:00:00   ;    40,0000
30.11.2017 07:00:00   ;    58,0000
01.12.2017 07:00:00   ;    52,0000
02.12.2017 07:00:00   ;    50,0000
03.12.2017 07:00:00   ;    43,0000
04.12.2017 07:00:00   ;    41,0000
05.12.2017 07:00:00   ;    38,0000
06.12.2017 07:00:00   ;    36,0000
07.12.2017 07:00:00   ;    34,0000
08.12.2017 07:00:00   ;    31,0000
09.12.2017 07:00:00   ;    62,0000
10.12.2017 07:00:00   ;    58,0000
11.12.2017 07:00:00   ;    55,0000
12.12.2017 07:00:00   ;    26,0000
13.12.2017 07:00:00   ;    32,0000
14.12.2017 07:00:00   ;    33,0000
15.12.2017 07:00:00   ;    22,0000
16.12.2017 07:00:00   ;    48,0000
17.12.2017 07:00:00   ;    43,0000
18.12.2017 07:00:00   ;    42,0000
19.12.2017 07:00:00   ;    40,0000
20.12.2017 07:00:00   ;    40,0000
21.12.2017 07:00:00   ;    40,0000
22.12.2017 07:00:00   ;    38,0000
23.12.2017 07:00:00   ;    36,0000
24.12.2017 07:00:00   ;    36,0000
25.12.2017 07:00:00   ;    34,0000
26.12.2017 07:00:00   ;    25,0000
27.12.2017 07:00:00   ;    24,0000
28.12.2017 07:00:00   ;    35,0000
29.12.2017 07:00:00   ;    40,0000
30.12.2017 07:00:00   ;    39,0000
31.12.2017 07:00:00   ;    38,0000
01.01.2018 07:00:00   ;    38,0000
02.01.2018 07:00:00   ;    64,0000
03.01.2018 07:00:00   ;    61,0000
04.01.2018 07:00:00   ;    57,0000
05.01.2018 07:00:00   ;    54,0000
06.01.2018 07:00:00   ;    53,0000
07.01.2018 07:00:00   ;    34,0000
08.01.2018 07:00:00   ;    33,0000
09.01.2018 07:00:00   ;    30,0000
10.01.2018 07:00:00   ;    23,0000
11.01.2018 07:00:00   ;    22,0000
12.01.2018 07:00:00   ;    23,0000
13.01.2018 07:00:00   ;    22,0000
14.01.2018 07:00:00   ;    23,0000
15.01.2018 07:00:00   ;    22,0000
16.01.2018 07:00:00   ;    22,0000
17.01.2018 07:00:00   ;    22,0000
18.01.2018 07:00:00   ;    23,0000
19.01.2018 07:00:00   ;    23,0000
20.01.2018 07:00:00   ;    25,0000
21.01.2018 07:00:00   ;    24,0000
22.01.2018 07:00:00   ;    23,0000
23.01.2018 07:00:00   ;    23,0000
24.01.2018 07:00:00   ;    22,0000
25.01.2018 07:00:00   ;    22,0000
26.01.2018 07:00:00   ;    22,0000
27.01.2018 07:00:00   ;    21,0000
28.01.2018 07:00:00   ;    21,0000
29.01.2018 07:00:00   ;    21,0000
30.01.2018 07:00:00   ;    20,0000
31.01.2018 07:00:00   ;    20,0000
01.02.2018 07:00:00   ;    20,0000
02.02.2018 07:00:00   ;    45,0000
03.02.2018 07:00:00   ;    70,0000
04.02.2018 07:00:00   ;    81,0000
05.02.2018 07:00:00   ;    70,0000
06.02.2018 07:00:00   ;    66,0000
07.02.2018 07:00:00   ;    82,0000
08.02.2018 07:00:00   ;    76,0000
09.02.2018 07:00:00   ;    72,0000
10.02.2018 07:00:00   ;    71,0000
11.02.2018 07:00:00   ;    70,0000
12.02.2018 07:00:00   ;    71,0000
13.02.2018 07:00:00   ;    95,0000
14.02.2018 07:00:00   ;    92,0000
15.02.2018 07:00:00   ;    90,0000
16.02.2018 07:00:00   ;    88,0000
17.02.2018 07:00:00   ;    86,0000
18.02.2018 07:00:00   ;    94,0000
19.02.2018 07:00:00   ;    92,0000
20.02.2018 07:00:00   ;    95,0000
21.02.2018 07:00:00   ;    96,0000
22.02.2018 07:00:00   ;    98,0000
23.02.2018 07:00:00   ;   105,0000
24.02.2018 07:00:00   ;    97,0000
25.02.2018 07:00:00   ;    95,0000
26.02.2018 07:00:00   ;    94,0000
27.02.2018 07:00:00   ;   105,0000
28.02.2018 07:00:00   ;   102,0000
01.03.2018 07:00:00   ;    99,0000
02.03.2018 07:00:00   ;    95,0000
03.03.2018 07:00:00   ;    98,0000
04.03.2018 07:00:00   ;    95,0000
05.03.2018 07:00:00   ;    90,0000
06.03.2018 07:00:00   ;   110,0000
07.03.2018 07:00:00   ;   102,0000
08.03.2018 07:00:00   ;    96,0000
09.03.2018 07:00:00   ;    92,0000
10.03.2018 07:00:00   ;    87,0000
11.03.2018 07:00:00   ;    78,0000
12.03.2018 07:00:00   ;    69,0000
13.03.2018 07:00:00   ;    62,0000
14.03.2018 07:00:00   ;    57,0000
15.03.2018 07:00:00   ;    55,0000
16.03.2018 07:00:00   ;    53,0000
17.03.2018 07:00:00   ;    51,0000
18.03.2018 07:00:00   ;    62,0000
19.03.2018 07:00:00   ;    72,0000
20.03.2018 07:00:00   ;    72,0000
21.03.2018 07:00:00   ;    71,0000
22.03.2018 07:00:00   ;    71,0000
23.03.2018 07:00:00   ;    69,0000
24.03.2018 07:00:00   ;    68,0000
25.03.2018 07:00:00   ;    67,0000
26.03.2018 07:00:00   ;    66,0000
27.03.2018 07:00:00   ;    63,0000
28.03.2018 07:00:00   ;    60,0000
29.03.2018 07:00:00   ;    57,0000
30.03.2018 07:00:00   ;    53,0000
31.03.2018 07:00:00   ;    49,0000
01.04.2018 07:00:00   ;    43,0000
02.04.2018 07:00:00   ;    40,0000
03.04.2018 07:00:00   ;    34,0000
04.04.2018 07:00:00   ;    28,0000
05.04.2018 07:00:00   ;    20,0000
06.04.2018 07:00:00   ;    17,0000
07.04.2018 07:00:00   ;    12,0000
08.04.2018 07:00:00   ;     8,0000
09.04.2018 07:00:00   ;     0,001
10.04.2018 07:00:00   ;     0,001
11.04.2018 07:00:00   ;     0,0000
12.04.2018 07:00:00   ;     0,0000
13.04.2018 07:00:00   ;     0,0000
14.04.2018 07:00:00   ;     0,0000
15.04.2018 07:00:00   ;     0,0000
16.04.2018 07:00:00   ;     0,0000
17.04.2018 07:00:00   ;     0,0000
18.04.2018 07:00:00   ;     0,0000
19.04.2018 07:00:00   ;     0,0000
20.04.2018 07:00:00   ;     0,0000
21.04.2018 07:00:00   ;     0,0000
22.04.2018 07:00:00   ;     0,0000
23.04.2018 07:00:00   ;     0,0000
24.04.2018 07:00:00   ;     0,0000
25.04.2018 07:00:00   ;     0,0000
26.04.2018 07:00:00   ;     0,0000
27.04.2018 07:00:00   ;     0,0000
28.04.2018 07:00:00   ;     0,0000
29.04.2018 07:00:00   ;     0,0000
30.04.2018 07:00:00   ;     0,0000
01.05.2018 07:00:00   ;     0,0000
02.05.2018 07:00:00   ;     0,0000
03.05.2018 07:00:00   ;     0,0000
04.05.2018 07:00:00   ;     0,0000
05.05.2018 07:00:00   ;     0,0000
06.05.2018 07:00:00   ;     0,0000
07.05.2018 07:00:00   ;     0,0000
08.05.2018 07:00:00   ;     0,0000
09.05.2018 07:00:00   ;     0,0000
10.05.2018 07:00:00   ;     0,0000
11.05.2018 07:00:00   ;     0,0000
12.05.2018 07:00:00   ;     0,0000
13.05.2018 07:00:00   ;     0,0000
14.05.2018 07:00:00   ;     0,0000
15.05.2018 07:00:00   ;     0,0000
16.05.2018 07:00:00   ;     0,0000
17.05.2018 07:00:00   ;     0,0000
18.05.2018 07:00:00   ;     0,0000
19.05.2018 07:00:00   ;     0,0000
20.05.2018 07:00:00   ;     0,0000
21.05.2018 07:00:00   ;     0,0000
22.05.2018 07:00:00   ;     0,0000
23.05.2018 07:00:00   ;     0,0000
24.05.2018 07:00:00   ;     0,0000
25.05.2018 07:00:00   ;     0,0000
26.05.2018 07:00:00   ;     0,0000
27.05.2018 07:00:00   ;     0,0000
28.05.2018 07:00:00   ;     0,0000
29.05.2018 07:00:00   ;     0,0000
30.05.2018 07:00:00   ;     0,0000
31.05.2018 07:00:00   ;     0,0000
01.06.2018 07:00:00   ;     0,0000
02.06.2018 07:00:00   ;     0,0000
03.06.2018 07:00:00   ;     0,0000
04.06.2018 07:00:00   ;     0,0000
05.06.2018 07:00:00   ;     0,0000
06.06.2018 07:00:00   ;     0,0000
07.06.2018 07:00:00   ;     0,0000
08.06.2018 07:00:00   ;     0,0000
09.06.2018 07:00:00   ;     0,0000
10.06.2018 07:00:00   ;     0,0000
11.06.2018 07:00:00   ;     0,0000
12.06.2018 07:00:00   ;     0,0000
13.06.2018 07:00:00   ;     0,0000
14.06.2018 07:00:00   ;     0,0000
15.06.2018 07:00:00   ;     0,0000
16.06.2018 07:00:00   ;     0,0000
17.06.2018 07:00:00   ;     0,0000
18.06.2018 07:00:00   ;     0,0000
19.06.2018 07:00:00   ;     0,0000
20.06.2018 07:00:00   ;     0,0000
21.06.2018 07:00:00   ;     0,0000
22.06.2018 07:00:00   ;     0,0000
23.06.2018 07:00:00   ;     0,0000
24.06.2018 07:00:00   ;     0,0000
25.06.2018 07:00:00   ;     0,0000
26.06.2018 07:00:00   ;     0,0000
27.06.2018 07:00:00   ;     0,0000
28.06.2018 07:00:00   ;     0,0000
29.06.2018 07:00:00   ;     0,0000
30.06.2018 07:00:00   ;     0,0000
01.07.2018 07:00:00   ;     0,0000
02.07.2018 07:00:00   ;     0,0000
03.07.2018 07:00:00   ;     0,0000
04.07.2018 07:00:00   ;     0,0000
05.07.2018 07:00:00   ;     0,0000
06.07.2018 07:00:00   ;     0,0000
07.07.2018 07:00:00   ;     0,0000
08.07.2018 07:00:00   ;     0,0000
09.07.2018 07:00:00   ;     0,0000
10.07.2018 07:00:00   ;     0,0000
11.07.2018 07:00:00   ;     0,0000
12.07.2018 07:00:00   ;     0,0000
13.07.2018 07:00:00   ;     0,0000
14.07.2018 07:00:00   ;     0,0000
15.07.2018 07:00:00   ;     0,0000
16.07.2018 07:00:00   ;     0,0000
17.07.2018 07:00:00   ;     0,0000
18.07.2018 07:00:00   ;     0,0000
19.07.2018 07:00:00   ;     0,0000
20.07.2018 07:00:00   ;     0,0000
21.07.2018 07:00:00   ;     0,0000
22.07.2018 07:00:00   ;     0,0000
23.07.2018 07:00:00   ;     0,0000
24.07.2018 07:00:00   ;     0,0000
25.07.2018 07:00:00   ;     0,0000
26.07.2018 07:00:00   ;     0,0000
27.07.2018 07:00:00   ;     0,0000
28.07.2018 07:00:00   ;     0,0000
29.07.2018 07:00:00   ;     0,0000
30.07.2018 07:00:00   ;     0,0000
31.07.2018 07:00:00   ;     0,0000
01.08.2018 07:00:00   ;     0,0000
02.08.2018 07:00:00   ;     0,0000
03.08.2018 07:00:00   ;     0,0000
04.08.2018 07:00:00   ;     0,0000
05.08.2018 07:00:00   ;     0,0000
06.08.2018 07:00:00   ;     0,0000
07.08.2018 07:00:00   ;     0,0000
08.08.2018 07:00:00   ;     0,0000
09.08.2018 07:00:00   ;     0,0000
10.08.2018 07:00:00   ;     0,0000
11.08.2018 07:00:00   ;     0,0000
12.08.2018 07:00:00   ;     0,0000
13.08.2018 07:00:00   ;     0,0000
14.08.2018 07:00:00   ;     0,0000
15.08.2018 07:00:00   ;     0,0000
16.08.2018 07:00:00   ;     0,0000
17.08.2018 07:00:00   ;     0,0000
18.08.2018 07:00:00   ;     0,0000
19.08.2018 07:00:00   ;     0,0000
20.08.2018 07:00:00   ;     0,0000
21.08.2018 07:00:00   ;     0,0000
22.08.2018 07:00:00   ;     0,0000
23.08.2018 07:00:00   ;     0,0000
24.08.2018 07:00:00   ;     0,0000
25.08.2018 07:00:00   ;     0,0000
26.08.2018 07:00:00   ;     0,0000
27.08.2018 07:00:00   ;     0,0000
28.08.2018 07:00:00   ;     0,0000
29.08.2018 07:00:00   ;     0,0000
30.08.2018 07:00:00   ;     0,0000
31.08.2018 07:00:00   ;     0,0000
01.09.2018 07:00:00   ;     0,0000
02.09.2018 07:00:00   ;     0,0000
03.09.2018 07:00:00   ;     0,0000
04.09.2018 07:00:00   ;     0,0000
05.09.2018 07:00:00   ;     0,0000
06.09.2018 07:00:00   ;     0,0000
07.09.2018 07:00:00   ;     0,0000
08.09.2018 07:00:00   ;     0,0000
09.09.2018 07:00:00   ;     0,0000
10.09.2018 07:00:00   ;     0,0000
11.09.2018 07:00:00   ;     0,0000
12.09.2018 07:00:00   ;     0,0000
13.09.2018 07:00:00   ;     0,0000
14.09.2018 07:00:00   ;     0,0000
15.09.2018 07:00:00   ;     0,0000
16.09.2018 07:00:00   ;     0,0000
17.09.2018 07:00:00   ;     0,0000
18.09.2018 07:00:00   ;     0,0000
19.09.2018 07:00:00   ;     0,0000
20.09.2018 07:00:00   ;     0,0000
21.09.2018 07:00:00   ;     0,0000
22.09.2018 07:00:00   ;     0,0000
23.09.2018 07:00:00   ;     0,0000
24.09.2018 07:00:00   ;     0,0000
25.09.2018 07:00:00   ;     0,0000
26.09.2018 07:00:00   ;     0,0000
27.09.2018 07:00:00   ;     0,0000
28.09.2018 07:00:00   ;     0,0000
29.09.2018 07:00:00   ;     0,0000
30.09.2018 07:00:00   ;     0,0000
01.10.2018 07:00:00   ;     0,0000
02.10.2018 07:00:00   ;     0,0000
03.10.2018 07:00:00   ;     0,0000
04.10.2018 07:00:00   ;     0,0000
05.10.2018 07:00:00   ;     0,0000
06.10.2018 07:00:00   ;     0,0000
07.10.2018 07:00:00   ;     0,0000
08.10.2018 07:00:00   ;     0,0000
09.10.2018 07:00:00   ;     0,0000
10.10.2018 07:00:00   ;     0,0000
11.10.2018 07:00:00   ;     0,0000
12.10.2018 07:00:00   ;     0,0000
13.10.2018 07:00:00   ;     0,0000
14.10.2018 07:00:00   ;     0,0000
15.10.2018 07:00:00   ;     0,0000
16.10.2018 07:00:00   ;     0,0000
17.10.2018 07:00:00   ;     0,0000
18.10.2018 07:00:00   ;     0,0000
19.10.2018 07:00:00   ;     0,0000
20.10.2018 07:00:00   ;     0,0000
21.10.2018 07:00:00   ;     0,0000
22.10.2018 07:00:00   ;     0,0000
23.10.2018 07:00:00   ;     0,0000
24.10.2018 07:00:00   ;     0,0000
25.10.2018 07:00:00   ;     0,0000
26.10.2018 07:00:00   ;     0,0000
27.10.2018 07:00:00   ;     0,0000
28.10.2018 07:00:00   ;     0,0000
29.10.2018 07:00:00   ;     0,0000
30.10.2018 07:00:00   ;     0,0000
31.10.2018 07:00:00   ;     0,0000
01.11.2018 07:00:00   ;     0,0000
02.11.2018 07:00:00   ;     0,0000
03.11.2018 07:00:00   ;     0,0000
04.11.2018 07:00:00   ;     0,0000
05.11.2018 07:00:00   ;     0,0000
06.11.2018 07:00:00   ;     0,0000
07.11.2018 07:00:00   ;     0,0000
08.11.2018 07:00:00   ;     0,0000
09.11.2018 07:00:00   ;     0,0000
10.11.2018 07:00:00   ;     0,0000
11.11.2018 07:00:00   ;     0,0000
12.11.2018 07:00:00   ;     0,0000
13.11.2018 07:00:00   ;     0,0000
14.11.2018 07:00:00   ;     0,0000
15.11.2018 07:00:00   ;     0,0000
16.11.2018 07:00:00   ;     0,0000
17.11.2018 07:00:00   ;     0,0000
18.11.2018 07:00:00   ;     0,0000
19.11.2018 07:00:00   ;     2,0000
20.11.2018 07:00:00   ;    29,0000
21.11.2018 07:00:00   ;    30,0000
22.11.2018 07:00:00   ;    24,0000
23.11.2018 07:00:00   ;    20,0000
24.11.2018 07:00:00   ;    15,0000
25.11.2018 07:00:00   ;    11,0000
26.11.2018 07:00:00   ;    12,0000
27.11.2018 07:00:00   ;    13,0000
28.11.2018 07:00:00   ;    11,0000
29.11.2018 07:00:00   ;     9,0000
30.11.2018 07:00:00   ;     8,0000
01.12.2018 07:00:00   ;     8,0000
02.12.2018 07:00:00   ;     7,0000
03.12.2018 07:00:00   ;     6,0000
04.12.2018 07:00:00   ;     5,0000
05.12.2018 07:00:00   ;     4,0000
06.12.2018 07:00:00   ;     3,0000
07.12.2018 07:00:00   ;     3,0000
08.12.2018 07:00:00   ;     4,0000
09.12.2018 07:00:00   ;     4,0000
10.12.2018 07:00:00   ;     3,0000
11.12.2018 07:00:00   ;     3,0000
12.12.2018 07:00:00   ;     3,0000
13.12.2018 07:00:00   ;     3,0000
14.12.2018 07:00:00   ;    13,0000
15.12.2018 07:00:00   ;    16,0000
16.12.2018 07:00:00   ;    14,0000
17.12.2018 07:00:00   ;    13,0000
18.12.2018 07:00:00   ;    12,0000
19.12.2018 07:00:00   ;    11,0000
20.12.2018 07:00:00   ;    11,0000
21.12.2018 07:00:00   ;    10,0000
22.12.2018 07:00:00   ;    10,0000
23.12.2018 07:00:00   ;    10,0000
24.12.2018 07:00:00   ;    10,0000
25.12.2018 07:00:00   ;     9,0000
26.12.2018 07:00:00   ;     9,0000
27.12.2018 07:00:00   ;     8,0000
28.12.2018 07:00:00   ;     8,0000
29.12.2018 07:00:00   ;     8,0000
30.12.2018 07:00:00   ;     8,0000
31.12.2018 07:00:00   ;     8,0000
01.01.2019 07:00:00   ;     8,0000
02.01.2019 07:00:00   ;     8,0000
03.01.2019 07:00:00   ;     8,0000
04.01.2019 07:00:00   ;     8,0000
05.01.2019 07:00:00   ;     8,0000
06.01.2019 07:00:00   ;     7,0000
07.01.2019 07:00:00   ;     7,0000
08.01.2019 07:00:00   ;     7,0000
09.01.2019 07:00:00   ;     7,0000
10.01.2019 07:00:00   ;     7,0000
11.01.2019 07:00:00   ;     7,0000
12.01.2019 07:00:00   ;     7,0000
13.01.2019 07:00:00   ;     6,0000
14.01.2019 07:00:00   ;     7,0000
15.01.2019 07:00:00   ;     9,0000
16.01.2019 07:00:00   ;     9,0000
17.01.2019 07:00:00   ;     8,0000
18.01.2019 07:00:00   ;    21,0000
19.01.2019 07:00:00   ;    36,0000
20.01.2019 07:00:00   ;    35,0000
21.01.2019 07:00:00   ;    32,0000
22.01.2019 07:00:00   ;    31,0000
23.01.2019 07:00:00   ;    35,0000
24.01.2019 07:00:00   ;    39,0000
25.01.2019 07:00:00   ;    37,0000
26.01.2019 07:00:00   ;    34,0000
27.01.2019 07:00:00   ;    32,0000
28.01.2019 07:00:00   ;    53,0000
29.01.2019 07:00:00   ;    66,0000
30.01.2019 07:00:00   ;    57,0000
31.01.2019 07:00:00   ;    53,0000
01.02.2019 07:00:00   ;    53,0000
02.02.2019 07:00:00   ;    33,0000
03.02.2019 07:00:00   ;    38,0000
04.02.2019 07:00:00   ;    39,0000
05.02.2019 07:00:00   ;    38,0000
06.02.2019 07:00:00   ;    38,0000
07.02.2019 07:00:00   ;    38,0000
08.02.2019 07:00:00   ;    37,0000
09.02.2019 07:00:00   ;    37,0000
10.02.2019 07:00:00   ;    36,0000
11.02.2019 07:00:00   ;    50,0000
12.02.2019 07:00:00   ;    48,0000
13.02.2019 07:00:00   ;    46,0000
14.02.2019 07:00:00   ;    45,0000
15.02.2019 07:00:00   ;    45,0000
16.02.2019 07:00:00   ;    45,0000
17.02.2019 07:00:00   ;    45,0000
18.02.2019 07:00:00   ;    44,0000
19.02.2019 07:00:00   ;    44,0000
20.02.2019 07:00:00   ;    43,0000
21.02.2019 07:00:00   ;    43,0000
22.02.2019 07:00:00   ;    43,0000
23.02.2019 07:00:00   ;    42,0000
24.02.2019 07:00:00   ;    40,0000
25.02.2019 07:00:00   ;    37,0000
26.02.2019 07:00:00   ;    35,0000
27.02.2019 07:00:00   ;    33,0000
28.02.2019 07:00:00   ;    30,0000
01.03.2019 07:00:00   ;    29,0000
02.03.2019 07:00:00   ;    28,0000
03.03.2019 07:00:00   ;    27,0000
04.03.2019 07:00:00   ;    26,0000
05.03.2019 07:00:00   ;    25,0000
06.03.2019 07:00:00   ;    23,0000
07.03.2019 07:00:00   ;    20,0000
08.03.2019 07:00:00   ;    17,0000
09.03.2019 07:00:00   ;    14,0000
10.03.2019 07:00:00   ;    10,0000
11.03.2019 07:00:00   ;     6,0000
12.03.2019 07:00:00   ;     0,0000
13.03.2019 07:00:00   ;     0,0000
14.03.2019 07:00:00   ;     3,0000
15.03.2019 07:00:00   ;     0,0000
16.03.2019 07:00:00   ;     0,0000
17.03.2019 07:00:00   ;     0,0000
18.03.2019 07:00:00   ;    10,0000
19.03.2019 07:00:00   ;    34,0000
20.03.2019 07:00:00   ;    26,0000
21.03.2019 07:00:00   ;    22,0000
22.03.2019 07:00:00   ;    18,0000
23.03.2019 07:00:00   ;    15,0000
24.03.2019 07:00:00   ;    11,0000
25.03.2019 07:00:00   ;     8,0000
26.03.2019 07:00:00   ;     9,0000
27.03.2019 07:00:00   ;     4,0000
28.03.2019 07:00:00   ;     0,0000
29.03.2019 07:00:00   ;     0,0000
30.03.2019 07:00:00   ;     0,0000
31.03.2019 07:00:00   ;     0,0000
01.04.2019 07:00:00   ;     0,0000
02.04.2019 07:00:00   ;     0,0000
03.04.2019 07:00:00   ;     0,0000
04.04.2019 07:00:00   ;     0,0000
05.04.2019 07:00:00   ;     0,0000
06.04.2019 07:00:00   ;     0,0000
07.04.2019 07:00:00   ;     0,0000
08.04.2019 07:00:00   ;     0,0000
09.04.2019 07:00:00   ;     0,0000
10.04.2019 07:00:00   ;     0,0000
11.04.2019 07:00:00   ;     0,0000
12.04.2019 07:00:00   ;     0,0000
13.04.2019 07:00:00   ;     0,0000
14.04.2019 07:00:00   ;     0,0000
15.04.2019 07:00:00   ;     0,0000
16.04.2019 07:00:00   ;     0,0000
17.04.2019 07:00:00   ;     0,0000
18.04.2019 07:00:00   ;     0,0000
19.04.2019 07:00:00   ;     0,0000
20.04.2019 07:00:00   ;     0,0000
21.04.2019 07:00:00   ;     0,0000
22.04.2019 07:00:00   ;     0,0000
23.04.2019 07:00:00   ;     0,0000
24.04.2019 07:00:00   ;     0,0000
25.04.2019 07:00:00   ;     0,0000
26.04.2019 07:00:00   ;     0,0000
27.04.2019 07:00:00   ;     0,0000
28.04.2019 07:00:00   ;     0,0000
29.04.2019 07:00:00   ;    10,0000
30.04.2019 07:00:00   ;     8,0000
01.05.2019 07:00:00   ;     0,0000
02.05.2019 07:00:00   ;     0,0000
03.05.2019 07:00:00   ;     0,0000
04.05.2019 07:00:00   ;     0,0000
05.05.2019 07:00:00   ;     0,0000
06.05.2019 07:00:00   ;     0,0000
07.05.2019 07:00:00   ;     0,0000
08.05.2019 07:00:00   ;     0,0000
09.05.2019 07:00:00   ;     0,0000
10.05.2019 07:00:00   ;     0,0000
11.05.2019 07:00:00   ;     0,0000
12.05.2019 07:00:00   ;     0,0000
13.05.2019 07:00:00   ;     0,0000
14.05.2019 07:00:00   ;     0,0000
15.05.2019 07:00:00   ;     0,0000
16.05.2019 07:00:00   ;     0,0000
17.05.2019 07:00:00   ;     0,0000
18.05.2019 07:00:00   ;     0,0000
19.05.2019 07:00:00   ;     0,0000
20.05.2019 07:00:00   ;     0,0000
21.05.2019 07:00:00   ;     0,0000
22.05.2019 07:00:00   ;     0,0000
23.05.2019 07:00:00   ;     0,0000
24.05.2019 07:00:00   ;     0,0000
25.05.2019 07:00:00   ;     0,0000
26.05.2019 07:00:00   ;     0,0000
27.05.2019 07:00:00   ;     0,0000
28.05.2019 07:00:00   ;     0,0000
29.05.2019 07:00:00   ;     0,0000
30.05.2019 07:00:00   ;     0,0000
31.05.2019 07:00:00   ;     0,0000
01.06.2019 07:00:00   ;     0,0000
02.06.2019 07:00:00   ;     0,0000
03.06.2019 07:00:00   ;     0,0000
04.06.2019 07:00:00   ;     0,0000
05.06.2019 07:00:00   ;     0,0000
06.06.2019 07:00:00   ;     0,0000
07.06.2019 07:00:00   ;     0,0000
08.06.2019 07:00:00   ;     0,0000
09.06.2019 07:00:00   ;     0,0000
10.06.2019 07:00:00   ;     0,0000
11.06.2019 07:00:00   ;     0,0000
12.06.2019 07:00:00   ;     0,0000
13.06.2019 07:00:00   ;     0,0000
14.06.2019 07:00:00   ;     0,0000
15.06.2019 07:00:00   ;     0,0000
16.06.2019 07:00:00   ;     0,0000
17.06.2019 07:00:00   ;     0,0000
18.06.2019 07:00:00   ;     0,0000
19.06.2019 07:00:00   ;     0,0000
20.06.2019 07:00:00   ;     0,0000
21.06.2019 07:00:00   ;     0,0000
22.06.2019 07:00:00   ;     0,0000
23.06.2019 07:00:00   ;     0,0000
24.06.2019 07:00:00   ;     0,0000
25.06.2019 07:00:00   ;     0,0000
26.06.2019 07:00:00   ;     0,0000
27.06.2019 07:00:00   ;     0,0000
28.06.2019 07:00:00   ;     0,0000
29.06.2019 07:00:00   ;     0,0000
30.06.2019 07:00:00   ;     0,0000
01.07.2019 07:00:00   ;     0,0000
02.07.2019 07:00:00   ;     0,0000
03.07.2019 07:00:00   ;     0,0000
04.07.2019 07:00:00   ;     0,0000
05.07.2019 07:00:00   ;     0,0000
06.07.2019 07:00:00   ;     0,0000
07.07.2019 07:00:00   ;     0,0000
08.07.2019 07:00:00   ;     0,0000
09.07.2019 07:00:00   ;     0,0000
10.07.2019 07:00:00   ;     0,0000
11.07.2019 07:00:00   ;     0,0000
12.07.2019 07:00:00   ;     0,0000
13.07.2019 07:00:00   ;     0,0000
14.07.2019 07:00:00   ;     0,0000
15.07.2019 07:00:00   ;     0,0000
16.07.2019 07:00:00   ;     0,0000
17.07.2019 07:00:00   ;     0,0000
18.07.2019 07:00:00   ;     0,0000
19.07.2019 07:00:00   ;     0,0000
20.07.2019 07:00:00   ;     0,0000
21.07.2019 07:00:00   ;     0,0000
22.07.2019 07:00:00   ;     0,0000
23.07.2019 07:00:00   ;     0,0000
24.07.2019 07:00:00   ;     0,0000
25.07.2019 07:00:00   ;     0,0000
26.07.2019 07:00:00   ;     0,0000
27.07.2019 07:00:00   ;     0,0000
28.07.2019 07:00:00   ;     0,0000
29.07.2019 07:00:00   ;     0,0000
30.07.2019 07:00:00   ;     0,0000
31.07.2019 07:00:00   ;     0,0000
01.08.2019 07:00:00   ;     0,0000
02.08.2019 07:00:00   ;     0,0000
03.08.2019 07:00:00   ;     0,0000
04.08.2019 07:00:00   ;     0,0000
05.08.2019 07:00:00   ;     0,0000
06.08.2019 07:00:00   ;     0,0000
07.08.2019 07:00:00   ;     0,0000
08.08.2019 07:00:00   ;     0,0000
09.08.2019 07:00:00   ;     0,0000
10.08.2019 07:00:00   ;     0,0000
11.08.2019 07:00:00   ;     0,0000
12.08.2019 07:00:00   ;     0,0000
13.08.2019 07:00:00   ;     0,0000
14.08.2019 07:00:00   ;     0,0000
15.08.2019 07:00:00   ;     0,0000
16.08.2019 07:00:00   ;     0,0000
17.08.2019 07:00:00   ;     0,0000
18.08.2019 07:00:00   ;     0,0000
19.08.2019 07:00:00   ;     0,0000
20.08.2019 07:00:00   ;     0,0000
21.08.2019 07:00:00   ;     0,0000
22.08.2019 07:00:00   ;     0,0000
23.08.2019 07:00:00   ;     0,0000
24.08.2019 07:00:00   ;     0,0000
25.08.2019 07:00:00   ;     0,0000
26.08.2019 07:00:00   ;     0,0000
27.08.2019 07:00:00   ;     0,0000
28.08.2019 07:00:00   ;     0,0000
29.08.2019 07:00:00   ;     0,0000
30.08.2019 07:00:00   ;     0,0000
31.08.2019 07:00:00   ;     0,0000
01.09.2019 07:00:00   ;     0,0000
02.09.2019 07:00:00   ;     0,0000
03.09.2019 07:00:00   ;     0,0000
04.09.2019 07:00:00   ;     0,0000
05.09.2019 07:00:00   ;     0,0000
06.09.2019 07:00:00   ;     0,0000
07.09.2019 07:00:00   ;     0,0000
08.09.2019 07:00:00   ;     0,0000
09.09.2019 07:00:00   ;     0,0000
10.09.2019 07:00:00   ;     0,0000
11.09.2019 07:00:00   ;     0,0000
12.09.2019 07:00:00   ;     0,0000
13.09.2019 07:00:00   ;     0,0000
14.09.2019 07:00:00   ;     0,0000
15.09.2019 07:00:00   ;     0,0000
16.09.2019 07:00:00   ;     0,0000
17.09.2019 07:00:00   ;     0,0000
18.09.2019 07:00:00   ;     0,0000
19.09.2019 07:00:00   ;     0,0000
20.09.2019 07:00:00   ;     0,0000
21.09.2019 07:00:00   ;     0,0000
22.09.2019 07:00:00   ;     0,0000
23.09.2019 07:00:00   ;     0,0000
24.09.2019 07:00:00   ;     0,0000
25.09.2019 07:00:00   ;     0,0000
26.09.2019 07:00:00   ;     0,0000
27.09.2019 07:00:00   ;     0,0000
28.09.2019 07:00:00   ;     0,0000
29.09.2019 07:00:00   ;     0,0000
30.09.2019 07:00:00   ;     0,0000
01.10.2019 07:00:00   ;     0,0000
02.10.2019 07:00:00   ;     0,0000
03.10.2019 07:00:00   ;     0,0000
04.10.2019 07:00:00   ;     0,0000
05.10.2019 07:00:00   ;     0,0000
06.10.2019 07:00:00   ;     0,0000
07.10.2019 07:00:00   ;     0,0000
08.10.2019 07:00:00   ;     0,0000
09.10.2019 07:00:00   ;     0,0000
10.10.2019 07:00:00   ;     0,0000
11.10.2019 07:00:00   ;     0,0000
12.10.2019 07:00:00   ;     0,0000
13.10.2019 07:00:00   ;     0,0000
14.10.2019 07:00:00   ;     0,0000
15.10.2019 07:00:00   ;     0,0000
16.10.2019 07:00:00   ;     0,0000
17.10.2019 07:00:00   ;     0,0000
18.10.2019 07:00:00   ;     0,0000
19.10.2019 07:00:00   ;     0,0000
20.10.2019 07:00:00   ;     0,0000
21.10.2019 07:00:00   ;     0,0000
22.10.2019 07:00:00   ;     0,0000
23.10.2019 07:00:00   ;     0,0000
24.10.2019 07:00:00   ;     0,0000
25.10.2019 07:00:00   ;     0,0000
26.10.2019 07:00:00   ;     0,0000
27.10.2019 07:00:00   ;     0,0000
28.10.2019 07:00:00   ;     0,0000
29.10.2019 07:00:00   ;     0,0000
30.10.2019 07:00:00   ;     0,0000
31.10.2019 07:00:00   ;     2,0000
01.11.2019 07:00:00   ;     2,0000
02.11.2019 07:00:00   ;     0,0000
03.11.2019 07:00:00   ;     0,0000
04.11.2019 07:00:00   ;     0,0000
05.11.2019 07:00:00   ;     0,0000
06.11.2019 07:00:00   ;     0,0000
07.11.2019 07:00:00   ;     0,0000
08.11.2019 07:00:00   ;     0,0000
09.11.2019 07:00:00   ;     0,0000
10.11.2019 07:00:00   ;     0,0000
11.11.2019 07:00:00   ;     0,0000
12.11.2019 07:00:00   ;     0,0000
13.11.2019 07:00:00   ;     0,0000
14.11.2019 07:00:00   ;    14,0000
15.11.2019 07:00:00   ;    11,0000
16.11.2019 07:00:00   ;     0,0000
17.11.2019 07:00:00   ;     0,0000
18.11.2019 07:00:00   ;     0,0000
19.11.2019 07:00:00   ;     0,0000
20.11.2019 07:00:00   ;     0,0000
21.11.2019 07:00:00   ;     0,0000
22.11.2019 07:00:00   ;     0,0000
23.11.2019 07:00:00   ;     0,0000
24.11.2019 07:00:00   ;     0,0000
25.11.2019 07:00:00   ;     0,0000
26.11.2019 07:00:00   ;     0,0000
27.11.2019 07:00:00   ;     0,0000
28.11.2019 07:00:00   ;     0,0000
29.11.2019 07:00:00   ;     0,0000
30.11.2019 07:00:00   ;     0,0000
01.12.2019 07:00:00   ;     0,0000
02.12.2019 07:00:00   ;     0,0000
03.12.2019 07:00:00   ;     0,0000
04.12.2019 07:00:00   ;     0,0000
05.12.2019 07:00:00   ;     0,0000
06.12.2019 07:00:00   ;     0,0000
07.12.2019 07:00:00   ;     0,0000
08.12.2019 07:00:00   ;     0,0000
09.12.2019 07:00:00   ;     0,0000
10.12.2019 07:00:00   ;     5,0000
11.12.2019 07:00:00   ;     4,0000
12.12.2019 07:00:00   ;     4,0000
13.12.2019 07:00:00   ;     8,0000
14.12.2019 07:00:00   ;    21,0000
15.12.2019 07:00:00   ;    20,0000
16.12.2019 07:00:00   ;    12,0000
17.12.2019 07:00:00   ;     0,0000
18.12.2019 07:00:00   ;     0,0000
19.12.2019 07:00:00   ;     0,0000
20.12.2019 07:00:00   ;     0,0000
21.12.2019 07:00:00   ;     0,0000
22.12.2019 07:00:00   ;     0,0000
23.12.2019 07:00:00   ;    16,0000
24.12.2019 07:00:00   ;    14,0000
25.12.2019 07:00:00   ;    14,0000
26.12.2019 07:00:00   ;    15,0000
27.12.2019 07:00:00   ;    15,0000
28.12.2019 07:00:00   ;    15,0000
29.12.2019 07:00:00   ;    14,0000
30.12.2019 07:00:00   ;    14,0000
31.12.2019 07:00:00   ;    14,0000
01.01.2020 07:00:00   ;    14,0000
02.01.2020 07:00:00   ;    14,0000
03.01.2020 07:00:00   ;    14,0000
04.01.2020 07:00:00   ;    14,0000
05.01.2020 07:00:00   ;    14,0000
06.01.2020 07:00:00   ;    14,0000
07.01.2020 07:00:00   ;    14,0000
08.01.2020 07:00:00   ;    14,0000
09.01.2020 07:00:00   ;    14,0000
10.01.2020 07:00:00   ;    14,0000
11.01.2020 07:00:00   ;    14,0000
12.01.2020 07:00:00   ;    14,0000
13.01.2020 07:00:00   ;    14,0000
14.01.2020 07:00:00   ;    14,0000
15.01.2020 07:00:00   ;    14,0000
16.01.2020 07:00:00   ;    14,0000
17.01.2020 07:00:00   ;    14,0000
18.01.2020 07:00:00   ;    14,0000
19.01.2020 07:00:00   ;    17,0000
20.01.2020 07:00:00   ;    16,0000
21.01.2020 07:00:00   ;    16,0000
22.01.2020 07:00:00   ;    15,0000
23.01.2020 07:00:00   ;    15,0000
24.01.2020 07:00:00   ;    15,0000
25.01.2020 07:00:00   ;    15,0000
26.01.2020 07:00:00   ;    15,0000
27.01.2020 07:00:00   ;    15,0000
28.01.2020 07:00:00   ;    12,0000
29.01.2020 07:00:00   ;    15,0000
30.01.2020 07:00:00   ;    14,0000
31.01.2020 07:00:00   ;    14,0000
01.02.2020 07:00:00   ;    13,0000
02.02.2020 07:00:00   ;    13,0000
03.02.2020 07:00:00   ;    12,0000
04.02.2020 07:00:00   ;    10,0000
05.02.2020 07:00:00   ;    11,0000
06.02.2020 07:00:00   ;    11,0000
07.02.2020 07:00:00   ;    10,0000
08.02.2020 07:00:00   ;     9,0000
09.02.2020 07:00:00   ;     8,0000
10.02.2020 07:00:00   ;     7,0000
11.02.2020 07:00:00   ;     5,0000
12.02.2020 07:00:00   ;     3,0000
13.02.2020 07:00:00   ;     0,0000
14.02.2020 07:00:00   ;     0,0000
15.02.2020 07:00:00   ;     0,0000
16.02.2020 07:00:00   ;     0,0000
17.02.2020 07:00:00   ;     0,0000
18.02.2020 07:00:00   ;     0,0000
19.02.2020 07:00:00   ;     0,0000
20.02.2020 07:00:00   ;     0,0000
21.02.2020 07:00:00   ;     0,0000
22.02.2020 07:00:00   ;     0,0000
23.02.2020 07:00:00   ;     0,0000
24.02.2020 07:00:00   ;     0,0000
25.02.2020 07:00:00   ;     0,0000
26.02.2020 07:00:00   ;     0,0000
27.02.2020 07:00:00   ;    28,0000
28.02.2020 07:00:00   ;    24,0000
29.02.2020 07:00:00   ;    20,0000
01.03.2020 07:00:00   ;    16,0000
02.03.2020 07:00:00   ;     8,0000
03.03.2020 07:00:00   ;    17,0000
04.03.2020 07:00:00   ;    14,0000
05.03.2020 07:00:00   ;    13,0000
06.03.2020 07:00:00   ;    30,0000
07.03.2020 07:00:00   ;    33,0000
08.03.2020 07:00:00   ;    28,0000
09.03.2020 07:00:00   ;    26,0000
10.03.2020 07:00:00   ;    24,0000
11.03.2020 07:00:00   ;    20,0000
12.03.2020 07:00:00   ;    18,0000
13.03.2020 07:00:00   ;    13,0000
14.03.2020 07:00:00   ;     9,0000
15.03.2020 07:00:00   ;     5,0000
16.03.2020 07:00:00   ;     4,0000
17.03.2020 07:00:00   ;     0,0000
18.03.2020 07:00:00   ;     0,0000
19.03.2020 07:00:00   ;     0,0000
20.03.2020 07:00:00   ;     0,0000
21.03.2020 07:00:00   ;     0,0000
22.03.2020 07:00:00   ;     4,0000
23.03.2020 07:00:00   ;     3,0000
24.03.2020 07:00:00   ;     0,0000
25.03.2020 07:00:00   ;     0,0000
26.03.2020 07:00:00   ;    11,0000
27.03.2020 07:00:00   ;    20,0000
28.03.2020 07:00:00   ;    15,0000
29.03.2020 07:00:00   ;     8,0000
30.03.2020 07:00:00   ;    17,0000
31.03.2020 07:00:00   ;    23,0000
01.04.2020 07:00:00   ;    18,0000
02.04.2020 07:00:00   ;    13,0000
03.04.2020 07:00:00   ;     9,0000
04.04.2020 07:00:00   ;     6,0000
05.04.2020 07:00:00   ;     3,0000
06.04.2020 07:00:00   ;     0,0000
07.04.2020 07:00:00   ;     0,0000
08.04.2020 07:00:00   ;     0,0000
09.04.2020 07:00:00   ;     0,0000
10.04.2020 07:00:00   ;     0,0000
11.04.2020 07:00:00   ;     0,0000
12.04.2020 07:00:00   ;     0,0000
13.04.2020 07:00:00   ;     0,0000
14.04.2020 07:00:00   ;     0,0000
15.04.2020 07:00:00   ;     0,0000
16.04.2020 07:00:00   ;     0,0000
17.04.2020 07:00:00   ;     0,0000
18.04.2020 07:00:00   ;     0,0000
19.04.2020 07:00:00   ;     0,0000
20.04.2020 07:00:00   ;     0,0000
21.04.2020 07:00:00   ;     0,0000
22.04.2020 07:00:00   ;     0,0000
23.04.2020 07:00:00   ;     0,0000
24.04.2020 07:00:00   ;     0,0000
25.04.2020 07:00:00   ;     0,0000
26.04.2020 07:00:00   ;     0,0000
27.04.2020 07:00:00   ;     0,0000
28.04.2020 07:00:00   ;     0,0000
29.04.2020 07:00:00   ;     0,0000
30.04.2020 07:00:00   ;     0,0000
01.05.2020 07:00:00   ;     0,0000
02.05.2020 07:00:00   ;     0,0000
03.05.2020 07:00:00   ;     0,0000
04.05.2020 07:00:00   ;     0,0000
05.05.2020 07:00:00   ;     0,0000
06.05.2020 07:00:00   ;     0,0000
07.05.2020 07:00:00   ;     0,0000
08.05.2020 07:00:00   ;     0,0000
09.05.2020 07:00:00   ;     0,0000
10.05.2020 07:00:00   ;     0,0000
11.05.2020 07:00:00   ;     0,0000
12.05.2020 07:00:00   ;     0,0000
13.05.2020 07:00:00   ;     0,0000
14.05.2020 07:00:00   ;     0,0000
15.05.2020 07:00:00   ;     0,0000
16.05.2020 07:00:00   ;     0,0000
17.05.2020 07:00:00   ;     0,0000
18.05.2020 07:00:00   ;     0,0000
19.05.2020 07:00:00   ;     0,0000
20.05.2020 07:00:00   ;     0,0000
21.05.2020 07:00:00   ;     0,0000
22.05.2020 07:00:00   ;     0,0000
23.05.2020 07:00:00   ;     0,0000
24.05.2020 07:00:00   ;     0,0000
25.05.2020 07:00:00   ;     0,0000
26.05.2020 07:00:00   ;     0,0000
27.05.2020 07:00:00   ;     0,0000
28.05.2020 07:00:00   ;     0,0000
29.05.2020 07:00:00   ;     0,0000
30.05.2020 07:00:00   ;     0,0000
31.05.2020 07:00:00   ;     0,0000
01.06.2020 07:00:00   ;     0,0000
02.06.2020 07:00:00   ;     0,0000
03.06.2020 07:00:00   ;     0,0000
04.06.2020 07:00:00   ;     0,0000
05.06.2020 07:00:00   ;     0,0000
06.06.2020 07:00:00   ;     0,0000
07.06.2020 07:00:00   ;     0,0000
08.06.2020 07:00:00   ;     0,0000
09.06.2020 07:00:00   ;     0,0000
10.06.2020 07:00:00   ;     0,0000
11.06.2020 07:00:00   ;     0,0000
12.06.2020 07:00:00   ;     0,0000
13.06.2020 07:00:00   ;     0,0000
14.06.2020 07:00:00   ;     0,0000
15.06.2020 07:00:00   ;     0,0000
16.06.2020 07:00:00   ;     0,0000
17.06.2020 07:00:00   ;     0,0000
18.06.2020 07:00:00   ;     0,0000
19.06.2020 07:00:00   ;     0,0000
20.06.2020 07:00:00   ;     0,0000
21.06.2020 07:00:00   ;     0,0000
22.06.2020 07:00:00   ;     0,0000
23.06.2020 07:00:00   ;     0,0000
24.06.2020 07:00:00   ;     0,0000
25.06.2020 07:00:00   ;     0,0000
26.06.2020 07:00:00   ;     0,0000
27.06.2020 07:00:00   ;     0,0000
28.06.2020 07:00:00   ;     0,0000
29.06.2020 07:00:00   ;     0,0000
30.06.2020 07:00:00   ;     0,0000
01.07.2020 07:00:00   ;     0,0000
02.07.2020 07:00:00   ;     0,0000
03.07.2020 07:00:00   ;     0,0000
04.07.2020 07:00:00   ;     0,0000
05.07.2020 07:00:00   ;     0,0000
06.07.2020 07:00:00   ;     0,0000
07.07.2020 07:00:00   ;     0,0000
08.07.2020 07:00:00   ;     0,0000
09.07.2020 07:00:00   ;     0,0000
10.07.2020 07:00:00   ;     0,0000
11.07.2020 07:00:00   ;     0,0000
12.07.2020 07:00:00   ;     0,0000
13.07.2020 07:00:00   ;     0,0000
14.07.2020 07:00:00   ;     0,0000
15.07.2020 07:00:00   ;     0,0000
16.07.2020 07:00:00   ;     0,0000
17.07.2020 07:00:00   ;     0,0000
18.07.2020 07:00:00   ;     0,0000
19.07.2020 07:00:00   ;     0,0000
20.07.2020 07:00:00   ;     0,0000
21.07.2020 07:00:00   ;     0,0000
22.07.2020 07:00:00   ;     0,0000
23.07.2020 07:00:00   ;     0,0000
24.07.2020 07:00:00   ;     0,0000
25.07.2020 07:00:00   ;     0,0000
26.07.2020 07:00:00   ;     0,0000
27.07.2020 07:00:00   ;     0,0000
28.07.2020 07:00:00   ;     0,0000
29.07.2020 07:00:00   ;     0,0000
30.07.2020 07:00:00   ;     0,0000
31.07.2020 07:00:00   ;     0,0000
01.08.2020 07:00:00   ;     0,0000
02.08.2020 07:00:00   ;     0,0000
03.08.2020 07:00:00   ;     0,0000
04.08.2020 07:00:00   ;     0,0000
05.08.2020 07:00:00   ;     0,0000
06.08.2020 07:00:00   ;     0,0000
07.08.2020 07:00:00   ;     0,0000
08.08.2020 07:00:00   ;     0,0000
09.08.2020 07:00:00   ;     0,0000
10.08.2020 07:00:00   ;     0,0000
11.08.2020 07:00:00   ;     0,0000
12.08.2020 07:00:00   ;     0,0000
13.08.2020 07:00:00   ;     0,0000
14.08.2020 07:00:00   ;     0,0000
15.08.2020 07:00:00   ;     0,0000
16.08.2020 07:00:00   ;     0,0000
17.08.2020 07:00:00   ;     0,0000
18.08.2020 07:00:00   ;     0,0000
19.08.2020 07:00:00   ;     0,0000
20.08.2020 07:00:00   ;     0,0000
21.08.2020 07:00:00   ;     0,0000
22.08.2020 07:00:00   ;     0,0000
23.08.2020 07:00:00   ;     0,0000
24.08.2020 07:00:00   ;     0,0000
25.08.2020 07:00:00   ;     0,0000
26.08.2020 07:00:00   ;     0,0000
27.08.2020 07:00:00   ;     0,0000
28.08.2020 07:00:00   ;     0,0000
29.08.2020 07:00:00   ;     0,0000
30.08.2020 07:00:00   ;     0,0000
31.08.2020 07:00:00   ;     0,0000
01.09.2020 07:00:00   ;     0,0000
02.09.2020 07:00:00   ;     0,0000
03.09.2020 07:00:00   ;     0,0000
04.09.2020 07:00:00   ;     0,0000
05.09.2020 07:00:00   ;     0,0000
06.09.2020 07:00:00   ;     0,0000
07.09.2020 07:00:00   ;     0,0000
08.09.2020 07:00:00   ;     0,0000
09.09.2020 07:00:00   ;     0,0000
10.09.2020 07:00:00   ;     0,0000
11.09.2020 07:00:00   ;     0,0000
12.09.2020 07:00:00   ;     0,0000
13.09.2020 07:00:00   ;     0,0000
14.09.2020 07:00:00   ;     0,0000
15.09.2020 07:00:00   ;     0,0000
16.09.2020 07:00:00   ;     0,0000
17.09.2020 07:00:00   ;     0,0000
18.09.2020 07:00:00   ;     0,0000
19.09.2020 07:00:00   ;     0,0000
20.09.2020 07:00:00   ;     0,0000
21.09.2020 07:00:00   ;     0,0000
22.09.2020 07:00:00   ;     0,0000
23.09.2020 07:00:00   ;     0,0000
24.09.2020 07:00:00   ;     0,0000
25.09.2020 07:00:00   ;     0,0000
26.09.2020 07:00:00   ;     0,0000
27.09.2020 07:00:00   ;     0,0000
28.09.2020 07:00:00   ;     0,0000
29.09.2020 07:00:00   ;     0,0000
30.09.2020 07:00:00   ;     0,0000
01.10.2020 07:00:00   ;     0,0000
02.10.2020 07:00:00   ;     0,0000
03.10.2020 07:00:00   ;     0,0000
04.10.2020 07:00:00   ;     0,0000
05.10.2020 07:00:00   ;     0,0000
06.10.2020 07:00:00   ;     0,0000
07.10.2020 07:00:00   ;     0,0000
08.10.2020 07:00:00   ;     0,0000
09.10.2020 07:00:00   ;     0,0000
10.10.2020 07:00:00   ;     0,0000
11.10.2020 07:00:00   ;     0,0000
12.10.2020 07:00:00   ;    15,0000
13.10.2020 07:00:00   ;    13,0000
14.10.2020 07:00:00   ;    11,0000
15.10.2020 07:00:00   ;     9,0000
16.10.2020 07:00:00   ;    15,0000
17.10.2020 07:00:00   ;    12,0000
18.10.2020 07:00:00   ;     9,0000
19.10.2020 07:00:00   ;     6,0000
20.10.2020 07:00:00   ;     0,0000
21.10.2020 07:00:00   ;     0,0000
22.10.2020 07:00:00   ;     0,0000
23.10.2020 07:00:00   ;     0,0000
24.10.2020 07:00:00   ;     0,0000
25.10.2020 07:00:00   ;     0,0000
26.10.2020 07:00:00   ;     0,0000
27.10.2020 07:00:00   ;     0,0000
28.10.2020 07:00:00   ;     0,0000
29.10.2020 07:00:00   ;     0,0000
30.10.2020 07:00:00   ;     0,0000
31.10.2020 07:00:00   ;     0,0000
01.11.2020 07:00:00   ;     0,0000
02.11.2020 07:00:00   ;     0,0000
03.11.2020 07:00:00   ;     0,0000
04.11.2020 07:00:00   ;     0,0000
05.11.2020 07:00:00   ;     0,0000
06.11.2020 07:00:00   ;     0,0000
07.11.2020 07:00:00   ;     0,0000
08.11.2020 07:00:00   ;     0,0000
09.11.2020 07:00:00   ;     0,0000
10.11.2020 07:00:00   ;     0,0000
11.11.2020 07:00:00   ;     0,0000
12.11.2020 07:00:00   ;     1,0000
13.11.2020 07:00:00   ;     0,0000
14.11.2020 07:00:00   ;     0,0000
15.11.2020 07:00:00   ;     0,0000
16.11.2020 07:00:00   ;     0,0000
17.11.2020 07:00:00   ;     0,0000
18.11.2020 07:00:00   ;     0,0000
19.11.2020 07:00:00   ;     0,0000
20.11.2020 07:00:00   ;     0,0000
21.11.2020 07:00:00   ;     0,0000
22.11.2020 07:00:00   ;     0,0000
23.11.2020 07:00:00   ;     0,0000
24.11.2020 07:00:00   ;     0,0000
25.11.2020 07:00:00   ;     0,0000
26.11.2020 07:00:00   ;     0,0000
27.11.2020 07:00:00   ;     0,0000
28.11.2020 07:00:00   ;     0,0000
29.11.2020 07:00:00   ;     0,0000
30.11.2020 07:00:00   ;     0,0000
01.12.2020 07:00:00   ;     0,0000
02.12.2020 07:00:00   ;     0,0000
03.12.2020 07:00:00   ;    45,0000
04.12.2020 07:00:00   ;    29,0000
05.12.2020 07:00:00   ;    13,0000
06.12.2020 07:00:00   ;     0,0000
07.12.2020 07:00:00   ;     0,0000
08.12.2020 07:00:00   ;     6,0000
09.12.2020 07:00:00   ;    49,0000
10.12.2020 07:00:00   ;    57,0000
11.12.2020 07:00:00   ;    50,0000
12.12.2020 07:00:00   ;    47,0000
13.12.2020 07:00:00   ;    45,0000
14.12.2020 07:00:00   ;    44,0000
15.12.2020 07:00:00   ;    43,0000
16.12.2020 07:00:00   ;    42,0000
17.12.2020 07:00:00   ;    41,0000
18.12.2020 07:00:00   ;    40,0000
19.12.2020 07:00:00   ;    38,0000
20.12.2020 07:00:00   ;    36,0000
21.12.2020 07:00:00   ;    35,0000
22.12.2020 07:00:00   ;    34,0000
23.12.2020 07:00:00   ;    34,0000
24.12.2020 07:00:00   ;    30,0000
25.12.2020 07:00:00   ;    37,0000
26.12.2020 07:00:00   ;    38,0000
27.12.2020 07:00:00   ;    37,0000
28.12.2020 07:00:00   ;    36,0000
29.12.2020 07:00:00   ;    78,0000
30.12.2020 07:00:00   ;    97,0000
31.12.2020 07:00:00   ;   102,0000
01.01.2021 07:00:00   ;    88,0000
02.01.2021 07:00:00   ;    93,0000
03.01.2021 07:00:00   ;   109,0000
04.01.2021 07:00:00   ;   102,0000
05.01.2021 07:00:00   ;   101,0000
06.01.2021 07:00:00   ;   113,0000
07.01.2021 07:00:00   ;   111,0000
08.01.2021 07:00:00   ;   109,0000
09.01.2021 07:00:00   ;   107,0000
10.01.2021 07:00:00   ;   105,0000
11.01.2021 07:00:00   ;   104,0000
12.01.2021 07:00:00   ;   103,0000
13.01.2021 07:00:00   ;   102,0000
14.01.2021 07:00:00   ;   100,0000
15.01.2021 07:00:00   ;    99,0000
16.01.2021 07:00:00   ;    98,0000
17.01.2021 07:00:00   ;    96,0000
18.01.2021 07:00:00   ;    94,0000
19.01.2021 07:00:00   ;    93,0000
20.01.2021 07:00:00   ;    92,0000
21.01.2021 07:00:00   ;    82,0000
22.01.2021 07:00:00   ;    70,0000
23.01.2021 07:00:00   ;    62,0000
24.01.2021 07:00:00   ;    73,0000
25.01.2021 07:00:00   ;    73,0000
26.01.2021 07:00:00   ;    69,0000
27.01.2021 07:00:00   ;    69,0000
28.01.2021 07:00:00   ;    68,0000
29.01.2021 07:00:00   ;    66,0000
30.01.2021 07:00:00   ;    65,0000
31.01.2021 07:00:00   ;    77,0000
01.02.2021 07:00:00   ;    76,0000
02.02.2021 07:00:00   ;    75,0000
03.02.2021 07:00:00   ;    74,0000
04.02.2021 07:00:00   ;    68,0000
05.02.2021 07:00:00   ;    65,0000
06.02.2021 07:00:00   ;    61,0000
07.02.2021 07:00:00   ;    57,0000
08.02.2021 07:00:00   ;    43,0000
09.02.2021 07:00:00   ;    49,0000
10.02.2021 07:00:00   ;    56,0000
11.02.2021 07:00:00   ;    65,0000
12.02.2021 07:00:00   ;    65,0000
13.02.2021 07:00:00   ;    65,0000
14.02.2021 07:00:00   ;    64,0000
15.02.2021 07:00:00   ;    64,0000
16.02.2021 07:00:00   ;    64,0000
17.02.2021 07:00:00   ;    64,0000
18.02.2021 07:00:00   ;    64,0000
19.02.2021 07:00:00   ;    64,0000
20.02.2021 07:00:00   ;    64,0000
21.02.2021 07:00:00   ;    63,0000
22.02.2021 07:00:00   ;    63,0000
23.02.2021 07:00:00   ;    63,0000
24.02.2021 07:00:00   ;    63,0000
25.02.2021 07:00:00   ;    63,0000
26.02.2021 07:00:00   ;    62,0000
27.02.2021 07:00:00   ;    62,0000
28.02.2021 07:00:00   ;    62,0000
01.03.2021 07:00:00   ;    62,0000
02.03.2021 07:00:00   ;    61,0000
03.03.2021 07:00:00   ;    60,0000
04.03.2021 07:00:00   ;    59,0000
05.03.2021 07:00:00   ;    58,0000
06.03.2021 07:00:00   ;    56,0000
07.03.2021 07:00:00   ;    55,0000
08.03.2021 07:00:00   ;    54,0000
09.03.2021 07:00:00   ;    54,0000
10.03.2021 07:00:00   ;    53,0000
11.03.2021 07:00:00   ;    53,0000
12.03.2021 07:00:00   ;    52,0000
13.03.2021 07:00:00   ;    52,0000
14.03.2021 07:00:00   ;    51,0000
15.03.2021 07:00:00   ;    60,0000
16.03.2021 07:00:00   ;    55,0000
17.03.2021 07:00:00   ;    53,0000
18.03.2021 07:00:00   ;    51,0000
19.03.2021 07:00:00   ;    50,0000
20.03.2021 07:00:00   ;    52,0000
21.03.2021 07:00:00   ;    54,0000
22.03.2021 07:00:00   ;    50,0000
23.03.2021 07:00:00   ;    48,0000
24.03.2021 07:00:00   ;    46,0000
25.03.2021 07:00:00   ;    45,0000
26.03.2021 07:00:00   ;    44,0000
27.03.2021 07:00:00   ;    42,0000
28.03.2021 07:00:00   ;    38,0000
29.03.2021 07:00:00   ;    33,0000
30.03.2021 07:00:00   ;    30,0000
31.03.2021 07:00:00   ;    26,0000
01.04.2021 07:00:00   ;    22,0000
02.04.2021 07:00:00   ;    17,0000
03.04.2021 07:00:00   ;     9,0000
04.04.2021 07:00:00   ;     8,0000
05.04.2021 07:00:00   ;     6,0000
06.04.2021 07:00:00   ;    14,0000
07.04.2021 07:00:00   ;    12,0000
08.04.2021 07:00:00   ;     7,0000
09.04.2021 07:00:00   ;     4,0000
10.04.2021 07:00:00   ;     0,0000
11.04.2021 07:00:00   ;     0,0000
12.04.2021 07:00:00   ;     0,0000
13.04.2021 07:00:00   ;    25,0000
14.04.2021 07:00:00   ;    26,0000
15.04.2021 07:00:00   ;    22,0000
16.04.2021 07:00:00   ;    14,0000
17.04.2021 07:00:00   ;     8,0000
18.04.2021 07:00:00   ;     0,0000
19.04.2021 07:00:00   ;     0,0000
20.04.2021 07:00:00   ;     0,0000
21.04.2021 07:00:00   ;     0,0000
22.04.2021 07:00:00   ;     0,0000
23.04.2021 07:00:00   ;     0,0000
24.04.2021 07:00:00   ;     0,0000
25.04.2021 07:00:00   ;     0,0000
26.04.2021 07:00:00   ;     0,0000
27.04.2021 07:00:00   ;     0,0000
28.04.2021 07:00:00   ;     0,0000
29.04.2021 07:00:00   ;     0,0000
30.04.2021 07:00:00   ;     0,0000
01.05.2021 07:00:00   ;     0,0000
02.05.2021 07:00:00   ;     0,0000
03.05.2021 07:00:00   ;     2,0000
04.05.2021 07:00:00   ;     0,0000
05.05.2021 07:00:00   ;     0,0000
06.05.2021 07:00:00   ;     0,0000
07.05.2021 07:00:00   ;     0,0000
08.05.2021 07:00:00   ;     0,0000
09.05.2021 07:00:00   ;     0,0000
10.05.2021 07:00:00   ;     0,0000
11.05.2021 07:00:00   ;     0,0000
12.05.2021 07:00:00   ;     0,0000
13.05.2021 07:00:00   ;     0,0000
14.05.2021 07:00:00   ;     0,0000
15.05.2021 07:00:00   ;     0,0000
16.05.2021 07:00:00   ;     0,0000
17.05.2021 07:00:00   ;     0,0000
18.05.2021 07:00:00   ;     0,0000
19.05.2021 07:00:00   ;     0,0000
20.05.2021 07:00:00   ;     0,0000
21.05.2021 07:00:00   ;     0,0000
22.05.2021 07:00:00   ;     0,0000
23.05.2021 07:00:00   ;     0,0000
24.05.2021 07:00:00   ;     0,0000
25.05.2021 07:00:00   ;     0,0000
26.05.2021 07:00:00   ;     2,0000
27.05.2021 07:00:00   ;     0,0000
28.05.2021 07:00:00   ;     0,0000
29.05.2021 07:00:00   ;     0,0000
30.05.2021 07:00:00   ;     0,0000
31.05.2021 07:00:00   ;     0,0000
01.06.2021 07:00:00   ;     0,0000
02.06.2021 07:00:00   ;     0,0000
03.06.2021 07:00:00   ;     0,0000
04.06.2021 07:00:00   ;     0,0000
05.06.2021 07:00:00   ;     0,0000
06.06.2021 07:00:00   ;     0,0000
07.06.2021 07:00:00   ;     0,0000
08.06.2021 07:00:00   ;     0,0000
09.06.2021 07:00:00   ;     0,0000
10.06.2021 07:00:00   ;     0,0000
11.06.2021 07:00:00   ;     0,0000
12.06.2021 07:00:00   ;     0,0000
13.06.2021 07:00:00   ;     0,0000
14.06.2021 07:00:00   ;     0,0000
15.06.2021 07:00:00   ;     0,0000
16.06.2021 07:00:00   ;     0,0000
17.06.2021 07:00:00   ;     0,0000
18.06.2021 07:00:00   ;     0,0000
19.06.2021 07:00:00   ;     0,0000
20.06.2021 07:00:00   ;     0,0000
21.06.2021 07:00:00   ;     0,0000
22.06.2021 07:00:00   ;     0,0000
23.06.2021 07:00:00   ;     0,0000
24.06.2021 07:00:00   ;     0,0000
25.06.2021 07:00:00   ;     0,0000
26.06.2021 07:00:00   ;     0,0000
27.06.2021 07:00:00   ;     0,0000
28.06.2021 07:00:00   ;     0,0000
29.06.2021 07:00:00   ;     0,0000
30.06.2021 07:00:00   ;     0,0000
01.07.2021 07:00:00   ;     0,0000
02.07.2021 07:00:00   ;     0,0000
03.07.2021 07:00:00   ;     0,0000
04.07.2021 07:00:00   ;     0,0000
05.07.2021 07:00:00   ;     0,0000
06.07.2021 07:00:00   ;     0,0000
07.07.2021 07:00:00   ;     0,0000
08.07.2021 07:00:00   ;     0,0000
09.07.2021 07:00:00   ;     0,0000
10.07.2021 07:00:00   ;     0,0000
11.07.2021 07:00:00   ;     0,0000
12.07.2021 07:00:00   ;     0,0000
13.07.2021 07:00:00   ;     0,0000
14.07.2021 07:00:00   ;     0,0000
15.07.2021 07:00:00   ;     0,0000
16.07.2021 07:00:00   ;     0,0000
17.07.2021 07:00:00   ;     0,0000
18.07.2021 07:00:00   ;     0,0000
19.07.2021 07:00:00   ;     0,0000
20.07.2021 07:00:00   ;     0,0000
21.07.2021 07:00:00   ;     0,0000
22.07.2021 07:00:00   ;     0,0000
23.07.2021 07:00:00   ;     0,0000
24.07.2021 07:00:00   ;     0,0000
25.07.2021 07:00:00   ;     0,0000
26.07.2021 07:00:00   ;     0,0000
27.07.2021 07:00:00   ;     0,0000
28.07.2021 07:00:00   ;     0,0000
29.07.2021 07:00:00   ;     0,0000
30.07.2021 07:00:00   ;     0,0000
31.07.2021 07:00:00   ;     0,0000
01.08.2021 07:00:00   ;     0,0000
02.08.2021 07:00:00   ;     0,0000
03.08.2021 07:00:00   ;     0,0000
04.08.2021 07:00:00   ;     0,0000
05.08.2021 07:00:00   ;     0,0000
06.08.2021 07:00:00   ;     0,0000
07.08.2021 07:00:00   ;     0,0000
08.08.2021 07:00:00   ;     0,0000
09.08.2021 07:00:00   ;     0,0000
10.08.2021 07:00:00   ;     0,0000
11.08.2021 07:00:00   ;     0,0000
12.08.2021 07:00:00   ;     0,0000
13.08.2021 07:00:00   ;     0,0000
14.08.2021 07:00:00   ;     0,0000
15.08.2021 07:00:00   ;     0,0000
16.08.2021 07:00:00   ;     0,0000
17.08.2021 07:00:00   ;     0,0000
18.08.2021 07:00:00   ;     0,0000
19.08.2021 07:00:00   ;     0,0000
20.08.2021 07:00:00   ;     0,0000
21.08.2021 07:00:00   ;     0,0000
22.08.2021 07:00:00   ;     0,0000
23.08.2021 07:00:00   ;     0,0000
24.08.2021 07:00:00   ;     0,0000
25.08.2021 07:00:00   ;     0,0000
26.08.2021 07:00:00   ;     0,0000
27.08.2021 07:00:00   ;     0,0000
28.08.2021 07:00:00   ;     0,0000
29.08.2021 07:00:00   ;     0,0000
30.08.2021 07:00:00   ;     0,0000
31.08.2021 07:00:00   ;     0,0000
01.09.2021 07:00:00   ;     0,0000
02.09.2021 07:00:00   ;     0,0000
03.09.2021 07:00:00   ;     0,0000
04.09.2021 07:00:00   ;     0,0000
05.09.2021 07:00:00   ;     0,0000
06.09.2021 07:00:00   ;     0,0000
07.09.2021 07:00:00   ;     0,0000
08.09.2021 07:00:00   ;     0,0000
09.09.2021 07:00:00   ;     0,0000
10.09.2021 07:00:00   ;     0,0000
11.09.2021 07:00:00   ;     0,0000
12.09.2021 07:00:00   ;     0,0000
13.09.2021 07:00:00   ;     0,0000
14.09.2021 07:00:00   ;     0,0000
15.09.2021 07:00:00   ;     0,0000
16.09.2021 07:00:00   ;     0,0000
17.09.2021 07:00:00   ;     0,0000
18.09.2021 07:00:00   ;     0,0000
19.09.2021 07:00:00   ;     0,0000
20.09.2021 07:00:00   ;     0,0000
21.09.2021 07:00:00   ;     0,0000
22.09.2021 07:00:00   ;     0,0000
23.09.2021 07:00:00   ;     0,0000
24.09.2021 07:00:00   ;     0,0000
25.09.2021 07:00:00   ;     0,0000
26.09.2021 07:00:00   ;     0,0000
27.09.2021 07:00:00   ;     0,0000
28.09.2021 07:00:00   ;     0,0000
29.09.2021 07:00:00   ;     0,0000
30.09.2021 07:00:00   ;     0,0000
01.10.2021 07:00:00   ;     0,0000
02.10.2021 07:00:00   ;     0,0000
03.10.2021 07:00:00   ;     0,0000
04.10.2021 07:00:00   ;     0,0000
05.10.2021 07:00:00   ;     0,0000
06.10.2021 07:00:00   ;     0,0000
07.10.2021 07:00:00   ;     0,0000
08.10.2021 07:00:00   ;     0,0000
09.10.2021 07:00:00   ;     0,0000
10.10.2021 07:00:00   ;     0,0000
11.10.2021 07:00:00   ;     0,0000
12.10.2021 07:00:00   ;     0,0000
13.10.2021 07:00:00   ;     0,0000
14.10.2021 07:00:00   ;     0,0000
15.10.2021 07:00:00   ;     0,0000
16.10.2021 07:00:00   ;     0,0000
17.10.2021 07:00:00   ;     0,0000
18.10.2021 07:00:00   ;     0,0000
19.10.2021 07:00:00   ;     0,0000
20.10.2021 07:00:00   ;     0,0000
21.10.2021 07:00:00   ;     0,0000
22.10.2021 07:00:00   ;     0,0000
23.10.2021 07:00:00   ;     0,0000
24.10.2021 07:00:00   ;     0,0000
25.10.2021 07:00:00   ;     0,0000
26.10.2021 07:00:00   ;     0,0000
27.10.2021 07:00:00   ;     0,0000
28.10.2021 07:00:00   ;     0,0000
29.10.2021 07:00:00   ;     0,0000
30.10.2021 07:00:00   ;     0,0000
31.10.2021 07:00:00   ;     0,0000
01.11.2021 07:00:00   ;     0,0000
02.11.2021 07:00:00   ;     0,0000
03.11.2021 07:00:00   ;     0,0000
04.11.2021 07:00:00   ;     0,0000
05.11.2021 07:00:00   ;     0,0000
06.11.2021 07:00:00   ;     0,0000
07.11.2021 07:00:00   ;     0,0000
08.11.2021 07:00:00   ;     0,0000
09.11.2021 07:00:00   ;     0,0000
10.11.2021 07:00:00   ;     0,0000
11.11.2021 07:00:00   ;     0,0000
12.11.2021 07:00:00   ;     0,0000
13.11.2021 07:00:00   ;     0,0000
14.11.2021 07:00:00   ;     0,0000
15.11.2021 07:00:00   ;     0,0000
16.11.2021 07:00:00   ;     0,0000
17.11.2021 07:00:00   ;     0,0000
18.11.2021 07:00:00   ;     0,0000
19.11.2021 07:00:00   ;     0,0000
20.11.2021 07:00:00   ;     0,0000
21.11.2021 07:00:00   ;     0,0000
22.11.2021 07:00:00   ;     0,0000
23.11.2021 07:00:00   ;     0,0000
24.11.2021 07:00:00   ;     0,0000
25.11.2021 07:00:00   ;     0,0000
26.11.2021 07:00:00   ;     0,0000
27.11.2021 07:00:00   ;    25,0000
28.11.2021 07:00:00   ;    51,0000
29.11.2021 07:00:00   ;    78,0000
30.11.2021 07:00:00   ;    70,0000
01.12.2021 07:00:00   ;    59,0000
02.12.2021 07:00:00   ;    47,0000
03.12.2021 07:00:00   ;    70,0000
04.12.2021 07:00:00   ;    65,0000
05.12.2021 07:00:00   ;    63,0000
06.12.2021 07:00:00   ;    92,0000
07.12.2021 07:00:00   ;    87,0000
08.12.2021 07:00:00   ;    85,0000
09.12.2021 07:00:00   ;   105,0000
10.12.2021 07:00:00   ;   109,0000
11.12.2021 07:00:00   ;   101,0000
12.12.2021 07:00:00   ;   100,0000
13.12.2021 07:00:00   ;    98,0000
14.12.2021 07:00:00   ;    91,0000
15.12.2021 07:00:00   ;    89,0000
16.12.2021 07:00:00   ;    85,0000
17.12.2021 07:00:00   ;    82,0000
18.12.2021 07:00:00   ;    80,0000
19.12.2021 07:00:00   ;    78,0000
20.12.2021 07:00:00   ;    75,0000
21.12.2021 07:00:00   ;    73,0000
22.12.2021 07:00:00   ;    72,0000
23.12.2021 07:00:00   ;    72,0000
24.12.2021 07:00:00   ;    72,0000
25.12.2021 07:00:00   ;    72,0000
26.12.2021 07:00:00   ;    71,0000
27.12.2021 07:00:00   ;    71,0000
28.12.2021 07:00:00   ;    70,0000
29.12.2021 07:00:00   ;    68,0000
30.12.2021 07:00:00   ;    67,0000
31.12.2021 07:00:00   ;    67,0000
01.01.2022 07:00:00   ;Lücke
